Code,idTree,DateField,Genus,Species,Name,Forest,Plot,SubPlot,FieldNbr,Habitat,Type,TreeHeight,TreeDawkins,BranchHeight,BranchDawkins,CrownPosition,DBH,Xutm,Yutm,gmin,tlp,midribVLA,SecondaryVLA,TertiaryVLA,MajVLA,N,C,P,Ca,Na,K,LSWC,SD,fvfm
474,252041,10/05/2021,Tachigali,melinonii,Tachigali_melinonii,Kaw,Kaw,1,38,TF,Generalists,32,5,25,4,Middle,31.49681529,369234,505012.3,2.83280563469117,-1.723675,0.531864898,2.2510998465,3.4602388045,6.2432035485,3.02,51.14,0.801263192307692,3.04319333333333,0.340394166666667,7.11862534615385,1.4396782841823055,352.8911565,0.818
475,252055,10/05/2021,Tachigali,melinonii,Tachigali_melinonii,Kaw,Kaw,1,53,TF,Generalists,25,4,20,4,Low,39.01978137,369242.4,505016.3,3.04535967708691,-1.6437750000000002,0.5586043860000001,2.0029294330000003,5.7677907054999995,8.329324524499999,3.09,52.52,0.734427124496451,4.09919534497091,0.18268744804655,4.31458887396892,1.2867557715674363,433.6734694,0.789
476,252075,10/05/2021,Tachigali,melinonii,Tachigali_melinonii,Kaw,Kaw,1,73,TF,Generalists,25,3,23,3,Middle,35.25477707,369255.1,504995.2,5.343483023195,-1.8615025,0.663802241,2.0216851934999998,9.3418613595,12.027348795,2.92,50.13,0.767682398303451,3.27738680033417,0.241648287385129,6.73045147484095,1.2276879831342233,416.6666667,0.809
477,252028,10/05/2021,Poraqueiba,guianensis,Poraqueiba_guianensis,Kaw,Kaw,1,25,TF,TF,15,2,14,2,Middle,13.66242038,369265.9,504988.2,1.7759314376869,-1.85551,0.182968707,0.9243157909999999,4.558852808999999,5.666137307,1.56,51.64,0.549164862582527,7.8781869594145,0.158427312042581,3.66155224167051,1.575455018200728,476.1904762,0.806
478,252488,10/05/2021,Vouacapoua,americana,Vouacapoua_americana,Kaw,Kaw,1,484,TF,TF,33,5,26,5,Middle,55.02789678,369318.9,505019,2.50771721295714,-2.251015,0.504725335,2.413903141,6.0056860965,8.924314572499998,2.7,53.28,1.10101066564358,3.08597838736492,0.0758046550290939,6.2130926146173,0.9270538243626064,NA,0.75
479,252192,10/05/2021,Iryanthera,sagotiana,Iryanthera_sagotiana,Kaw,Kaw,1,190,TF,TF,18,2,15,2,Middle,32.07006369,369288.9,504971.9,1.26023907659304,-1.8015775000000003,0.3108645895,1.6718619335,5.1673767994999995,7.150103322,2.01,50.18,0.877824280167609,4.38625020822922,0.903142595368982,10.2584960981048,2.0695290858725763,NA,0.822
480,252197,10/05/2021,Poraqueiba,guianensis,Poraqueiba_guianensis,Kaw,Kaw,1,195,TF,TF,18,3,16,2,Middle,16.24203822,369295.7,504967.3,2.32189197675882,-1.9294175000000002,0.1914919775,0.9536699835,5.784691132500001,6.9298530925,1.47,52.64,0.624011214737167,5.65024382097529,0.290074315297261,4.45854243101588,1.4953379953379953,386.9047619,0.799
481,252485,10/05/2021,Hymenopus,heteromorphus,Hymenopus_heteromorphus,Kaw,Kaw,1,481,TF,Generalists,15,4,12,3,Middle,12.80254777,369321.1,505017.4,19.16,-1.4420275,0.438825706,1.9046901264999998,5.5749637795,7.9184796120000005,1.33,50.62,0.459668854598495,5.09874584165003,0.526042082501663,3.8239773913711,1.179816121445371,191.3265306,0.804
482,252326,10/05/2021,Poraqueiba,guianensis,Poraqueiba_guianensis,Kaw,Kaw,1,324,TF,TF,14,3,12,2,High,24.20382166,369316.1,504974.9,2.43216469393809,-1.93541,0.17667588950000002,0.971692622,1.9510474565,3.0994159679999997,1.32,52.01,0.741151465110027,3.33668830088201,0.388211848893327,5.0460562617612,2.1728528269313765,416.6666667,0.805
483,252541,10/05/2021,Iryanthera,sagotiana,Iryanthera_sagotiana,Kaw,Kaw,1,537,TF,TF,13,3,8,3,Middle,15.66878981,369329.5,505030.7,1.46104251510537,-1.6158100000000002,0.293716142,1.6716227080000001,6.9416333770000005,8.906972227,1.83,53.76,0.676248819079074,4.24033283408221,1.01956481943751,6.48889200814163,1.6768261964735514,NA,0.767
484,252542,10/05/2021,Hymenopus,heteromorphus,Hymenopus_heteromorphus,Kaw,Kaw,1,538,TF,Generalists,20,4,17,4,Middle,19.49044586,369329.9,505029,5.89760798189324,-1.6657475,0.4253455,1.76266853,6.3281059115,8.5161199415,1.01,39.61,0.474526875119893,1.46877140482128,0.0305727348295927,4.67219485900633,1.2132701421800947,323.1292517,0.795
485,NA,10/05/2021,Licania,membranacea,Licania_membranacea,Kaw,Kaw,1,Lmx,TF,TF,28,3,26,2,Middle,43.7,369288.92,504948.61,7.70528425704455,-2.259005,0.27243518050000004,1.204587379,2.9901951975,4.4672177565,1.42,47.57,0.427544331478995,6.70218786367415,0.322338320864505,4.71384074429311,1.1720478663355156,NA,0.823
486,252501,10/05/2021,Virola,michelii,Virola_michelii,Kaw,Kaw,1,497,TF,Generalists,23,4,21,4,High,22.89808917,369311.7,505034.9,5.87125035455329,-2.11119,0.3935512645,2.0268119104999998,4.280440683,6.7008038585000005,1.84,54.08,0.467188192307692,7.48394333333333,0.952594166666667,3.01137534615385,1.2060563047078305,NA,0.749
487,NA,10/05/2021,Vouacapoua,americana,Vouacapoua_americana,Kaw,Kaw,1,Vax,TF,TF,34,5,24,3,Low,60,369264.27,504933.62,1.52614950050434,-1.60782,0.310961716,1.5072022015,7.6778656265,9.496029543999999,2.48,56.82,1.78354673904674,1.18662996329663,0.0645587253920587,10.4640894355894,1.4841040462427746,NA,0.814
488,252099,10/05/2021,Poraqueiba,guianensis,Poraqueiba_guianensis,Kaw,Kaw,1,97,TF,TF,20,3,15,2,Low,31.01910828,369275.5,504960.2,2.10649517587697,-1.7116900000000002,0.230099519,1.0455563775,3.1185263140000004,4.39418221,1.23,52.33,0.861486164636966,4.00971275885104,0.341827822311289,4.92948431478341,1.4262553270335374,386.9047619,0.782
489,252025,10/05/2021,Iryanthera,sagotiana,Iryanthera_sagotiana,Kaw,Kaw,1,22,TF,TF,17,2,15,2,Middle,20.41401274,369253.5,504974.3,1.72334366340841,-1.6437750000000002,0.28657056999999997,1.7655730790000002,3.941757494,5.993901143,1.79,54.19,0.63489809039809,4.74919252585919,1.28988405071738,5.06619153769154,1.7738072965388214,161.5646259,0.796
490,252475,10/05/2021,Chrysophyllum,prieurii,Chrysophyllum_prieurii,Kaw,Kaw,1,471,TF,Generalists,12,2,8,2,Low,12.7,369337.5,504999.5,0.381703031830226,-2.1651225,NA,NA,NA,NA,2.75,50.73,0.864492176661015,10.9558550434202,0.327950066800267,7.71906347310005,1.2645273740234677,174.3197279,0.802
491,252565,10/05/2021,Poraqueiba,guianensis,Poraqueiba_guianensis,Kaw,Kaw,1,561,TF,TF,10,2,8,2,Low,10.3,NA,NA,1.55195381004707,-2.4108150000000004,0.316710459,1.2751311529999998,5.766222908,7.3580645195,1.32,50.18,0.464009206116868,5.97290268736438,0.813314137873477,3.45080154847656,1.5082764056752496,459.1836735,0.802
492,252128,10/05/2021,Poraqueiba,guianensis,Poraqueiba_guianensis,Kaw,Kaw,1,126,TF,TF,13,3,12,2,Middle,16.24203822,369272.5,504977.8,2.34409977951494,-2.2550100000000004,0.1893409125,0.9320015265,2.1435216495000002,3.2648640885,1.22,51.95,0.423174779697541,9.5437151909288,0.168778555944639,2.33779424327548,1.4825693110074114,323.1292517,0.821
493,NA,10/05/2021,Virola,michelii,Virola_michelii,Kaw,Kaw,1,Vmx,TF,Generalists,25,5,18,5,High,40,369255.54,505026.38,4.83600472384516,-1.8095675000000002,0.319044976,2.0534279499999997,4.918783753,7.291256679,2.04,53.52,0.981744937244937,6.11505839172506,0.177771938605272,6.95057592207592,1.634539904055822,NA,0.794
494,252179,10/05/2021,Bocoa,prouacensis,Bocoa_prouacensis,Kaw,Kaw,1,177,TF,Generalists,18,2,16,2,Middle,27.38853503,369276.1,504993.3,2.98239052119117,-1.8095675000000002,0.25371592600000004,1.308056633,2.957855346,4.519627905,2.13,52.78,1.04020288797573,0.390757197537028,0.0589557330670661,9.92873224778217,1.3815318539727988,191.3265306,0.817
495,NA,06/10/2021,Hymenopus,heteromorphus,Hymenopus_heteromorphus,Kaw,Kaw,H,142,TF,Generalists,30,4,22,2,Low,45,369179.66,505028.39,2.45548297713513,-1.53591,0.288276596,1.088238075,3.8219578005,5.1984724715,1.44,51.58,0.462431976319533,7.71008828918874,0.19139846743295,4.03185941644562,1.1171290597481298,233.8435374,0.79
496,252169,06/10/2021,Poraqueiba,guianensis,Poraqueiba_guianensis,Kaw,Kaw,1,167,TF,TF,17,3,15,3,High,19.42675159,369271.5,505015,3.40414821881905,-1.8854725,0.208666519,0.9405134185,3.9642087420000003,5.1133886795,1.33,52,0.637944220197594,7.36526070298184,0.450968682325504,5.0760873025026,1.4115888710048285,378.4013605,0.778
497,NA,06/10/2021,Tachigali,melinonii,Tachigali_melinonii,Kaw,Kaw,2,Tmx,TF,Generalists,26,4,18,4,Low,NA,NA,NA,2.40878349659241,-1.723675,0.5261881275,1.9909510264999999,5.195810493,7.7129496465,3.4,52.82,0.810048120127501,3.70962888999834,0.127103511399567,5.72503778946964,1.2556742323097463,476.1904762,0.798
498,252658,06/10/2021,Vouacapoua,americana,Vouacapoua_americana,Kaw,Kaw,2,85,TF,TF,24,3,20,3,Middle,44.58598726,369228,505034.5,4.34816615315989,-2.3369075000000006,0.4214729385,2.3158518685000002,3.856718444,6.5940432515000005,2.43,54.34,0.874700542578982,2.45692179423045,0.278233283308321,3.50387728479624,0.9112903225806451,NA,0.831
499,NA,06/10/2021,Tachigali,melinonii,Tachigali_melinonii,Kaw,Kaw,H,Tmx,TF,Generalists,33,5,31,5,High,NA,NA,NA,2.47687394191352,-1.843525,0.5316479035,2.2109532165,2.8622060979999997,5.6048072179999995,3.34,53.12,0.774713764778136,7.4590252827678,0.0600740186294078,6.2611031398741,1.1639639639639638,450.6802721,0.772
500,NA,06/10/2021,Hymenopus,heteromorphus,Hymenopus_heteromorphus,Kaw,Kaw,H,136,TF,Generalists,21,3,16,3,Middle,22.9,369415.07,504946.41,4.43561266704926,-1.4580075000000001,0.3309212485,1.4577660305000002,4.6873671649999995,6.476054444,1.14,52.93,0.464459273760172,2.3906620093147,0.0936069527611444,3.27856820973438,1.0806218365871294,233.8435374,0.801
501,NA,06/10/2021,Vouacapoua,americana,Vouacapoua_americana,Kaw,Kaw,H,Va1x,TF,TF,25,4,18,3,Low,46,369377.06,504973.33,3.29340661029183,-2.019305,0.46007724299999997,2.3726090314999997,5.406304991500001,8.2389912665,2.16,54.69,0.932297043785799,1.61463601532567,0.191048642345494,4.79172948141314,0.9912049252418645,NA,0.806
502,252513,06/10/2021,Jacaranda,copaia,Jacaranda_copaia subsp. copaia,Kaw,Kaw,1,509,TF,Generalists,8,2,8,2,High,15.57324841,369302.2,505052.5,6.10784215348737,-1.6977075000000001,0.351535696,1.2899722175,3.170028049,4.811535963,2.18,51.95,0.494813192307692,5.32394333333333,1.61334416666667,2.47712534615385,1.8011794439764113,340.1360544,0.83
503,252397,06/10/2021,Tachigali,melinonii,Tachigali_melinonii,Kaw,Kaw,1,395,TF,Generalists,20,4,16,3,Middle,14.36305732,369290.5,505046.8,2.6425186723909,-1.7456475,0.6130022205,2.4358132594999997,6.517996446,9.566811926,2.82,52.52,0.477907377552587,6.25643047238856,0.406780605455755,3.28904725165055,1.4730290456431532,289.1156463,0.82
504,NA,06/10/2021,Jacaranda,copaia,Jacaranda_copaia subsp. copaia,Kaw,Kaw,1,Jcx,TF,Generalists,10,4,9,4,High,14.7,NA,NA,5.91021039008723,-1.4699925,0.257749188,1.1034516245,2.8002290315,4.1614298435,2.51,51.2,0.600763192307693,4.96594333333333,0.771094166666667,2.65512534615385,1.5781594011448703,361.3945578,0.814
505,NA,06/10/2021,Virola,michelii,Virola_michelii,Kaw,Kaw,H,143,TF,Generalists,25,4,16,4,Middle,55,369100.11,505026.53,3.81839172657298,-1.7056975,0.38179562450000004,2.640340127,6.2570498935,9.2791856445,1.91,53.36,0.842420771536156,8.17576756576757,0.355938228438228,6.84677856758626,1.4236592613555965,NA,0.822
506,NA,06/10/2021,Jacaranda,copaia,Jacaranda_copaia subsp. copaia,Kaw,Kaw,H,33,TF,Generalists,32,5,28,5,High,33,369013.73,504986.1,1.62316095876336,-1.3341625000000001,0.434289651,1.9391273715000001,5.007385996,7.3808030185,3.11,53.18,1.15503064633819,3.68217007821601,1.00508653686137,5.12593644149161,2.5832072617246595,493.1972789,0.803
507,NA,06/10/2021,Iryanthera,sagotiana,Iryanthera_sagotiana,Kaw,Kaw,H,34,TF,TF,25,3,18,3,Middle,38.2,369020.52,504998.91,1.58598227226826,-1.5638750000000001,0.29111129999999996,1.4383675865,2.4846374559999997,4.2141163425,1.59,54.13,0.831341546173125,3.39292564745196,1.07728738512949,6.17907302872566,1.6304689252860671,NA,0.808
508,NA,06/10/2021,Jacaranda,copaia,Jacaranda_copaia subsp. copaia,Kaw,Kaw,H,30,TF,Generalists,32,5,30,5,High,45,368845.79,505007.93,4.29892898262743,-1.332165,0.40724033800000004,1.8778784245,5.354192879499999,7.639311642,2.32,53.73,0.868526140027637,3.71875582168995,1.50558300066534,3.45571391831721,2.409278350515464,395.4081633,0.714
510,NA,06/10/2021,Jacaranda,copaia,Jacaranda_copaia subsp. copaia,Kaw,Kaw,H,32,TF,Generalists,17,5,17,5,High,19,368863.54,505006.91,3.71905731863553,-1.2702425000000002,0.464952779,1.9669103795000002,3.6932989215000003,6.1251620795,2.26,53.74,0.860902290017675,2.16927405927406,0.858235930735931,3.51086448167217,2.046802900461437,386.9047619,0.794
511,NA,06/10/2021,Vouacapoua,americana,Vouacapoua_americana,Kaw,Kaw,H,31,TF,TF,23,4,21,2,Middle,49.5,368843.25,505013.8,2.34944461359477,-1.9593800000000001,0.3396008105,1.7649700435,4.3900807685,6.494651622,2.39,54.24,0.812450741566126,1.92651681651682,0.13765651015651,5.97265269346039,NA,NA,0.815
512,NA,06/10/2021,Vouacapoua,americana,Vouacapoua_americana,Kaw,Kaw,H,26,TF,TF,25,3,21,3,Low,49.8,368711.86,504929.87,1.92504543324931,-1.9613775000000002,0.3970878115,2.0254138834999997,5.0841843115,7.506686007,2.21,57.64,0.894368823484208,0.62032301032301,0.16727688977689,5.49313221393991,0.977997799779978,NA,0.827
513,NA,06/10/2021,Vouacapoua,americana,Vouacapoua_americana,Kaw,Kaw,H,29,TF,TF,24,4,22,4,High,35.2,368714.3,504933.41,2.06923295099845,-2.0173075000000003,0.4571823035,2.467071518,6.769980953499999,9.694234775,2.2,50.09,0.674925729442971,1.34327169748459,1.3094394469432,3.49812628301234,1.112668743509865,NA,0.789
514,NA,06/10/2021,Jacaranda,copaia,Jacaranda_copaia subsp. copaia,Kaw,Kaw,H,27,TF,Generalists,21,4,21,4,High,26.5,368711.64,504931.53,11.47,-1.5319150000000001,0.5202512515,1.8361469055,5.665584858,8.021983015,1.65,53.62,0.485906145380382,4.40414540603635,1.19269051192263,2.09417243237003,1.5918456817185445,416.6666667,0.794
515,NA,06/10/2021,Vouacapoua,americana,Vouacapoua_americana,Kaw,Kaw,H,37,TF,TF,24,3,20,3,High,33.9,369018.87,504940.32,1.63284932909949,-1.8535125000000001,0.221490889,1.272050558,3.7161359564999996,5.209677403500001,2.72,53.1,1.3828803119957,1.89604728604729,0.0530910755910756,8.51011523092293,1.2718152866242038,NA,0.801
516,NA,06/10/2021,Vouacapoua,americana,Vouacapoua_americana,Kaw,Kaw,H,39,TF,TF,22,4,10,3,Middle,70,369017.62,504928.49,2.52269129661256,-2.1171825,0.356645523,1.6624832335000002,3.429082536,5.4482112925,3.2,53.43,1.59996321070234,1.24282192237215,0.0655613859736798,8.88418325452658,1.1147790756729306,NA,0.776
517,NA,06/10/2021,Jacaranda,copaia,Jacaranda_copaia subsp. copaia,Kaw,Kaw,H,38,TF,Generalists,26,4,22,4,High,33.1,369024.61,504925.6,6.40657854354453,-1.4180575000000002,0.4024992505,1.693087305,4.079170420500001,6.174756974999999,2.97,54.27,1.03084029304029,2.31422890559733,1.08079615705932,3.17606550992867,2.317934782608696,659.0136054,0.821
518,NA,10/07/2021,Virola,michelii,Virola_michelii,Kaw,Kaw,H,133,TF,Generalists,22,3,18,3,Middle,38.2,NA,NA,5.1619806708383,-1.5598800000000002,0.43340122550000004,2.6084669075,6.626382086,9.6682502195,2.53,53.85,1.23676319230769,4.1639433333333304,0.283794166666667,12.5186253461538,2.1416886543535623,NA,0.853
519,NA,10/07/2021,Hymenopus,heteromorphus,Hymenopus_heteromorphus,Kaw,Kaw,H,134,TF,Generalists,28,3,20,3,Low,60,NA,NA,5.51243493988146,-1.515935,0.3248637195,1.564064783,3.7366138795,5.6255423825,1.19,51.84,0.423988192307692,8.15894333333333,0.365644166666667,2.25362534615385,1.0476190476190477,548.4693878,0.8160000000000001
520,NA,10/07/2021,Iryanthera,sagotiana,Iryanthera_sagotiana,Kaw,Kaw,H,25,TF,TF,18,2,15,3,Middle,22.3,NA,NA,0.96676578611866,-1.6457725,0.3149564775,1.5111536349999999,4.7761971965,6.6023073095000004,1.46,53.39,0.494750067476383,4.65483040935673,1.43568337510443,3.83797027183343,1.5205378522748203,140.3061224,0.859
521,NA,10/07/2021,Iryanthera,sagotiana,Iryanthera_sagotiana,Kaw,Kaw,H,24,TF,TF,24,5,15,4,Low,24.5,NA,NA,2.78454469384356,-1.5458975000000001,NA,NA,NA,NA,1.81,52.79,0.673263192307692,10.2089433333333,0.137144166666667,2.82512534615385,1.2963933415536373,144.5578231,0.86
522,NA,10/07/2021,Iryanthera,sagotiana,Iryanthera_sagotiana,Kaw,Kaw,H,22,TF,TF,23,3,15,2,Low,33.6,NA,NA,0.802031893942895,-1.6617525000000002,0.290445961,1.799398753,6.6611625815,8.751007296000001,1.64,53.68,0.590238789280895,8.11422890559733,1.34044527986633,3.13045147484095,1.543467208947636,153.0612245,0.8260000000000001
523,NA,10/07/2021,Vouacapoua,americana,Vouacapoua_americana,Kaw,Kaw,H,21,TF,TF,25,2,12,2,Low,29.5,NA,NA,2.73786058857102,-1.9913400000000003,0.314673993,1.56750166,4.0107296325,5.8929052855,2.01,53.13,0.585178014293399,4.76917415917416,0.564030136530137,2.93868665949435,1.1436997319034852,NA,0.879
524,NA,10/07/2021,Jacaranda,copaia,Jacaranda_copaia subsp. copaia,Kaw,Kaw,H,23,TF,Generalists,35,5,33,5,High,50,NA,NA,6.99350914764495,-1.7156850000000001,0.4505747065,1.8215409045,3.9523064365,6.2244220465,2.43,49.61,0.893369822485207,3.67127206127206,1.47561854811855,4.29058476139245,2.498726925525143,352.8911565,0.8200000000000001
525,NA,10/07/2021,Licania,membranacea,Licania_membranacea,Kaw,Kaw,H,158,TF,TF,32,4,28,3,Middle,46,NA,NA,5.09343781334648,-2.1032,0.33747578050000004,1.415905052,6.313610457,8.0669912895,1.38,50.32,0.380797793410987,8.41973346660003,1.54432200566384,4.45989539845462,1.2254497441822083,NA,0.799
526,NA,10/07/2021,Gustavia,hexapetala,Gustavia_hexapetala,Kaw,Kaw,H,152,TF,TF,14,3,13,2,High,20,NA,NA,2.97457486203725,-1.9114400000000002,0.22965757199999998,1.0064001515,2.6681502735000002,3.9042079965000003,1.85,48.67,0.619453465574905,17.6551157754456,0.253117607862735,9.43390839195787,1.677054739221702,289.1156463,0.8250000000000001
527,NA,10/07/2021,Poraqueiba,guianensis,Poraqueiba_guianensis,Kaw,Kaw,H,150,TF,TF,13,4,12,3,High,13,NA,NA,2.1286725517856,-1.8575075,0.2158565455,0.915806769,3.8526314260000003,4.98429474,1.03,51.15,0.399762598804704,10.906208855472,0.58555806182122,5.33195523423945,1.4815967771470424,561.2244898,0.767
528,NA,10/07/2021,Tachigali,melinonii,Tachigali_melinonii,Kaw,Kaw,H,Tmx3,TF,Generalists,37,5,35,5,High,NA,NA,NA,1.99460102582576,-1.6797300000000002,0.5424375195,2.1591032165,5.7472187075,8.448759444,2.95,51.98,0.689297138014714,9.107604740444,0.0876256050742781,5.53192323100035,1.2482197355035607,539.9659864,0.863
529,NA,10/07/2021,Bocoa,prouacensis,Bocoa_prouacensis,Kaw,Kaw,H,148,TF,Generalists,35,5,31,4,Middle,45,NA,NA,5.31830859460616,-1.8974575,0.3256924645,1.9033788575,4.0584564525,6.287527774,2.73,53.43,0.629448468073656,3.03217724471098,0.213687323005164,8.26449309960405,1.2637913741223672,212.585034,0.876
530,NA,10/07/2021,Licania,membranacea,Licania_membranacea,Kaw,Kaw,H,154,TF,TF,18,2,15,2,Low,11,NA,NA,5.19925887491924,-2.23903,0.2058500755,0.9729140955,2.808201828,3.9869659989999997,1.52,49.48,0.410388192307692,9.37394333333333,1.16809416666667,6.87362534615385,1.348130513933623,NA,0.78
531,NA,10/07/2021,Licania,membranacea,Licania_membranacea,Kaw,Kaw,H,147,TF,TF,16,3,14,2,Middle,10.5,NA,NA,6.47997532176498,-1.9973325000000002,0.20976195549999999,1.098670245,4.863039369,6.1714715694999995,1.44,48.85,0.34507058642805,12.4253053752704,1.05650940256282,6.00461841852606,1.761514655015474,NA,0.865
534,NA,10/07/2021,Symphonia,globulifera,Symphonia_globulifera,Kaw,Crique Gabrielle,H,SGx1,BF,BF,24,4,21,4,High,38.21656051,NA,NA,6.08785441807806,-1.8834750000000002,0.3069420695,3.8041531595,6.39397901,10.505074239999999,1.31,49.95,0.641160291578745,7.18597838736492,0.610567747298421,15.2504990984078,2.2600120748641572,276.3605442,0.764
535,NA,10/07/2021,Symphonia,globulifera,Symphonia_globulifera,Kaw,Crique Gabrielle,H,81,BF,BF,26,5,24,5,High,57.32484076,NA,NA,3.6568197463924,-1.93541,0.416990963,5.341945841499999,4.4728459205,10.231782725999999,1.22,49.08,0.458766276616152,11.4902177888612,1.21006899418121,9.45997540763476,1.7385159010600708,263.6054422,0.746
536,NA,10/07/2021,Virola,surinamensis,Virola_surinamensis,Kaw,Crique Gabrielle,H,Vsx2,BF,BF,13,5,13,5,High,25.47770701,NA,NA,8.16,-1.627795,0.402542804,2.7579372810000002,12.43434481,15.59482489,1.37,52.84,0.56669649581188,17.601341991342,0.0257634032634033,7.39622911703681,1.9083146067415728,NA,0.791
538,NA,08/10/2021,Carapa,guianensis,Carapa_guianensis,Kaw,Malou,H,97,BF,BF,26,5,20,4,Low,55,NA,NA,1.84706269148494,-1.87948,0.2160382675,1.3368421334999998,3.5503681635,5.1032485649999995,1.48,50.18,0.805457734573119,2.7062370962371,2.98111305361305,5.83279255360025,1.2319932109897105,NA,0.807
539,NA,08/10/2021,Protium,opacum,Protium_opacum subsp. rabelianum,Kaw,Malou,H,42,BF,BF,18,2,16,3,Middle,22.7,NA,NA,7.84996926886981,-1.787595,0.221530092,1.237390069,2.627462521,4.086382682,1.55,45.84,0.663935321664364,11.1117198935462,0.523048070525615,5.35291950713957,1.26273203236554,NA,0.796
540,NA,08/10/2021,Protium,opacum,Protium_opacum subsp. rabelianum,Kaw,Malou,H,41,BF,BF,22,3,18,3,Middle,25.8,NA,NA,6.86137687461531,-1.93541,0.265004449,1.458582985,5.4187501005000005,7.1423375345,1.51,50.43,0.830508955741304,5.69248205641796,0.0320422300116842,9.89346554447055,1.4483354950281022,NA,0.8230000000000001
541,NA,08/10/2021,Protium,opacum,Protium_opacum subsp. rabelianum,Kaw,Malou,H,44,BF,BF,15,3,15,3,High,22.4,NA,NA,13.99,-2.0133125,0.2116723605,1.1790138405000001,2.0583626930000003,3.4490488944999997,1.36,47.14,0.6580197,13.1360995,0.30442625,6.813976,1.5458055925432754,NA,0.802
542,NA,08/10/2021,Protium,opacum,Protium_opacum subsp. rabelianum,Kaw,Malou,H,46,BF,BF,14,3,14,3,High,19.2,NA,NA,3.47500116469735,-2.0812275,0.2119523705,1.2744113819999998,2.338824836,3.8251885884999997,1.57,49.67,0.93361927109336,5.52281527708437,0.0691225661507739,9.89912730903644,1.4508554572271386,735.5442177,0.8240000000000001
543,NA,08/10/2021,Protium,opacum,Protium_opacum subsp. rabelianum,Kaw,Malou,H,45,BF,BF,14,3,12,3,Middle,14,NA,NA,3.15103527895574,-1.9673700000000003,0.239935185,1.18026454,2.097602991,3.5178027155000002,1.51,47.59,0.735991683366733,17.385871242485,0.336549348697395,6.34165931863727,1.393003273322422,544.2176871,0.807
544,NA,08/10/2021,Symphonia,globulifera,Symphonia_globulifera,Kaw,Malou,H,47,BF,BF,26,5,16,4,Middle,60,NA,NA,3.16971411950978,-1.8075700000000001,0.331191993,2.903043185,2.74021371,5.9744488879999995,1.33,46.98,0.6360197,15.1010995,1.07627625,14.253976,1.6431623931623929,255.1020408,0.807
545,NA,08/10/2021,Virola,surinamensis,Virola_surinamensis,Kaw,Malou,H,43,BF,BF,25,5,24,5,High,40.5,NA,NA,3.85391106657131,-1.64777,0.2345619035,1.8519107245,5.006416908,7.092889536,1.85,52.55,0.9600197,9.7310995,0.03232125,12.273976,2.066402484738139,NA,0.8220000000000001
546,NA,08/10/2021,Laetia,procera,Laetia_procera,Kaw,Malou,H,51,BF,BF,28,5,26,5,High,42.4,NA,NA,2.33451978371947,-1.8654975,0.196237302,1.445110542,5.9045601229999995,7.5459079665,1.53,46.46,0.7845197,5.3860995,1.30977625,9.973976,1.523394675019577,1513.605442,0.792
547,NA,08/10/2021,Protium,opacum,Protium_opacum subsp. rabelianum,Kaw,Malou,H,49,BF,BF,16,4,10,3,Low,34,NA,NA,10.900465898587,-1.84752,0.248640473,1.2950245434999998,3.242931422,4.786596438,1.28,49.7,0.830189510489511,3.96987962037962,0.0729033466533467,13.7901858141858,1.6868928809048571,718.537415,0.8310000000000001
548,NA,08/10/2021,Laetia,procera,Laetia_procera,Kaw,Malou,H,48,BF,BF,19,4,17,4,High,40.8,NA,NA,2.97269955981166,-1.7656225,0.15745231399999998,1.171549717,4.79584235,6.1248443815,1.35,51.22,0.792726973026973,3.97237712287712,0.927348901098901,12.6213546453546,1.6510906876314917,1190.47619,0.8260000000000001
549,NA,08/10/2021,Laetia,procera,Laetia_procera,Kaw,Malou,H,50,BF,BF,15,4,13,4,Middle,27,NA,NA,2.74316371740031,-1.9513900000000002,0.167933891,1.2233497165,4.7274453085,6.118728916,1.48,49.61,0.597124013979031,7.54977483774338,1.77611208187718,13.7683235147279,1.7370753323485966,1241.496599,0.811
550,NA,08/10/2021,Protium,opacum,Protium_opacum subsp. rabelianum,Kaw,Malou,H,53,BF,BF,26,5,20,4,Middle,43,NA,NA,3.95161587411115,-2.23903,0.466396982,1.9552318535,5.9245044465,8.346133282,1.16,42.87,0.535947804391218,26.8773448103792,0.376672904191617,5.16863872255489,1.0474108944182918,1037.414966,0.804
551,NA,08/10/2021,Virola,surinamensis,Virola_surinamensis,Kaw,Malou,H,88,BF,BF,37,5,34,5,Middle,50,NA,NA,1.8991602829766,-1.7017025000000001,0.437092415,2.780256605,5.984386187,9.201735207,1.63,53.04,0.621277145708583,14.5020953093812,0.0484194111776447,8.31734131736527,2.0505940973553085,NA,0.791
552,NA,08/10/2021,Laetia,procera,Laetia_procera,Kaw,Malou,H,96,BF,BF,17,3,13,3,Low,26,NA,NA,1.32723161315309,-1.7096925000000003,0.15591948849999998,0.902539286,3.9286708595,4.9871296350000005,1.58,49.08,0.472942642642643,13.7498493493493,1.49326951951952,7.70167767767768,NA,NA,0.859
553,NA,08/10/2021,Protium,opacum,Protium_opacum subsp. rabelianum,Kaw,Malou,H,55,BF,BF,14,3,10,3,Middle,14.2,NA,NA,5.53271150127286,-1.8615025,0.199863142,1.1234069565,2.4867324835,3.810002582,1.59,50.65,0.844097651174413,6.41789055472264,0.0512506246876562,9.79407896051974,1.4020458371099314,697.2789116,0.8290000000000001
554,NA,08/10/2021,Protium,opacum,Protium_opacum subsp. rabelianum,Kaw,Malou,H,56,BF,BF,20,4,17,3,Middle,23.6,NA,NA,11.53,-2.2709900000000003,0.325953801,1.6478875099999999,3.1178841095,5.0917254199999995,1.4,50.11,0.725382391195598,10.7614802401201,0.131992246123062,8.25810505252626,1.3002245410117554,969.3877551,0.786
555,NA,08/10/2021,Laetia,procera,Laetia_procera,Kaw,Malou,H,54,BF,BF,27,5,27,5,High,26.4,NA,NA,2.63934978925185,-1.83953,0.18635732,1.4305147555,5.7505709275,7.3674430035,1.74,50.2,0.665350400801603,11.3938872745491,1.78234093186373,7.04807214428858,1.5470177970177972,1118.197279,0.807
556,NA,08/10/2021,Symphonia,globulifera,Symphonia_globulifera,Kaw,Malou,H,89,BF,BF,38,5,38,5,High,50,NA,NA,1.63712433739454,-1.7935875000000001,NA,NA,NA,NA,1.1,49.64,0.433178110944528,11.4503743128436,1.03825712143928,15.7511004497751,2.066510172143975,238.0952381,0.706
557,NA,08/10/2021,Carapa,guianensis,Carapa_guianensis,Kaw,Malou,H,93,BF,BF,12,4,8,3,Low,21,NA,NA,3.28102103979789,-1.8575075,0.1540857625,1.0733465660000001,2.5560339825,3.783466311,1.27,47.05,0.434001696606786,12.361376746507,0.384407435129741,6.79538522954092,1.3671113634213266,NA,0.796
558,NA,10/11/2021,Virola,surinamensis,Virola_surinamensis,Kaw,Crique Gabrielle,H,66,BF,BF,17,5,16,4,High,36.5,NA,NA,5.86109735239094,-1.6158100000000002,0.47835139950000005,2.9637997755,11.665327673,15.10747885,1.63,48.75,1.01402671335668,7.40480190095048,0.0384604802401201,7.6528024012006,1.6396370853416502,NA,0.81
559,NA,10/11/2021,Carapa,guianensis,Carapa_guianensis,Kaw,Crique Gabrielle,H,67,BF,BF,15,2,15,2,High,20.2,NA,NA,1.90844270940553,-1.7716150000000002,0.2979374225,1.823609767,5.1894950445,7.3110422335,1.22,50.55,0.760379131303045,3.89276035946081,2.24216300549176,4.4076145781328,1.6075201988812928,1071.428571,0.803
560,NA,10/11/2021,Virola,surinamensis,Virola_surinamensis,Kaw,Crique Gabrielle,H,65,BF,BF,16,4,16,4,High,25,NA,NA,2.68784116460248,-1.6697425000000001,0.3739331005,2.3809461185,8.838315005,11.593194225,2.21,57.16,1.09283403193613,7.47614720558882,0.0618026447105788,6.0818123752495,2.082685840194828,NA,0.812
561,NA,10/11/2021,Virola,surinamensis,Virola_surinamensis,Kaw,Crique Gabrielle,H,68,BF,BF,19,5,18,5,High,29,NA,NA,6.1747286805851,-1.6777325,0.672176609,3.498830957,11.802904524999999,15.973912089999999,1.66,50.43,0.845865565565566,7.62872822822823,0.02870995995996,4.65463063063063,1.4086307938199252,NA,0.75525
562,NA,10/11/2021,Carapa,guianensis,Carapa_guianensis,Kaw,Crique Gabrielle,H,69,BF,BF,18,4,16,4,High,31.5,NA,NA,1.27172121576956,-1.8854725,0.2324055235,1.554944659,3.0826425019999997,4.869992685,1.3,50.64,0.962482182182182,4.36421371371371,1.91619244244244,6.01499099099099,1.7453296279141572,701.5306122,0.811
563,NA,10/11/2021,Symphonia,globulifera,Symphonia_globulifera,Kaw,Crique Gabrielle,H,70,BF,BF,24,5,23,4,Middle,75.2,NA,NA,2.38392639328974,-1.8814775000000001,NA,NA,NA,NA,1.24,50.8,0.584143484772841,8.19380878681977,2.02673614578133,5.17621168247629,2.113952195664258,293.3673469,0.754
564,NA,10/11/2021,Carapa,guianensis,Carapa_guianensis,Kaw,Crique Gabrielle,H,72,BF,BF,18,3,16,4,High,26.5,NA,NA,2.96514859006378,-1.9134375000000001,0.16140004149999998,0.9218511005000001,2.5876931484999997,3.6709442905,1.32,50.82,0.7535197,2.5085995,0.88877625,4.073476,1.3726151971124545,NA,0.844
565,NA,10/11/2021,Virola,surinamensis,Virola_surinamensis,Kaw,Crique Gabrielle,H,71,BF,BF,12,2,12,2,High,19.7,NA,NA,11.076071588418,-1.60782,0.3286921075,1.839204114,8.507345759,10.67524198,1.64,53.49,0.947598302546181,4.13589565651523,0.0325274588117823,8.77581228157763,1.8614700798419621,NA,0.8320000000000001
566,NA,10/11/2021,Virola,surinamensis,Virola_surinamensis,Kaw,Crique Gabrielle,H,74,BF,BF,16,4,14,2,Middle,45.4,NA,NA,3.50666624423685,-1.63179,0.373875572,2.367822851,9.2264192305,11.96811765,1.49,49.98,0.937895490981964,7.19549048096192,0.0381776052104209,9.15729058116233,2.0704871060171923,NA,0.812
567,NA,10/11/2021,Virola,surinamensis,Virola_surinamensis,Kaw,Crique Gabrielle,H,73,BF,BF,19,5,17,4,Middle,42,NA,NA,1.67892924192019,-1.6697425000000001,0.3501257365,2.228238053,7.284491308,9.862855097499999,1.48,54.49,0.779350673989016,10.7849221168248,0.0980791313030454,6.08484872690963,1.618872156360141,NA,0.7806666666666666
570,NA,10/11/2021,Laetia,procera,Laetia_procera,Kaw,Crique Gabrielle,H,76,BF,BF,14,4,14,4,High,15.2,NA,NA,5.65934905842,-1.99933,0.1645139635,1.1486418105,3.832297983,5.1454537575,1.07,45.09,0.6740197,6.9860995,1.90527625,5.018976,1.6562100501524242,1054.421769,0.788
571,NA,10/11/2021,Carapa,guianensis,Carapa_guianensis,Kaw,Crique Gabrielle,H,80,BF,BF,23,5,20,4,Middle,50.4,NA,NA,2.10871223372253,-2.0372825,0.2962106315,1.951587459,8.7191771085,10.9669752,1.45,48.5,0.815427413706854,2.68068984492246,1.96675962981491,5.00647923961981,1.3991745283018868,1292.517007,0.796
572,NA,10/12/2021,Tachigali,melinonii,Tachigali_melinonii,Kaw,Tresor,H,14,TF,Generalists,28,5,20,3,Low,50,NA,NA,1.54598539507559,-1.71968,0.6587752545000001,1.8964961445000001,9.7392128835,12.294484285,2.88,54.61,0.777353669495756,4.20678931602596,0.252647279081378,5.92508836744883,1.2621722846441947,514.4557823,0.794
573,NA,10/12/2021,Jacaranda,copaia,Jacaranda_copaia subsp. copaia,Kaw,Tresor,H,18,TF,Generalists,23,4,19,4,Low,32,NA,NA,4.02904267130995,-1.35214,0.561183542,2.220119021,7.6326300385,10.4139326005,2.61,53.53,0.746400099850225,2.50134747878183,1.74765476784823,2.5803554667998,2.165836298932384,242.3469388,0.808
574,NA,10/12/2021,Tachigali,melinonii,Tachigali_melinonii,Kaw,Tresor,H,13,TF,Generalists,19,4,15,3,Middle,47,NA,NA,2.15449370375795,-1.7476450000000001,0.4910443635,1.7030374685,11.248085164999999,13.442167000000001,2.86,51.77,0.740409086370444,3.19580579131303,0.180455566650025,7.2630813779331,1.45253164556962,569.7278912,0.844
575,NA,10/12/2021,Tachigali,melinonii,Tachigali_melinonii,Kaw,Tresor,H,17,TF,Generalists,35,5,28,4,Middle,60,NA,NA,2.1423600597017,-1.60782,0.442564805,1.855624915,6.0935479895,8.391737710000001,2.9,52.64,0.7980197,4.1778495,0.09862625,6.458976,1.18128390596745,446.4285714,0.841
576,NA,10/12/2021,Protium,stevensonii,Protium_stevensonii,Kaw,Tresor,H,16,TF,Generalists,20,4,17,3,Low,60,NA,NA,4.13115821397441,-2.0812275,0.37289113949999997,1.813752953,1.9768042590000001,4.1634483515000005,1.38,47.19,0.595114814814815,3.17702652652653,0.282809059059059,4.24021621621622,0.9195491643995338,684.5238095,0.8130000000000001
577,NA,10/12/2021,Jacaranda,copaia,Jacaranda_copaia subsp. copaia,Kaw,Tresor,H,9,TF,Generalists,32,5,32,5,High,40.7,NA,NA,1.72364504687159,-1.3481450000000001,0.491170067,1.7492882745,8.0350881275,10.275546469,2.06,53.59,0.8410197,3.4280995,1.31577625,5.061476,2.0990566037735854,480.4421769,0.81
578,NA,10/12/2021,Iryanthera,sagotiana,Iryanthera_sagotiana,Kaw,Tresor,H,10,TF,TF,25,4,16,4,Low,35.9,NA,NA,0.699581247569439,-1.3022025,NA,NA,NA,NA,1.67,49.31,0.74025995995996,4.94104054054054,0.769545795795796,4.56228828828829,1.4924609212892517,199.829932,0.8190000000000001
579,NA,10/12/2021,Licania,membranacea,Licania_membranacea,Kaw,Tresor,H,6,TF,TF,18,4,16,4,Middle,18.6,NA,NA,2.70490480725627,-1.64777,0.2267891645,1.0746832464999998,3.1207171105000002,4.4221895215,1.79,51.95,0.5700197,7.1160995,1.06277625,8.838976,1.452774248199915,NA,0.811
580,NA,10/12/2021,Poraqueiba,guianensis,Poraqueiba_guianensis,Kaw,Tresor,H,Pgx1,TF,TF,24,5,18,4,Low,36.5,NA,NA,1.79368255631902,-1.8814775000000001,0.297917396,1.3011169085,3.4327291659999997,5.0317634705,1.27,52.29,0.478163373253493,9.18273403193613,0.611553143712575,4.11250099800399,1.6250828363154406,425.170068,0.8280000000000001
581,NA,10/12/2021,Iryanthera,sagotiana,Iryanthera_sagotiana,Kaw,Tresor,H,Isx1,TF,TF,29,5,25,4,Low,NA,NA,NA,NA,-1.611815,0.37473310049999997,1.8707765775,9.6170630905,11.86257277,2,51.51,0.973073552894212,4.24136676646707,0.0332697105788423,8.59179241516966,1.5227238861570556,522.9591837,0.786
582,228348,10/13/2021,Iryanthera,sagotiana,Iryanthera_sagotiana,Kaw,Tresor,1,142,TF,TF,23,3,21,3,Middle,27.1,NA,NA,0.740329855684177,-1.5099425000000002,0.29621012950000003,1.847093,7.6042808515,9.747583983,1.68,53.02,0.700870135067534,6.5993991995998,0.741146823411706,6.86740970485243,1.671191200561666,178.5714286,0.8180000000000001
583,228463,10/13/2021,Poraqueiba,guianensis,Poraqueiba_guianensis,Kaw,Tresor,1,259,TF,TF,14,2,12,2,Low,14.3,NA,NA,2.49049157551391,-1.57586,0.191627954,1.047807159,2.5443200145000002,3.7837551279999997,1.48,52.79,1.0275748496994,2.65165280561122,0.528332915831664,7.39877354709419,2.1136848521792135,310.3741497,0.8
584,228208,10/13/2021,Gustavia,hexapetala,Gustavia_hexapetala,Kaw,Tresor,1,1,TF,TF,14,3,11,3,Low,21.6,NA,NA,1.31107895431612,-1.8994550000000001,0.197588573,0.8970115365,2.01452571,3.109125819,3.11,46.98,0.854446923461731,16.0191090545273,0.326589544772386,10.1390455227614,2.657003444316877,259.3537415,0.785
585,228431,10/13/2021,Eschweilera,coriacea,Eschweilera_coriacea,Kaw,Tresor,1,227,TF,Generalists,20,2,17,2,Middle,35.3,NA,NA,1.37686006116723,-1.9014525000000002,0.385252277,1.6069077615,4.867437693499999,6.8595977315,2.11,51.67,0.681041261892839,5.61952879318978,1.18805833750626,5.70753730595894,1.3056334988128642,646.2585034,0.833
586,228391,10/13/2021,Eschweilera,coriacea,Eschweilera_coriacea,Kaw,Tresor,1,185,TF,Generalists,19,2,16,2,Low,23.4,NA,NA,0.706481245146002,-1.6537625,0.2196588645,1.253828425,4.587515406,6.0610026955,1.95,51.33,0.700618463073852,3.89131686626746,0.0992277944111776,5.64269061876247,1.6491855383392926,331.6326531,0.791
587,228447,10/13/2021,Bocoa,prouacensis,Bocoa_prouacensis,Kaw,Tresor,1,243,TF,Generalists,12,3,11,2,Middle,19.4,NA,NA,2.70538314679102,-1.547895,0.187920623,1.1222547305,4.2448780765,5.55505343,2.59,54.78,0.64672624750499,2.89006936127744,0.422531187624751,4.75297005988024,1.354158754272693,144.5578231,0.788
588,228227,10/13/2021,Gustavia,hexapetala,Gustavia_hexapetala,Kaw,Tresor,1,20,TF,TF,14,3,12,2,Middle,18.5,NA,NA,0.843546229886021,-1.5818525,0.21322262549999998,1.04463574,2.5881749395,3.8460333054999998,2.26,49.96,1.40212288432649,6.34061041562344,0.0645731096644968,13.3690295443165,2.0745447647951445,331.6326531,0.804
589,228279,10/13/2021,Gustavia,hexapetala,Gustavia_hexapetala,Kaw,Tresor,1,73,TF,TF,15,2,13,2,Middle,19.7,NA,NA,3.63650559958893,-1.9014525000000002,0.370048604,1.6002380965,3.188456623,5.158743323,2.99,46.65,0.7840197,14.5910995,0.59577625,12.648976,2.409110442629996,361.3945578,0.748
590,228529,10/13/2021,Gustavia,hexapetala,Gustavia_hexapetala,Kaw,Tresor,1,325,TF,TF,18,4,13,2,Low,25.9,NA,NA,2.78507956280326,-1.6677450000000003,0.21985923899999998,0.9295967055,2.2548365395,3.4042924835,2.51,49.91,0.7925197,14.4160995,0.14682625,11.153976,2.480952380952381,335.8843537,0.8250000000000001
591,228580,10/13/2021,Eschweilera,coriacea,Eschweilera_coriacea,Kaw,Tresor,1,377,TF,Generalists,14,4,12,3,Low,18.8,NA,NA,1.26253976349886,-1.483975,0.299439797,2.0268043980000003,5.1413038454999995,7.4675480395000005,1.94,51.06,0.7100197,6.0010995,0.14757625,7.513976,1.559266356419381,616.4965986,0.841
592,228337,10/13/2021,Eschweilera,coriacea,Eschweilera_coriacea,Kaw,Tresor,1,131,TF,Generalists,12,2,7,2,Low,12.6,NA,NA,1.1805467800983,-1.452015,0.2191367025,1.1864280765,3.894820191,5.300384971,1.87,50.64,0.806905888223553,2.32370209580838,0.0834593313373254,6.74548502994012,1.4575743422076912,522.9591837,0.8280000000000001
593,228578,10/13/2021,Eschweilera,coriacea,Eschweilera_coriacea,Kaw,Tresor,1,375,TF,Generalists,18,4,8,3,Low,22.1,NA,NA,0.897746356328903,-1.5339125000000002,0.199341147,1.1605746135000001,3.6512310765000002,5.0111468375,1.97,51.17,1.05238872817955,1.90982493765586,0.0417069825436409,8.07379152119701,1.6378830083565463,671.7687075,0.841
594,228374,10/13/2021,Virola,michelii,Virola_michelii,Kaw,Tresor,1,168,TF,Generalists,8,2,6,2,Low,21.7,NA,NA,5.6987,-1.6377825000000001,0.20646762600000002,1.3514071570000001,3.675539006,5.233413789,2.29,53.47,0.859449424712356,4.91480690345173,0.486469484742371,7.73284242121061,2.1255546854607155,NA,0.773
595,228344,10/13/2021,Eschweilera,coriacea,Eschweilera_coriacea,Kaw,Tresor,1,138,TF,Generalists,13,4,8,3,Low,15.3,NA,NA,0.702194614973416,-1.5458975000000001,0.174792725,1.0821142529999999,2.4193968960000003,3.676303873,1.67,50.93,0.727883641820911,2.8050020010005,0.0469747373686843,6.60227713856929,1.4140706126687435,484.6938776,0.795
596,228576,10/13/2021,Eschweilera,coriacea,Eschweilera_coriacea,Kaw,Tresor,1,373,TF,Generalists,23,4,16,3,Low,34.9,NA,NA,1.0382008601974,-1.57586,0.194919744,1.0878617,3.235770698,4.518552142,1.86,52.01,0.839278617926891,5.49434101151728,0.0331459689534301,5.27689133700551,1.3781119053487798,607.9931973,0.782
597,228575,10/13/2021,Eschweilera,coriacea,Eschweilera_coriacea,Kaw,Tresor,1,372,TF,Generalists,14,3,11,3,Middle,13.8,NA,NA,0.862027621757888,-1.6198050000000002,0.28611222599999997,1.3064005685,4.6053421275,6.197854921999999,2.08,51.78,0.664687356321839,7.12253823088456,1.53076086956522,4.66539330334833,1.2289598618903754,671.7687075,0.8250000000000001
598,228574,10/13/2021,Eschweilera,coriacea,Eschweilera_coriacea,Kaw,Tresor,1,371,TF,Generalists,14,2,8,2,Low,10.3,NA,NA,1.51583743798148,-1.515935,0.1438304195,0.7671159165,2.9355250474999997,3.846471384,1.78,50.75,0.996015715715716,3.46406356356356,0.107083333333333,7.81178778778779,1.6052030363328176,531.462585,0.8170000000000001
599,228608,10/13/2021,Eschweilera,coriacea,Eschweilera_coriacea,Kaw,Tresor,1,405,TF,Generalists,24,2,10,3,Low,20.4,NA,NA,1.73308047801525,-2.1491425,0.4201554025,1.940466909,6.069342363500001,8.429964674499999,2.24,52.52,0.761781481481481,5.52662612612613,1.53806431431431,3.73621221221221,1.3908640864086408,420.9183673,0.785
600,228495,10/13/2021,Virola,michelii,Virola_michelii,Kaw,Tresor,1,291,TF,Generalists,13,3,8,3,Middle,18.1,NA,NA,7.09452554997017,-1.6337875000000002,0.1713064145,1.1533116225,1.6782082875,3.0028263245,2.61,58.46,1.01731065646485,7.73125,0.426972721224218,8.92663173652695,2.093714022565047,NA,0.778
601,NA,10/14/2021,Hymenopus,heteromorphus,Hymenopus_heteromorphus,Kaw,Malou,H,95,BF,Generalists,13,4,10,3,Low,25,NA,NA,6.91699555173887,-1.2762350000000002,0.159496801,1.065341017,2.7439693615,3.9688071799999998,1.28,51.83,0.486581859637415,9.15586836836837,0.330857524190858,2.44292792792793,1.3466427012453461,187.0748299,0.847
602,NA,10/14/2021,Hymenopus,heteromorphus,Hymenopus_heteromorphus,Kaw,Malou,H,90,BF,Generalists,18,4,15,3,Middle,25,NA,NA,3.16496677874682,-1.39209,0.16174031649999998,1.11031683,2.9612202815,4.2332774285,1.27,46.65,0.476883719637597,6.83513006503252,1.06721027180257,3.22259629814907,1.5707689858302818,488.9455782,0.807
603,NA,10/14/2021,Protium,opacum,Protium_opacum subsp. rabelianum,Kaw,Malou,H,94,BF,BF,19,4,16,2,Low,36,NA,NA,2.94703478124284,-1.81556,0.21122058100000002,1.17233695,2.7590206175,4.1425781485,1.68,45.51,0.704436404967842,13.170371756487,0.471084497671324,5.18910678642715,1.6486868686868685,646.2585034,0.833
604,NA,10/14/2021,Hymenopus,heteromorphus,Hymenopus_heteromorphus,Kaw,Malou,H,92,BF,Generalists,17,4,15,3,Middle,20,NA,NA,3.92348161312229,-1.3960850000000002,0.21270430899999998,1.3758414399999999,2.0657703605,3.6543161095,1.01,48.32,0.443038316093872,2.96868118118118,1.1227994661328,3.58732232232232,1.5573813249869586,501.7006803,0.815
605,NA,10/14/2021,Symphonia,globulifera,Symphonia_globulifera,Kaw,Malou,H,91,BF,BF,20,5,18,5,High,25,NA,NA,2.66822109472638,-1.8654975,0.374040719,2.976858231,4.1625104375,7.513409387499999,1.45,55.06,0.620913906917402,9.66721168247629,0.816451988683641,17.6130654018972,2.4705090223538915,289.1156463,0.904
606,NA,10/14/2021,Protium,opacum,Protium_opacum subsp. rabelianum,Kaw,Malou,H,58,BF,BF,12,4,8,4,Middle,15.5,NA,NA,8.01657266955933,-1.8694925000000002,0.2599033045,1.7065889694999998,2.3040607069999997,4.270552981,1.16,47.14,0.535541964830532,11.2148901647529,0.318698618738559,6.18021467798303,1.3354060674580746,646.2585034,0.817
607,NA,10/14/2021,Carapa,guianensis,Carapa_guianensis,Kaw,Malou,H,61,BF,BF,12,5,12,5,High,17.5,NA,NA,2.52172665812883,-1.6757350000000002,0.17814680300000002,0.924970546,2.274601782,3.3777191315,1.48,49.2,0.911935990338164,6.49875,0.753159420289855,11.5760217391304,1.872016706443914,1037.414966,0.9
608,NA,10/14/2021,Carapa,guianensis,Carapa_guianensis,Kaw,Malou,H,57,BF,BF,34,5,15,3,Low,53,NA,NA,1.77544631809577,-1.5878450000000002,0.27044294449999995,1.4298923769999998,2.783787639,4.4841229600000005,1.46,45.65,0.824347894013248,5.69933914510686,0.733044619422572,7.64284026996625,1.6155442369364272,863.0952381,0.866
609,NA,10/14/2021,Carapa,guianensis,Carapa_guianensis,Kaw,Malou,H,60,BF,BF,25,5,20,5,Low,48,NA,NA,2.49454037977277,-1.7935875000000001,0.226488935,1.5237972775,3.4791265475,5.229412759500001,1.17,49.89,0.724345277777778,5.3867125,0.718176666666667,7.764485,1.469473684210526,948.1292517,0.83
610,NA,10/14/2021,Symphonia,globulifera,Symphonia_globulifera,Kaw,Malou,H,64,BF,BF,35,5,30,5,High,40,NA,NA,3.09971469169497,-1.8315400000000002,0.328580128,4.707342773000001,3.5605025315,8.5964254325,1.51,54.85,0.477706424565495,13.5499375312344,0.964694319506913,10.6391654172914,2.167855020796197,276.3605442,0.758
611,NA,10/14/2021,Symphonia,globulifera,Symphonia_globulifera,Kaw,Malou,H,Sgx1,BF,BF,24,5,20,5,Low,49,NA,NA,2.33670919257583,-2.0252975,0.344025146,3.2638834485,5.5918356045,9.199744198000001,1.59,48.03,0.466013251275227,13.5546032934132,1.04159347970725,8.76695109780439,1.9237491432488005,250.8503401,0.806
612,NA,10/14/2021,Symphonia,globulifera,Symphonia_globulifera,Kaw,Malou,H,Sgx2,BF,BF,27,5,20,5,Middle,59,NA,NA,4.30549492320094,-1.7416525,0.416102756,4.9122376755,6.6434138560000005,11.97175429,1.2,48.74,0.474545277777778,13.8217125,1.84017666666667,10.874485,2.0773372491434166,250.8503401,0.739
613,NA,10/14/2021,Symphonia,globulifera,Symphonia_globulifera,Kaw,Malou,H,Sgx3,BF,BF,23,5,21,4,Low,50,NA,NA,1.77830877620257,-1.7356600000000002,0.33167932899999997,3.217460732,7.776554583499999,11.325694645,1.34,48.32,0.445105067642493,16.7382360279441,0.757162341982701,10.0094660678643,1.8457374830852502,284.8639456,0.854
614,NA,10/18/2021,Pterocarpus,officinalis,Pterocarpus_officinalis,Kaw,Waiki Village,H,99,BF,BF,9,4,9,4,top,23.9,NA,NA,0.97965281106679,-1.475985,0.3076959725,1.388304868,4.4466728565,6.142673697499999,2.64,46.37,1.15142098827191,4.99170835417709,0.0652592963148241,16.4226963481741,1.7274102079395086,272.1088435,0.795
615,NA,10/18/2021,Pterocarpus,officinalis,Pterocarpus_officinalis,Kaw,Waiki Village,H,101,BF,BF,12,4,9,3,mid,11.62,NA,NA,1.11691880675014,-1.6697425000000001,0.387526427,1.9026052249999998,3.362605373,5.652737025,2.81,51.21,1.3216669447225,4.13209459459459,0.0187354020687354,15.1796646646647,1.6447368421052628,365.6462585,0.782
616,NA,10/18/2021,Carapa,guianensis,Carapa_guianensis,Kaw,Waiki Village,H,102,BF,BF,20,5,20,4,top,37.4,NA,NA,2.94212843005778,-1.8635000000000002,0.30395872599999996,1.515134782,4.138602991,5.957696499,1.07,44.46,0.643879458589893,4.04015227159261,1.23332667665169,8.65650024962556,1.4673244341265235,744.047619,0.797
617,NA,10/18/2021,Pterocarpus,officinalis,Pterocarpus_officinalis,Kaw,Waiki Village,H,100,BF,BF,13,5,13,4,top,13.05,NA,NA,2.54773451678245,-1.5578825,0.513213225,2.006292709,4.3632023055,6.882708239499999,2.9,52.6,1.22162365412365,4.08238011988012,0.0316000666000666,16.1833016983017,1.5747588424437295,476.1904762,0.805
618,NA,10/18/2021,Pterocarpus,officinalis,Pterocarpus_officinalis,Kaw,Waiki Village,H,103,BF,BF,18,5,18,4,top,22.9,NA,NA,2.18674609267884,-1.4020775,0.6294093789999999,2.646378222,5.3089031865,8.584690787500001,3.02,51.84,1.12284527777778,3.4574625,0.0204366666666667,17.304485,2.204933586337761,352.8911565,0.693
619,NA,10/18/2021,Pterocarpus,officinalis,Pterocarpus_officinalis,Kaw,Waiki Village,H,107,BF,BF,14,2,14,2,mid,17.2,NA,NA,1.44519224921333,-1.3960850000000002,0.225165348,1.106897217,3.3587946035,4.690857168999999,2.86,48.72,1.23698979308815,7.84494508237644,0.0257430520885339,14.8122666000998,1.7146017699115048,352.8911565,0.818
620,NA,10/18/2021,Pterocarpus,officinalis,Pterocarpus_officinalis,Kaw,Waiki Village,H,105,BF,BF,NA,NA,NA,NA,NA,11.46,NA,NA,2.01443443885906,-1.539905,0.3523562145,1.8142435749999999,4.590170463,6.7567702525,3.02,50.83,1.84322146367301,2.22896959193883,0.0783200975487744,19.673477591737,2.611486486486486,335.8843537,0.78
621,NA,10/18/2021,Pterocarpus,officinalis,Pterocarpus_officinalis,Kaw,Waiki Village,H,108,BF,BF,10,2,8,3,mid,15.3,NA,NA,2.64976577512745,-1.571865,0.3383465825,2.1271465335,5.085156609,7.5506497249999995,3.11,47.71,1.09116310827876,4.10944094572427,0.12843828007988,12.0905050952982,1.4851421188630491,612.244898,0.817
622,NA,10/18/2021,Pterocarpus,officinalis,Pterocarpus_officinalis,Kaw,Waiki Village,H,106,BF,BF,12,3,10,3,top,12.42,NA,NA,2.36636012646871,-1.4699925,0.46715148,2.3905484560000003,4.525931089,7.383631025,3.55,56.06,1.43429985294118,3.86110510714286,0.0485659375,14.0586408529412,2.069473684210527,331.6326531,0.799
623,NA,10/18/2021,Pterocarpus,officinalis,Pterocarpus_officinalis,Kaw,Waiki Village,H,109,BF,BF,10,4,8,3,mid,17,NA,NA,3.05274454736001,-1.2902175,0.6277596155,2.4721159805,5.1677250415,8.2676006375,2.4,48.96,1.47229985294118,4.19985510714286,0.0403309375,12.7136408529412,2.7283236994219657,442.1768707,0.778
624,NA,10/18/2021,Pterocarpus,officinalis,Pterocarpus_officinalis,Kaw,Waiki Village,H,98,BF,BF,12,3,12,3,top,13.05,NA,NA,0.973998941317335,-1.452015,0.34075573400000003,1.5622376485,5.1034899750000005,7.0064833570000005,2.56,48.19,1.28572839614888,4.11487535643,0.0462334705588823,18.7261884759892,2.127870887647424,408.1632653,0.816
625,NA,10/19/2021,Jacaranda,copaia,Jacaranda_copaia subsp. copaia,Kaw,Val,H,326,BF,Generalists,16,5,16,5,top,31.5,NA,NA,NA,-1.4620025,1.101024093,3.5724373105,4.2669336165,8.94039502,3.18,56.05,1.27561082587649,1.95895771286071,0.0568887157107232,4.58991606278422,2.163763066202091,429.4217687,0.83
626,NA,10/19/2021,Laetia,procera,Laetia_procera,Kaw,Val,H,323,BF,BF,18,4,18,4,top,53,NA,NA,5.12976341319149,-1.9553850000000002,0.2115976525,1.217497435,5.184769822,6.61386491,1.91,45.35,0.662293292880497,6.94927902568138,1.64114265147722,7.34465783970073,1.4752358490566042,986.3945578,0.828
627,NA,10/19/2021,Laetia,procera,Laetia_procera,Kaw,Val,H,319,BF,BF,19,4,19,4,top,27,NA,NA,NA,-1.8954600000000001,0.237071142,1.583466138,3.1799786395,5.0005159195,1.69,48.02,0.602697155785391,2.71938572142144,2.67425668081918,4.07106978315802,1.6030165385511297,1139.455782,0.8
628,NA,10/19/2021,Laetia,procera,Laetia_procera,Kaw,Val,H,324,BF,BF,18,4,18,3,top,20.2,NA,NA,3.60585205195367,-1.8834750000000002,0.15796621649999998,1.0901463654999999,3.3110544265,4.559167008,1.88,49.11,0.678299852941177,5.50385510714286,2.1346809375,5.99864085294118,1.6752113256820835,NA,0.817
629,NA,10/19/2021,Eperua,falcata,Eperua_falcata,Kaw,Val,H,321,BF,BF,15,4,15,4,top,18.9,NA,NA,2.47224296529357,-1.7276700000000003,0.3543753805,3.095951774,8.0341543385,11.484481495,1.84,54.24,0.70456125608138,3.32416552094522,0.429554824561404,3.75277278490344,1.0127906976744185,884.3537415,0.746
630,NA,10/19/2021,Eperua,falcata,Eperua_falcata,Kaw,Val,H,315,BF,BF,22,5,20,4,top,64.7,NA,NA,1.33766248263939,-1.8255475,0.3999388285,2.7800889885,8.5262905355,11.70631835,2.18,52.04,0.960339513427749,5.42343167546739,0.0747062312687313,5.44319765528589,1.1721461187214615,620.7482993,0.739
631,NA,10/19/2021,Eperua,falcata,Eperua_falcata,Kaw,Val,H,322,BF,BF,16,3,14,4,mid,33,NA,NA,2.0440121943549,-1.5878450000000002,0.395427219,2.9676372085000002,6.1485426755,9.511607101,1.54,48.6,0.737775403748674,2.31648808330948,0.0486181738476954,4.12689464222563,1.1061836352279826,586.7346939,0.774
632,NA,10/19/2021,Eperua,falcata,Eperua_falcata,Kaw,Val,H,316,BF,BF,14,4,14,4,top,13.7,NA,NA,1.73348269222127,-1.9134375000000001,0.35101839749999997,2.199779884,6.294860755,8.845659037,2.21,53.77,0.887575002947071,5.00887285284856,0.0581472319639279,7.73911909112342,1.280541807762438,476.1904762,0.666
633,NA,10/19/2021,Laetia,procera,Laetia_procera,Kaw,Val,H,18,BF,BF,22,5,22,5,top,45,NA,NA,2.51709783285008,-1.9114400000000002,0.18890070850000001,1.3981087049999998,4.2742575455,5.8612669595,1.85,50.08,0.717299852941176,8.50385510714286,1.6849309375,5.10364085294118,1.5676195711929632,NA,0.814
634,NA,10/19/2021,Eperua,falcata,Eperua_falcata,Kaw,Val,H,311,BF,BF,16,4,15,3,mid,28,NA,NA,1.47584759937059,-1.8535125000000001,0.2946924995,2.0074539815000003,4.117113134,6.4192596145,2.05,51.65,0.910254980431392,3.82226624026299,0.193377626313157,5.81654912750493,1.0900343642611683,693.0272109,0.736
635,NA,10/19/2021,Eperua,falcata,Eperua_falcata,Kaw,Val,H,314,BF,BF,24,5,20,4,top,53,NA,NA,4.23,-2.0732375000000003,0.3858893825,2.350813278,4.763507064500001,7.5002097249999995,2,52.7,0.733699303985199,5.39576146494544,0.519152209186221,3.84412466594226,1.2111528822055138,684.5238095,0.751
636,NA,10/19/2021,Eperua,falcata,Eperua_falcata,Kaw,Val,H,327,BF,BF,18,4,18,4,top,25.5,NA,NA,1.26877398218587,-1.7116900000000002,0.3223241665,2.244052454,5.860669366,8.427045986500001,2,52.91,0.821442738418013,3.65917345405096,0.103437813126253,8.40044173641401,1.2022116903633493,586.7346939,0.816
637,NA,10/19/2021,Eperua,falcata,Eperua_falcata,Kaw,Val,H,312,BF,BF,12,3,11,2,mid,18,NA,NA,1.8138203240463,-1.6937125000000002,0.3448180445,2.6576554625,3.5567356295,6.559209136,2.08,52.36,0.837624603733709,4.01208094525235,0.143094748003992,8.97568947399319,1.2950281425891184,607.9931973,0.809
638,NA,10/19/2021,Eperua,falcata,Eperua_falcata,Kaw,Val,H,313,BF,BF,18,4,11,3,low,40,NA,NA,NA,-1.7416525,0.3429591805,2.4292939935,6.184178439,8.956431614,2.04,52.01,0.872608766090312,4.11077126403892,0.122815160240361,8.72673094936523,1.4203345070422537,646.2585034,0.759
639,NA,10/19/2021,Eperua,falcata,Eperua_falcata,Kaw,Val,H,310,BF,BF,23,2,20,3,low,47,NA,NA,1.08154589964344,-1.6937125000000002,0.373055888,2.9928236239999997,2.349480519,5.715360030499999,2.19,51.27,0.892015821298579,3.55424661391503,0.0910488398203593,8.21221642010097,1.4065594059405944,629.2517007,0.752
640,NA,10/19/2021,Tachigali,melinonii,Tachigali_melinonii,Kaw,Val,H,306,BF,Generalists,28,5,26,4,mid,63.5,NA,NA,2.03612749803468,-1.8275450000000002,0.6616787825,2.7973784439999996,5.8672581085,9.3263153345,3.12,51.45,0.779299852941176,2.46235510714286,0.1650809375,6.51364085294118,1.2170385395537526,437.9251701,0.801
641,NA,10/19/2021,Tachigali,melinonii,Tachigali_melinonii,Kaw,Val,H,304,BF,Generalists,13,4,12,4,top,15.5,NA,NA,3.41638003731132,-1.8914650000000002,0.38815441399999995,1.6705718250000001,6.4382610615,8.496987301499999,3.2,48.94,NA,NA,NA,NA,1.053246753246753,497.4489796,0.789
642,NA,10/19/2021,Tachigali,melinonii,Tachigali_melinonii,Kaw,Val,H,303,BF,Generalists,40,5,36,4,mid,55,NA,NA,2.63638034517308,-1.9833500000000002,0.55052531,2.499961206,4.630464881,7.6809513979999995,3.08,52.9,0.791090943885061,4.59995506220506,0.145426363863864,6.13477562856975,1.0678148546824542,748.2993197,0.815
643,NA,10/19/2021,Jacaranda,copaia,Jacaranda_copaia subsp. copaia,Kaw,Val,H,302,BF,Generalists,33,5,31,3,mid,48,NA,NA,3.84996462276326,-1.4899675000000001,0.303423934,1.3727460965,2.932673905,4.6088439354999995,2.45,53.06,NA,NA,NA,NA,2.0924657534246576,331.6326531,0.784
644,NA,10/20/2021,Jacaranda,copaia,Jacaranda_copaia subsp. copaia,Kaw,Tonton,H,326,BF,Generalists,23,5,23,5,top,25,NA,NA,2.7203311681887,-1.2742375000000001,0.497539328,1.9739825789999998,4.062416092,6.533937999,2.47,52.18,0.780129658453496,3.49785831966336,1.31695550424363,3.04707024756982,2.7469262295081966,408.1632653,0.809
645,NA,10/20/2021,Iryanthera,hostmannii,Iryanthera_hostmannii,Kaw,Tonton,H,327,BF,BF,15,3,13,3,mid,17,NA,NA,1.12637788516304,-1.7017025000000001,0.276828423,1.5024399005,2.777737782,4.557006105,1.45,49.76,NA,NA,NA,NA,1.4087439278278973,293.3673469,0.732
646,NA,10/20/2021,Iryanthera,hostmannii,Iryanthera_hostmannii,Kaw,Tonton,H,330,BF,BF,14,2,11,2,mid,13.3,NA,NA,0.986045913440847,-1.6737375,0.30437346249999997,1.843368072,2.7813353885,4.9290769225,1.62,52.99,0.738430637622365,2.87316852288142,0.0567025862068966,9.91368401093571,1.452806301870868,267.8571429,0.785
647,NA,10/20/2021,Iryanthera,hostmannii,Iryanthera_hostmannii,Kaw,Tonton,H,331,BF,BF,7,1,6,2,mid,10.8,NA,NA,0.751688265198072,-1.5139375,0.4316604615,2.258487401,2.567244343,5.2573922055,1.69,53.97,0.594002851515419,7.29520750339116,0.0566026361819091,6.2305255901461,1.7091592617908404,310.3741497,0.813
648,NA,10/20/2021,Iryanthera,hostmannii,Iryanthera_hostmannii,Kaw,Tonton,H,332,BF,BF,11,2,9,3,mid,11.6,NA,NA,1.27222796868032,-1.5698675,0.21649154599999998,1.2958733439999999,2.615523905,4.1278887955,1.63,53.16,0.911432703885349,3.23125821981314,0.0878990888667,12.115467651464,1.6138793259648492,267.8571429,0.803
649,NA,10/20/2021,Iryanthera,hostmannii,Iryanthera_hostmannii,Kaw,Tonton,H,333,BF,BF,9,2,8,2,mid,12.1,NA,NA,0.849489434980575,-1.6058225,0.258333998,1.5745448345000002,2.3727491355000003,4.205627968,1.73,53.38,0.871106512710242,3.71517787395379,0.0507570731096645,10.0086538336917,1.5296385542168676,208.3333333,0.81
650,NA,10/20/2021,Iryanthera,hostmannii,Iryanthera_hostmannii,Kaw,Tonton,H,334,BF,BF,8,2,8,2,top,11.5,NA,NA,1.35541162116632,-1.5618775,0.246399903,1.6757067895,2.55962005,4.481726743,1.7,53.53,0.585971796534245,6.68722956627541,0.10955003757515,7.48360806907934,1.494318959616701,140.3061224,0.793
651,NA,10/20/2021,Jacaranda,copaia,Jacaranda_copaia subsp. copaia,Kaw,Val,H,335,BF,Generalists,15,5,15,5,top,21,NA,NA,2.14743196657534,-1.3581325,0.3798083915,1.568967415,3.6839462675,5.6327220745,2.27,51.84,NA,NA,NA,NA,3.0901717557251906,382.6530612,0.79
652,NA,10/20/2021,Jacaranda,copaia,Jacaranda_copaia subsp. copaia,Kaw,Val,H,336,BF,Generalists,18,5,18,5,top,22,NA,NA,9.88941889412715,NA,0.45822341499999997,1.807240712,3.389962368,5.6554264945,1.59,56.26,NA,NA,NA,NA,1.3660744217230973,369.8979592,0.746
653,NA,10/20/2021,Iryanthera,hostmannii,Iryanthera_hostmannii,Kaw,Val,H,337,BF,BF,10,2,8,2,mid,20,NA,NA,5.76427358031355,-1.9214275,0.18846208199999998,1.367963934,2.600720428,4.1571464435,1.73,51.38,NA,NA,NA,NA,1.3090324099505612,246.5986395,0.759
654,NA,10/20/2021,Iryanthera,hostmannii,Iryanthera_hostmannii,Kaw,Val,H,338,BF,BF,11,4,9,2,mid,24,NA,NA,2.08157160854513,-1.7356600000000002,0.2441565215,1.9508789800000002,4.0490719975000005,6.244107499,1.48,49.69,NA,NA,NA,NA,1.0615276804484934,221.0884354,0.757
655,NA,10/20/2021,Iryanthera,hostmannii,Iryanthera_hostmannii,Kaw,Val,H,339,BF,BF,12,2,8,3,mid,23,NA,NA,3.28901792464282,-1.63179,0.225271975,1.379134029,2.0299653405,3.634371345,2.01,55.34,0.808682487965246,5.06871767179926,0.05671750249501,8.83596891511095,1.228042392496041,327.3809524,0.779
656,NA,10/20/2021,Iryanthera,hostmannii,Iryanthera_hostmannii,Kaw,Val,H,340,BF,BF,12,2,8,2,mid,18,NA,NA,1.32749110440711,-1.7056975,0.2405524115,1.2630198264999999,2.67637714,4.1799493785,1.84,53.34,0.676799852941176,8.60885510714286,0.0667309375,6.21364085294118,1.374737394957983,293.3673469,0.78
