"Code","specCode","idTree","beta","R2","nMeas_chosen","first_chosen_meas","last_chosen_meas","nMeas_total","T.cels_mean","RH.perc_mean","Vpsat.kPa_mean","VPD_mean","timeMeas_chosen.h","timeMeas_chosen.min","t0","mass_start","mass_end","mass_Loss_Meas_chosen","time_start","time_end","iteration","file","Leaf_area","gmin.slope_function","gmin"
1,"Ih","P15-C1-182-Iry.hos-1",-0.00023777836808881,1,4,4,7,8,24.275,34.725,3.03439129953095,0.0195452515421448,3.62166666666667,217.3,2020-10-26 16:12:45,1.1928,1.1407,0.0521,2020-10-26 17:31:44,2020-10-26 21:09:02,5,"../Gmin_Marion/documents/data/input/gmin_paracou/Jour_1_Gmin_26_10_2020.csv",49.8552333333333,1.12970896112281,NA
2,"Gh","P15-C3-178-Gus.hex-2",-0.00019843450125481,1,6,2,7,8,25.3166666666667,34.9,3.23998241779667,0.0208064754221707,4.64388888888889,278.633333333333,2020-10-26 16:13:25,1.1806,1.1256,0.0550000000000002,2020-10-26 16:31:02,2020-10-26 21:09:40,5,"../Gmin_Marion/documents/data/input/gmin_paracou/Jour_1_Gmin_26_10_2020.csv",53.8179361111111,0.820423092997013,NA
3,"Gh","P15-C3-298-Iry.hos-3",-0.00020024100695661,1,7,1,7,8,25.5714285714286,32.8571428571429,3.28860749981118,0.0218526789342577,4.94472222222222,296.683333333333,2020-10-26 16:13:53,1.0564,0.996,0.0604,2020-10-26 16:13:53,2020-10-26 21:10:34,5,"../Gmin_Marion/documents/data/input/gmin_paracou/Jour_1_Gmin_26_10_2020.csv",45.4286472222222,0.933823458987189,NA
4,"Gh","P15-C3-140-Tac.mel-4",-0.00015101544358914,0.99,6,1,6,8,25.7,31.7166666666667,3.31481920334269,0.0223787755707843,2.53083333333333,151.85,2020-10-26 16:14:17,0.2086,0.1869,0.0217,2020-10-26 16:14:17,2020-10-26 18:46:08,4,"../Gmin_Marion/documents/data/input/gmin_paracou/Jour_1_Gmin_26_10_2020.csv",10.7756361111111,2.89926807645227,NA
5,"Gh","P15-C3-1103-Chr.pri-5",-0.00026984146841902,1,6,2,7,8,25.2666666666667,32.65,3.22991431357789,0.0215379431177818,4.64555555555556,278.733333333333,2020-10-26 16:15:10,1.0816,1.006,0.0755999999999999,2020-10-26 16:32:49,2020-10-26 21:11:33,5,"../Gmin_Marion/documents/data/input/gmin_paracou/Jour_1_Gmin_26_10_2020.csv",34.6393388888889,1.67448445467279,NA
6,"Gh","P15-C4-369-Con.gui-6",-0.00206367965537269,1,5,2,6,8,25.46,31.32,3.26800611277623,0.0222067133599696,2.21861111111111,133.116666666667,2020-10-26 16:15:43,1.4331,1.1582,0.2749,2020-10-26 16:33:53,2020-10-26 18:47:00,4,"../Gmin_Marion/documents/data/input/gmin_paracou/Jour_1_Gmin_26_10_2020.csv",70.8189944444444,6.0751147961031,NA
7,"Gh","P15-C1-824-Lic.mem-7",-0.0006266884365976,1,7,1,7,8,25.5285714285714,32.6428571428571,3.28053026044499,0.0218703389121003,4.92305555555556,295.383333333333,2020-10-26 16:17:19,0.9039,0.7173,0.1866,2020-10-26 16:17:19,2020-10-26 21:12:42,5,"../Gmin_Marion/documents/data/input/gmin_paracou/Jour_1_Gmin_26_10_2020.csv",40.6302111111111,3.26507632748425,NA
9,"Gh","P15-C2-84-Hym.het-9",-0.00114281250210768,0.98,5,1,5,8,26.06,31.14,3.38448960213855,0.0230416188118448,1.84388888888889,110.633333333333,2020-10-26 16:19:09,0.7206,0.5933,0.1273,2020-10-26 16:19:09,2020-10-26 18:09:47,3,"../Gmin_Marion/documents/data/input/gmin_paracou/Jour_1_Gmin_26_10_2020.csv",30.6597611111111,7.48926981903208,NA
10,"Gh","P15-C2-209-Con.gui-10",-0.00178625676765747,1,5,2,6,8,25.42,31.4,3.2590990292711,0.0221109924388417,2.21194444444444,132.716666666667,2020-10-26 16:20:31,0.8846,0.647,0.2376,2020-10-26 16:35:37,2020-10-26 18:48:20,4,"../Gmin_Marion/documents/data/input/gmin_paracou/Jour_1_Gmin_26_10_2020.csv",43.526425,8.59268520762157,NA
11,"Gh","P15-C2-147-Hym.het-11",-0.0002757425353719,1,4,2,5,8,26.15,30.45,3.41684428683235,0.0235533446445544,1.57472222222222,94.4833333333333,2020-10-26 16:21:04,0.2885,0.2622,0.0263,2020-10-26 16:36:06,2020-10-26 18:10:35,3,"../Gmin_Marion/documents/data/input/gmin_paracou/Jour_1_Gmin_26_10_2020.csv",15.1996972222222,3.5658452310616,NA
12,"Gh","P15-C3-590-Jac.cop-12",-0.00031266968500452,0.98,3,5,7,8,24.1333333333333,34.6333333333333,3.00848480431866,0.0194104958772644,3.06277777777778,183.766666666667,2020-10-26 16:21:31,0.5445,0.4851,0.0594,2020-10-26 18:12:09,2020-10-26 21:15:55,5,"../Gmin_Marion/documents/data/input/gmin_paracou/Jour_1_Gmin_26_10_2020.csv",23.707425,3.14565441798853,NA
13,"Gh","P15-C2-174-Dic.gui-13",-0.00107685707441759,1,5,2,6,8,25.38,31.4,3.25080771820206,0.022048942970092,2.22722222222222,133.633333333333,2020-10-26 16:22:10,1.2667,1.1216,0.1451,2020-10-26 16:37:11,2020-10-26 18:50:49,4,"../Gmin_Marion/documents/data/input/gmin_paracou/Jour_1_Gmin_26_10_2020.csv",48.961225,4.61810991149576,NA
14,"Gh","P15-C2-218-Dic.gui-14",-0.0004511719161527,1,6,2,7,8,25.0666666666667,32.5166666666667,3.18888804044933,0.0212942445623621,4.65277777777778,279.166666666667,2020-10-26 16:22:50,0.8185,0.6918,0.1267,2020-10-26 16:37:47,2020-10-26 21:16:57,5,"../Gmin_Marion/documents/data/input/gmin_paracou/Jour_1_Gmin_26_10_2020.csv",32.6354277777778,3.00563860384042,NA
15,"Gh","P15-C3-135-Cas.jav-15",-0.00099804875479922,1,4,3,6,8,24.85,31.75,3.14557613858829,0.0212157006861404,1.95638888888889,117.383333333333,2020-10-26 16:23:31,1.7887,1.6711,0.1176,2020-10-26 16:54:21,2020-10-26 18:51:44,4,"../Gmin_Marion/documents/data/input/gmin_paracou/Jour_1_Gmin_26_10_2020.csv",97.9933055555556,2.22251253240536,NA
16,"Gh","P15-C3-798-Hym.het-16",-0.00036661917458544,1,6,2,7,8,25.1333333333333,32.5,3.20257783690399,0.021395207182861,4.6525,279.15,2020-10-26 16:24:10,1.2992,1.1969,0.1023,2020-10-26 16:39:08,2020-10-26 21:18:17,5,"../Gmin_Marion/documents/data/input/gmin_paracou/Jour_1_Gmin_26_10_2020.csv",37.4310305555556,2.11940104162358,NA
17,"Gh","P15-C3-89-Boc.pro-17",-0.00042694783711755,1,6,2,7,8,25.1333333333333,32.5833333333333,3.20257783690399,0.0213622698053792,4.64972222222222,278.983333333333,2020-10-26 16:24:47,0.7098,0.5902,0.1196,2020-10-26 16:39:50,2020-10-26 21:18:49,5,"../Gmin_Marion/documents/data/input/gmin_paracou/Jour_1_Gmin_26_10_2020.csv",25.3473388888889,3.65040709143175,NA
18,"Gh","P15-C3-799-Chr.pri-18",-0.00014899453067261,1,6,2,7,8,25.1333333333333,32.55,3.2027560505642,0.0213747259431862,4.64444444444444,278.666666666667,2020-10-26 16:26:21,0.8249,0.7835,0.0414,2020-10-26 16:40:36,2020-10-26 21:19:16,5,"../Gmin_Marion/documents/data/input/gmin_paracou/Jour_1_Gmin_26_10_2020.csv",35.9217277777778,0.898377368572357,NA
19,"Gh","P15-C3-171-Hym.het-19",-0.00053278679322495,1,5,2,6,8,25.34,31.28,3.24281488632971,0.0220305741045161,2.215,132.9,2020-10-26 16:27:07,0.4357,0.3636,0.0721,2020-10-26 16:40:56,2020-10-26 18:53:50,4,"../Gmin_Marion/documents/data/input/gmin_paracou/Jour_1_Gmin_26_10_2020.csv",23.6365916666667,4.73684345695867,NA
20,"Gh","P15-C3-593-Boc.pro-20",-0.00032035421971232,1,7,1,7,8,25.3857142857143,32.2142857142857,3.25318538359872,0.0218237414425469,4.8675,292.05,2020-10-26 16:28:19,1.1757,1.0819,0.0937999999999999,2020-10-26 16:28:19,2020-10-26 21:20:22,5,"../Gmin_Marion/documents/data/input/gmin_paracou/Jour_1_Gmin_26_10_2020.csv",46.4847166666667,1.46196609841021,NA
156,"Exemple","P14-C3-814-Por-gui-156",-0.00063866938670193,1,6,2,7,8,27.55,31.6666666666667,3.6850228903945,0.0248585878315625,4.35,261,2020-11-09 15:18:12,1.5786,1.4103,0.1683,2020-11-09 15:43:00,2020-11-09 20:04:00,5,"../Gmin_Marion/documents/data/input/gmin_paracou/Jour_10_Gmin_09_11_2020.csv",68.8153111111111,1.72846590511377,NA
157,"Exemple","P14-C3-271-Pro.opa-157",-0.00336199420278492,0.96,4,1,4,8,27.875,30.75,3.75441050884814,0.0256684833541119,1.84805555555556,110.883333333333,2020-11-09 15:20:07,0.8734,0.4991,0.3743,2020-11-09 15:20:07,2020-11-09 17:11:00,2,"../Gmin_Marion/documents/data/input/gmin_paracou/Jour_10_Gmin_09_11_2020.csv",36.7442694444444,16.5026383843146,3.07
158,"Exemple","P14-C3-2659-Iry.hos-158",-0.00076044800221463,1,5,3,7,8,27.4,31.4,3.65273438987636,0.024726042849368,3.5,210,2020-11-09 15:21:17,1.7892,1.6269,0.1623,2020-11-09 16:36:00,2020-11-09 20:06:00,5,"../Gmin_Marion/documents/data/input/gmin_paracou/Jour_10_Gmin_09_11_2020.csv",100.196241666667,1.42105119131965,NA
159,"Exemple","P14-C3-314-Esc.cor-159",-0.00040718849840255,1,6,2,7,8,27.5,31.3333333333333,3.6743798558605,0.0248973996649951,4.33333333333333,260,2020-11-09 15:23:02,1.424,1.3162,0.1078,2020-11-09 15:46:00,2020-11-09 20:06:00,5,"../Gmin_Marion/documents/data/input/gmin_paracou/Jour_10_Gmin_09_11_2020.csv",66.4211027777778,1.13993917390646,NA
160,"Exemple","P14-C3-326-Por.gui-160",-0.00124629420856069,1,6,2,7,8,27.5333333333333,31.3333333333333,3.68168814119277,0.0249479011431056,4.31666666666667,259,2020-11-09 15:24:53,1.289,0.9621,0.3269,2020-11-09 15:48:00,2020-11-09 20:07:00,5,"../Gmin_Marion/documents/data/input/gmin_paracou/Jour_10_Gmin_09_11_2020.csv",55.17665,4.19157732313851,NA
161,"Exemple","P14-C3-701-Chr.pri-161",-0.0013261929169009,1,6,2,7,8,27.5333333333333,31.1666666666667,3.68168814119277,0.0250101154727962,4.3,258,2020-11-09 15:27:41,4.6936,4.3474,0.3462,2020-11-09 15:49:00,2020-11-09 20:07:00,5,"../Gmin_Marion/documents/data/input/gmin_paracou/Jour_10_Gmin_09_11_2020.csv",200.645512686667,1.22351079241515,NA
162,"Exemple","P14-C3-719-Jac.cop-162",-0.00073168420611295,1,4,3,6,8,27.175,30.5,3.60444351594575,0.0247312606987744,1.75,105,2020-11-09 15:29:04,0.4252,0.3483,0.0769,2020-11-09 16:39:00,2020-11-09 18:24:00,4,"../Gmin_Marion/documents/data/input/gmin_paracou/Jour_10_Gmin_09_11_2020.csv",22.1122361111111,6.19428253934471,NA
163,"Exemple","P14-C3-741-Tac.mel-163",-0.0001495936119834,1,6,2,7,8,27.5,31.3333333333333,3.6744895643611,0.0248985067478682,4.28333333333333,257,2020-11-09 15:30:15,0.2127,0.1738,0.0389,2020-11-09 15:51:00,2020-11-09 20:08:00,5,"../Gmin_Marion/documents/data/input/gmin_paracou/Jour_10_Gmin_09_11_2020.csv",9.91959166666667,2.8040916266446,NA
164,"Exemple","P14-C3-20-Boc.pro-164",-0.00038586232420429,1,3,5,7,8,27.2333333333333,32.3333333333333,3.61773756738505,0.0241322522710158,2.36666666666667,142,2020-11-09 15:31:00,0.6021,0.5466,0.0555,2020-11-09 17:47:00,2020-11-09 20:09:00,5,"../Gmin_Marion/documents/data/input/gmin_paracou/Jour_10_Gmin_09_11_2020.csv",35.0660777777778,2.11102597141774,NA
165,"Exemple","P14-C3-116-Lae.pro_165",-0.00055580229885057,1,5,3,7,8,27.24,32,3.61846729151517,0.0242686445375206,3.03333333333333,182,2020-11-09 15:32:12,2.9697,2.869,0.1007,2020-11-09 17:08:00,2020-11-09 20:10:00,5,"../Gmin_Marion/documents/data/input/gmin_paracou/Jour_10_Gmin_09_11_2020.csv",123.050427777778,0.861663981071745,NA
166,"Exemple","P14-C3-413-Por.gui-166",-0.00073406123280911,1,6,2,7,8,27.4833333333333,31.3333333333333,3.67104370428605,0.024874695276471,4.21666666666667,253,2020-11-09 15:32:59,2.6337,2.4469,0.1868,2020-11-09 15:57:00,2020-11-09 20:10:00,5,"../Gmin_Marion/documents/data/input/gmin_paracou/Jour_10_Gmin_09_11_2020.csv",93.9282916666667,1.4545355653009,NA
167,"Exemple","P14-C3-649-Esc.cor-167",-0.00039168851969913,1,5,3,7,8,27.3,31.8,3.6315212396514,0.0244283451235747,3.46666666666667,208,2020-11-09 15:34:04,2.5614,2.4788,0.0825999999999998,2020-11-09 16:44:00,2020-11-09 20:12:00,5,"../Gmin_Marion/documents/data/input/gmin_paracou/Jour_10_Gmin_09_11_2020.csv",98.6539277777778,0.752451762210031,NA
168,"Exemple","P14-C3-2679-Jac.cop-168",-0.00044425233093355,0.99,4,4,7,8,27.175,32.25,3.60501723791368,0.0240786790041188,2.88333333333333,173,2020-11-09 15:35:05,0.3143,0.2363,0.078,2020-11-09 17:20:00,2020-11-09 20:13:00,5,"../Gmin_Marion/documents/data/input/gmin_paracou/Jour_10_Gmin_09_11_2020.csv",28.5774222222222,2.98896104862225,NA
169,"Exemple","P14-C3-2682-Tac.mel-169",-0.000260402860808,1,7,1,7,8,27.5571428571429,31.2857142857143,3.68699631349108,0.0250019946445028,4.61222222222222,276.733333333333,2020-11-09 15:36:16,0.4686,0.3973,0.0713,2020-11-09 15:36:16,2020-11-09 20:13:00,5,"../Gmin_Marion/documents/data/input/gmin_paracou/Jour_10_Gmin_09_11_2020.csv",31.6097194444444,1.52544551694903,NA
170,"Exemple","P14-C4-593-Iry.sag-170",-0.00016806325976631,1,4,4,7,8,27.15,32.25,3.59987489233141,0.0240431445331654,2.88333333333333,173,2020-11-09 15:37:29,0.7053,0.6759,0.0294000000000001,2020-11-09 17:21:00,2020-11-09 20:14:00,5,"../Gmin_Marion/documents/data/input/gmin_paracou/Jour_10_Gmin_09_11_2020.csv",32.1368777777778,1.00698750909137,NA
175,"Exemple","P14-C4-26-Dic.gui-175",-0.00141440191935163,1,6,2,7,8,27.4333333333333,31.5,3.66045346900303,0.0247392843634804,4.25,255,2020-11-09 15:40:45,2.7324,2.3693,0.3631,2020-11-09 16:00:00,2020-11-09 20:15:00,5,"../Gmin_Marion/documents/data/input/gmin_paracou/Jour_10_Gmin_09_11_2020.csv",98.6483833333333,2.68313164210749,NA
140,"Exemple","P11-C1-216-Por.gui-140",-0.00132544402733896,1,6,2,7,8,26.2666666666667,31.3333333333333,3.41598284721167,0.0231574951701918,3.50972222222222,210.583333333333,2020-11-12 14:46:50,1.7128,1.4322,0.2806,2020-11-12 15:19:31,2020-11-12 18:50:06,5,"../Gmin_Marion/documents/data/input/gmin_paracou/Jour_11_Gmin_12_11_2020.csv",68.8043833333333,3.85123440204996,NA
174,"Exemple","P11-C2-2966-Jac.cop-174",-0.000444186480938,1,5,3,7,8,26.22,31.4,3.40654779922248,0.0230711677873718,2.53027777777778,151.816666666667,2020-11-12 14:48:17,0.653,0.5851,0.0679000000000001,2020-11-12 16:18:45,2020-11-12 18:50:34,5,"../Gmin_Marion/documents/data/input/gmin_paracou/Jour_11_Gmin_12_11_2020.csv",21.6996694444444,4.10760703903315,NA
177,"Exemple","P11-C2-558-Jac.cop-177",-0.00037959690996602,1,4,4,7,8,26.175,31.75,3.39748502446644,0.0228913801962764,1.90583333333333,114.35,2020-11-12 14:49:18,0.2676,0.2242,0.0434,2020-11-12 16:56:31,2020-11-12 18:50:52,5,"../Gmin_Marion/documents/data/input/gmin_paracou/Jour_11_Gmin_12_11_2020.csv",13.8669972222222,5.53623491924963,NA
178,"Exemple","P11-C4-2848-Pte.off-178",-0.00071399048451756,1,7,1,7,8,26.2857142857143,31.4285714285714,3.41981371164524,0.0231502252990001,4.01527777777778,240.916666666667,2020-11-12 14:50:15,0.7507,0.5784,0.1723,2020-11-12 14:50:15,2020-11-12 18:51:10,5,"../Gmin_Marion/documents/data/input/gmin_paracou/Jour_11_Gmin_12_11_2020.csv",35.7819722222222,3.99042521962479,NA
179,"Exemple","P11-C2-2979-Hym.het-179",-0.00031576438312541,1,6,2,7,8,26.2666666666667,31.3333333333333,3.41598284721167,0.0231574951701918,3.50194444444444,210.116666666667,2020-11-12 14:51:04,0.4128,0.346,0.0668,2020-11-12 15:21:27,2020-11-12 18:51:34,5,"../Gmin_Marion/documents/data/input/gmin_paracou/Jour_11_Gmin_12_11_2020.csv",28.6878527777778,2.20049185351678,NA
180,"Exemple","P11-C2-2972-Jac.cop-180",-0.00062889027077704,1,4,4,7,8,26.175,31.75,3.39748502446644,0.0228913801962764,1.89416666666667,113.65,2020-11-12 14:52:01,0.554,0.4824,0.0716000000000001,2020-11-12 16:58:09,2020-11-12 18:51:48,5,"../Gmin_Marion/documents/data/input/gmin_paracou/Jour_11_Gmin_12_11_2020.csv",28.8035861111111,4.41573075292566,NA
181,"Exemple","P11-C4-994-Hym.het-181",-0.00050800323436292,1,6,2,7,8,26.2833333333333,31.5,3.41939352371066,0.0231254059671431,3.49666666666667,209.8,2020-11-12 14:54:14,0.7337,0.627,0.1067,2020-11-12 15:22:45,2020-11-12 18:52:33,5,"../Gmin_Marion/documents/data/input/gmin_paracou/Jour_11_Gmin_12_11_2020.csv",33.5531138888889,3.03103205774063,NA
182,"Exemple","P11-C4-1032-Pte.off-182",-0.00032178836418227,1,6,2,7,8,26.2666666666667,31.5,3.41598284721167,0.0231021743108322,3.49444444444444,209.666666666667,2020-11-12 14:56:51,0.5103,0.4427,0.0676,2020-11-12 15:23:12,2020-11-12 18:52:52,5,"../Gmin_Marion/documents/data/input/gmin_paracou/Jour_11_Gmin_12_11_2020.csv",37.9011222222222,1.70142049222906,NA
183,"Exemple","P11-C2-196-Con.gui-183",-0.00066969080448605,1,6,2,7,8,26.2833333333333,31.5,3.41939352371066,0.023124069527182,3.50583333333333,210.35,2020-11-12 14:57:35,1.3865,1.2446,0.1419,2020-11-12 15:23:38,2020-11-12 18:53:59,5,"../Gmin_Marion/documents/data/input/gmin_paracou/Jour_11_Gmin_12_11_2020.csv",83.1147388888889,1.61316307743964,NA
184,"Exemple","P11-C1-896-Por.gui-184",-0.00228758643031805,1,6,2,7,8,26.2833333333333,31.3333333333333,3.41939352371066,0.0231813847977669,3.50305555555556,210.183333333333,2020-11-12 14:58:17,2.0692,1.5864,0.4828,2020-11-12 15:24:05,2020-11-12 18:54:16,5,"../Gmin_Marion/documents/data/input/gmin_paracou/Jour_11_Gmin_12_11_2020.csv",72.0827777777778,6.33800927274563,NA
186,"Exemple","P11-C1-2966-Jac.cop-186",-0.00083001757963074,1,4,4,7,8,26.175,32,3.39748502446644,0.022809385864133,1.93027777777778,115.816666666667,2020-11-12 14:59:49,0.6826,0.5867,0.0959,2020-11-12 17:00:44,2020-11-12 18:56:33,5,"../Gmin_Marion/documents/data/input/gmin_paracou/Jour_11_Gmin_12_11_2020.csv",32.7802972222222,5.13933657295389,NA
187,"Exemple","P11-C4-2905_Jac.cop_187",-0.00014949992677754,1,5,9,13,14,26.2,31.6,3.40255895711367,0.0229787962838093,2.54027777777778,152.416666666667,2020-11-12 15:05:36,0.4226,0.3998,0.0228,2020-11-12 16:24:57,2020-11-12 18:57:22,11,"../Gmin_Marion/documents/data/input/gmin_paracou/Jour_11_Gmin_12_11_2020.csv",22.6102444444444,1.33215480689724,NA
189,"Exemple","P11-C3-1044-Vir.mic-189",-0.00034942114695582,1,7,1,7,8,26.2857142857143,31.4285714285714,3.41988797570951,0.0231532799864394,3.84055555555556,230.433333333333,2020-11-12 15:07:12,0.9907,0.9091,0.0816,2020-11-12 15:07:12,2020-11-12 18:57:38,5,"../Gmin_Marion/documents/data/input/gmin_paracou/Jour_11_Gmin_12_11_2020.csv",41.3452888888889,1.68988394299815,NA
190,"Exemple","P11-C4-48-Vir.mic-190",-0.00039024671642392,1,5,3,7,8,26.2,31.8,3.40255895711367,0.0229116216870608,2.53833333333333,152.3,2020-11-12 15:07:47,0.6062,0.5465,0.0597,2020-11-12 16:25:46,2020-11-12 18:58:04,5,"../Gmin_Marion/documents/data/input/gmin_paracou/Jour_11_Gmin_12_11_2020.csv",26.89255,2.93222769900723,NA
191,"Exemple","P11-C3-468-Por.gui-191",-0.00026071830110974,1,7,2,8,9,26.2285714285714,31.8571428571429,3.40840268051441,0.0229322308457214,3.4575,207.45,2020-11-12 15:12:08,1.4452,1.3906,0.0546,2020-11-12 15:31:01,2020-11-12 18:58:28,6,"../Gmin_Marion/documents/data/input/gmin_paracou/Jour_11_Gmin_12_11_2020.csv",59.1703472222222,0.88954381350864,NA
192,"Exemple","P11-C3-2301-Jac.cop-192",-0.00033050627605696,1,5,3,7,8,26.2,32,3.40255895711367,0.0228452366558291,2.525,151.5,2020-11-12 15:12:41,0.3065,0.257,0.0495,2020-11-12 16:27:19,2020-11-12 18:58:49,5,"../Gmin_Marion/documents/data/input/gmin_paracou/Jour_11_Gmin_12_11_2020.csv",12.1478694444444,5.51353559292352,NA
193,"Exemple","P11-C3-103-Vir.mic-193",-0.0016074790808678,0.98,4,4,7,8,26.15,31.75,3.39249897183044,0.0228588971058627,1.85222222222222,111.133333333333,2020-11-12 15:13:53,1.7572,1.5776,0.1796,2020-11-12 17:04:21,2020-11-12 18:55:29,5,"../Gmin_Marion/documents/data/input/gmin_paracou/Jour_11_Gmin_12_11_2020.csv",112.811063888889,2.88592214694604,NA
194,"Exemple","P11-C2-1031-Tac.mel-194",-0.00015942043109269,1,4,4,7,8,26.15,32.25,3.39249897183044,0.0226929345277837,1.89166666666667,113.5,2020-11-12 15:15:05,0.2098,0.1917,0.0181,2020-11-12 17:05:39,2020-11-12 18:59:09,5,"../Gmin_Marion/documents/data/input/gmin_paracou/Jour_11_Gmin_12_11_2020.csv",13.8770888888889,2.34369556254506,NA
195,"Exemple","P11-C2-628-Con.gui-195",-0.00064113051799533,1,5,3,7,8,26.2,31.6,3.40255895711367,0.0229787962838093,2.43861111111111,146.316666666667,2020-11-12 15:16:00,2.2209,2.1266,0.0943000000000001,2020-11-12 16:29:36,2020-11-12 18:55:55,5,"../Gmin_Marion/documents/data/input/gmin_paracou/Jour_11_Gmin_12_11_2020.csv",133.272658333333,0.969224454550274,NA
116,"Exemple","P13-C2-282-Iry.hos-116",-0.00027810094097519,1,4,3,6,7,26.125,31,3.38800141010727,0.0230772060510762,2.2,132,2020-11-13 16:05:37,1.2881,1.2516,0.0365,2020-11-13 16:54:00,2020-11-13 19:06:00,4,"../Gmin_Marion/documents/data/input/gmin_paracou/Jour_12_Gmin_13_11_2020.csv",54.934125,1.0156013465093,NA
148,"Exemple","P13-C2-108-Lae.pro-148",-0.00110847284605963,0.99,3,4,6,7,26,31,3.36294918442381,0.0229065640400043,1.63333333333333,98,2020-11-13 15:39:26,2.161,2.0537,0.1073,2020-11-13 17:28:00,2020-11-13 19:06:00,4,"../Gmin_Marion/documents/data/input/gmin_paracou/Jour_12_Gmin_13_11_2020.csv",109.220708333333,2.05119225740173,NA
149,"Exemple","P13-C2-86-Pte.off-149",-0.00018915592769915,1,5,2,6,7,26.26,31,3.41514670626036,0.0232621049093746,2.81666666666667,169,2020-11-13 15:42:18,0.5992,0.5669,0.0323,2020-11-13 16:20:00,2020-11-13 19:09:00,4,"../Gmin_Marion/documents/data/input/gmin_paracou/Jour_12_Gmin_13_11_2020.csv",31.26325,1.20415687875957,NA
150,"Exemple","P13-C2-47-Boc.pro-150",-0.00083474953318426,1,4,3,6,7,26.125,31,3.38777082742591,0.0230756354484095,2.23333333333333,134,2020-11-13 15:43:40,1.5925,1.4805,0.112,2020-11-13 16:55:00,2020-11-13 19:09:00,4,"../Gmin_Marion/documents/data/input/gmin_paracou/Jour_12_Gmin_13_11_2020.csv",71.2188,2.35154943276504,NA
171,"Exemple","P13-C4-169-Hum.het-171",-0.00057389697241629,1,5,2,6,7,26.22,31,3.40694109117104,0.0232062127631591,2.78333333333333,167,2020-11-13 15:44:09,0.5942,0.498,0.0962,2020-11-13 16:22:00,2020-11-13 19:09:00,4,"../Gmin_Marion/documents/data/input/gmin_paracou/Jour_12_Gmin_13_11_2020.csv",34.3203666666667,3.33598426674505,NA
172,"Exemple","P13-C4-2830-Con.gui-172",-0.00146418674896579,1,5,2,6,7,26.24,31,3.41117838949357,0.0232350749136285,2.73333333333333,164,2020-11-13 15:44:59,1.9102,1.6688,0.2414,2020-11-13 16:23:00,2020-11-13 19:07:00,4,"../Gmin_Marion/documents/data/input/gmin_paracou/Jour_12_Gmin_13_11_2020.csv",115.062997222222,2.53549618455655,NA
173,"Exemple","P13-C4-2501-Hym.het-173",-0.00028709854817421,1,5,2,6,7,26.22,31,3.40694109117104,0.0232062127631591,2.73333333333333,164,2020-11-13 15:46:52,0.3949,0.3478,0.0471,2020-11-13 16:26:00,2020-11-13 19:10:00,4,"../Gmin_Marion/documents/data/input/gmin_paracou/Jour_12_Gmin_13_11_2020.csv",19.4155777777778,2.95000435056676,NA
176,"Exemple","P13-C2-79-Con.gui-176",-0.00115522233822684,1,5,2,6,7,26.22,31,3.40706451302776,0.0232070534451052,2.76666666666667,166,2020-11-13 15:53:29,2.4954,2.303,0.1924,2020-11-13 16:21:00,2020-11-13 19:07:00,4,"../Gmin_Marion/documents/data/input/gmin_paracou/Jour_12_Gmin_13_11_2020.csv",169.502738888889,1.35961236143004,NA
185,"Exemple","P13-C4-2805-Hym.het-185",-0.00065405396431891,1,5,2,6,7,26.22,31,3.40694109117104,0.0232062127631591,2.7,162,2020-11-13 15:54:26,1.005,0.8987,0.1063,2020-11-13 16:29:00,2020-11-13 19:11:00,4,"../Gmin_Marion/documents/data/input/gmin_paracou/Jour_12_Gmin_13_11_2020.csv",45.7754694444444,2.85051121898579,NA
196,"Exemple","P13-C1-1100-Hym.het-196",-0.00030273903826843,1,5,2,6,7,26.22,31,3.40694109117104,0.0232062127631591,2.68333333333333,161,2020-11-13 15:55:02,0.7579,0.7089,0.049,2020-11-13 16:30:00,2020-11-13 19:11:00,4,"../Gmin_Marion/documents/data/input/gmin_paracou/Jour_12_Gmin_13_11_2020.csv",39.8823083333333,1.51436345073181,NA
198,"Exemple","P13-C4-406-Hym.het-198",-0.00050640793188129,1,4,3,6,7,25.925,31,3.3491984687942,0.0228129017124185,2.21666666666667,133,2020-11-13 16:12:15,1.0538,0.9862,0.0676000000000001,2020-11-13 16:58:00,2020-11-13 19:11:00,4,"../Gmin_Marion/documents/data/input/gmin_paracou/Jour_12_Gmin_13_11_2020.csv",49.0789055555556,2.0939743108199,NA
199,"Exemple","P13-C4-452-Boc.pro-199",-0.00037360050608186,1,5,2,6,7,26.24,31,3.41088897141998,0.0232331035565625,2.68333333333333,161,2020-11-13 16:14:02,1.4224,1.3614,0.0610000000000002,2020-11-13 16:31:00,2020-11-13 19:12:00,4,"../Gmin_Marion/documents/data/input/gmin_paracou/Jour_12_Gmin_13_11_2020.csv",54.842725,1.3574612804164,NA
200,"Exemple","P13-C2-400-Hym.het-200",-0.00028757430400954,1,4,3,6,7,26.15,31,3.39270567773708,0.0231092489401637,2.21666666666667,133,2020-11-13 16:08:22,0.7227,0.6843,0.0384,2020-11-13 16:59:00,2020-11-13 19:12:00,4,"../Gmin_Marion/documents/data/input/gmin_paracou/Jour_12_Gmin_13_11_2020.csv",26.3928833333333,2.18284881455316,NA
201,"Exemple","P13-C1-1110-Epe.fal-201",-8.87700534759362e-05,1,4,3,6,7,26.15,31,3.39270567773708,0.0231092489401637,2.21666666666667,133,2020-11-13 16:12:56,0.2804,0.2687,0.0117,2020-11-13 16:59:00,2020-11-13 19:12:00,4,"../Gmin_Marion/documents/data/input/gmin_paracou/Jour_12_Gmin_13_11_2020.csv",19.9079638888889,0.893305597035914,NA
202,"Exemple","P13-C1-68-Epe.fal-202",-0.00016231157228518,1,6,1,6,7,26.3333333333333,31,3.4298852576718,0.0233624958321179,3.09833333333333,185.9,2020-11-13 16:07:06,0.5491,0.5192,0.0299,2020-11-13 16:07:06,2020-11-13 19:13:00,4,"../Gmin_Marion/documents/data/input/gmin_paracou/Jour_12_Gmin_13_11_2020.csv",35.7581944444444,0.899499476673177,NA
203,"Exemple","P13-C2-122-Esc.cor-203",-0.00063693659281894,1,5,2,6,7,26.22,31,3.4071274353836,0.0232074820376573,2.71666666666667,163,2020-11-13 15:55:43,2.602,2.4981,0.1039,2020-11-13 16:24:00,2020-11-13 19:07:00,4,"../Gmin_Marion/documents/data/input/gmin_paracou/Jour_12_Gmin_13_11_2020.csv",100.252555555556,1.26741538341693,NA
204,"Exemple","P13-C2-121-Lae.pro-204",-0.00109959372114496,1,4,3,6,7,26.125,31,3.38766797714121,0.023074934888721,2.21666666666667,133,2020-11-13 15:56:25,2.2499,2.1034,0.1465,2020-11-13 17:00:00,2020-11-13 19:13:00,4,"../Gmin_Marion/documents/data/input/gmin_paracou/Jour_12_Gmin_13_11_2020.csv",65.4774916666667,3.36934887617252,NA
205,"Exemple","P13-C2-102-Iry.hos-205",-0.00028537776875797,1,5,3,7,8,26.04,31,3.37077101882017,0.022959842082783,2.21666666666667,133,2020-11-13 15:56:59,1.4445,1.4057,0.0387999999999999,2020-11-13 17:01:00,2020-11-13 19:14:00,5,"../Gmin_Marion/documents/data/input/gmin_paracou/Jour_12_Gmin_13_11_2020.csv",69.0414805555556,0.833465052182651,NA
206,"Exemple","P13-C2-92-Car.pro-206",-0.00099012391600067,1,5,2,6,7,26.18,31,3.39898339844108,0.0231520093279797,2.76666666666667,166,2020-11-13 15:57:37,3.567,3.4013,0.1657,2020-11-13 16:22:00,2020-11-13 19:08:00,4,"../Gmin_Marion/documents/data/input/gmin_paracou/Jour_12_Gmin_13_11_2020.csv",152.994129495,1.29411342932381,NA
207,"Exemple","P13-C2-107-Sym.glo-207",-0.00033953897407246,1,5,2,6,7,26.22,31,3.40685881094328,0.0232056523154083,2.81666666666667,169,2020-11-13 15:58:30,1.2226,1.1643,0.0583,2020-11-13 16:25:00,2020-11-13 19:14:00,4,"../Gmin_Marion/documents/data/input/gmin_paracou/Jour_12_Gmin_13_11_2020.csv",48.5381944444444,1.39559203701557,NA
197,"x","197",-0.00129469321373599,1,8,1,8,12,26.5,31,3.46315808715763,0.0235891320842918,2.96666666666667,178,2020-11-16 15:22:00,0.6537,0.4288,0.2249,2020-11-16 15:22:00,2020-11-16 18:20:00,6,"../Gmin_Marion/documents/data/input/gmin_paracou/Jour_13_Gmin_16_11_2020.csv",31.6597,8.0259114346937,NA
208,"x","208",-0.00109851857848296,1,6,3,8,12,26.5,31,3.46315808715763,0.0235891320842918,2.66666666666667,160,2020-11-16 15:25:00,3.2211,3.0447,0.1764,2020-11-16 15:41:00,2020-11-16 18:21:00,6,"../Gmin_Marion/documents/data/input/gmin_paracou/Jour_13_Gmin_16_11_2020.csv",160.351419444444,1.34452500728457,NA
213,"x","213",-0.00026141421392677,1,3,5,7,11,26.5,31,3.46315808715763,0.0235891320842918,1.75,105,2020-11-16 15:29:00,0.2781,0.2504,0.0277,2020-11-16 16:38:00,2020-11-16 18:23:00,5,"../Gmin_Marion/documents/data/input/gmin_paracou/Jour_13_Gmin_16_11_2020.csv",18.8058222222222,2.72816829975833,NA
221,"x","221",-0.00033113333333333,1,4,5,8,12,26.5,31,3.46315808715763,0.0235891320842918,1.8,108,2020-11-16 15:28:00,0.5322,0.4963,0.0359,2020-11-16 16:35:00,2020-11-16 18:23:00,6,"../Gmin_Marion/documents/data/input/gmin_paracou/Jour_13_Gmin_16_11_2020.csv",29.7161472222222,2.18697937003721,NA
222,"x","222",-0.00065924150864763,1,6,3,8,12,26.5,31,3.46315808715763,0.0235891320842918,2.68333333333333,161,2020-11-16 15:32:00,2.0094,1.9028,0.1066,2020-11-16 15:44:00,2020-11-16 18:25:00,6,"../Gmin_Marion/documents/data/input/gmin_paracou/Jour_13_Gmin_16_11_2020.csv",92.4282,1.39982690287317,NA
223,"x","223",-0.0003157041728763,1,5,4,8,12,26.5,31,3.46315808715763,0.0235891320842918,2.33333333333333,140,2020-11-16 15:30:00,1.092,1.0479,0.0441,2020-11-16 16:04:00,2020-11-16 18:24:00,6,"../Gmin_Marion/documents/data/input/gmin_paracou/Jour_13_Gmin_16_11_2020.csv",43.2398638888889,1.43294753848299,NA
224,"x","224",-0.00095163640300677,1,5,4,8,12,26.5,31,3.46315808715763,0.0235891320842918,2.33333333333333,140,2020-11-16 15:31:00,0.5794,0.4437,0.1357,2020-11-16 16:04:00,2020-11-16 18:24:00,6,"../Gmin_Marion/documents/data/input/gmin_paracou/Jour_13_Gmin_16_11_2020.csv",24.5889666666667,7.59565193391748,NA
225,"x","225",-0.00013351193327923,0.99,3,9,11,12,26.5333333333333,38.6666666666667,3.47011926744297,0.0209999624378111,6.15,369,2020-11-16 15:33:00,0.5513,0.5019,0.0494,2020-11-16 09:18:00,2020-11-16 15:27:00,9,"../Gmin_Marion/documents/data/input/gmin_paracou/Jour_13_Gmin_16_11_2020.csv",54.2732916666667,0.54232753290836,NA
226,"x","226",-0.00040455761833082,1,4,6,9,13,26.5,31,3.46315808715763,0.0235891320842918,1.53333333333333,92,2020-11-16 15:34:00,0.8272,0.7889,0.0383,2020-11-16 16:55:00,2020-11-16 18:27:00,7,"../Gmin_Marion/documents/data/input/gmin_paracou/Jour_13_Gmin_16_11_2020.csv",51.3220083333333,1.54707378718443,NA
227,"x","227",-0.00018690958555221,1,5,4,8,12,26.5,31,3.46315808715763,0.0235891320842918,2.36666666666667,142,2020-11-16 15:36:00,0.5041,0.4772,0.0269,2020-11-16 16:06:00,2020-11-16 18:28:00,6,"../Gmin_Marion/documents/data/input/gmin_paracou/Jour_13_Gmin_16_11_2020.csv",25.8012888888889,1.42175400312209,NA
229,"x","229",-0.00010021559099308,1,3,9,11,12,26.5333333333333,38.3333333333333,3.47011926744297,0.0211152698260468,6.15,369,2020-11-16 15:35:00,0.5176,0.4806,0.0369999999999999,2020-11-16 09:19:00,2020-11-16 15:28:00,9,"../Gmin_Marion/documents/data/input/gmin_paracou/Jour_13_Gmin_16_11_2020.csv",35.0350611111111,0.627165306282251,NA
209,"Symphonia globulifera","P13_C1_Sg_782",-0.00014606513224341,1,3,7,9,10,26.4,37.6666666666667,3.44461614455281,0.0212174824448613,6.1,366,2020-11-19 15:53:00,0.94,0.8865,0.0535,2020-11-19 08:17:00,2020-11-19 14:23:00,7,"../Gmin_Marion/documents/data/input/gmin_paracou/Jour_14_Gmin_19_11_2020.csv",31.93335,0.998054995061871,NA
210,"Chrysophyllum prieurii","P13_C1_Cp_514",-0.00054461235465666,1,4,3,6,10,26.2,34,3.40265212633158,0.0221712770293975,1.83333333333333,110,2020-11-19 15:55:00,3.5754,3.5151,0.0603000000000002,2020-11-19 16:44:00,2020-11-19 18:34:00,4,"../Gmin_Marion/documents/data/input/gmin_paracou/Jour_14_Gmin_19_11_2020.csv",136.561683333333,0.832749092447197,NA
211,"Conceveiba guianensis","P13_C1_Cg_114",-0.00149937681439907,1,4,3,6,10,26.25,34,3.41283183371753,0.0222391082428315,1.81666666666667,109,2020-11-19 15:58:00,2.748,2.5869,0.1611,2020-11-19 16:45:00,2020-11-19 18:34:00,4,"../Gmin_Marion/documents/data/input/gmin_paracou/Jour_14_Gmin_19_11_2020.csv",146.590102777778,2.12929101602384,NA
212,"Hymenopus heteromorphus","P13_C1_Hh_408",-0.00075290391175298,1,6,1,6,10,26.2833333333333,34.3333333333333,3.41942758178843,0.0221659590341157,2.53333333333333,152,2020-11-19 16:04:00,0.3975,0.2831,0.1144,2020-11-19 16:04:00,2020-11-19 18:36:00,4,"../Gmin_Marion/documents/data/input/gmin_paracou/Jour_14_Gmin_19_11_2020.csv",14.3443861111111,10.9626944426996,10.05
214,"Hymenopus heteromorphus","P13_C1_Hh_634",-0.00094156132063022,1,6,1,6,10,26.2833333333333,34.3333333333333,3.41942758178843,0.0221659590341157,2.55,153,2020-11-19 16:03:00,0.5578,0.4087,0.1491,2020-11-19 16:03:00,2020-11-19 18:36:00,4,"../Gmin_Marion/documents/data/input/gmin_paracou/Jour_14_Gmin_19_11_2020.csv",24.7252305555556,7.95367758158601,8.12
215,"Hymenopus heteromorphus","P13_C1_Hh_1100",-0.00057436423456551,1,4,3,6,10,26.175,34,3.39756232910383,0.0221381154679926,1.81666666666667,109,2020-11-19 16:01:00,0.6846,0.6216,0.0629999999999999,2020-11-19 16:46:00,2020-11-19 18:35:00,4,"../Gmin_Marion/documents/data/input/gmin_paracou/Jour_14_Gmin_19_11_2020.csv",44.9767333333333,2.67057684945964,NA
216,"Esch","P13_C1_Ec_1075",-0.00033951990398079,1,4,3,6,10,28.075,33.75,3.86758060265667,0.0253317901029978,1.78333333333333,107,2020-11-19 16:05:00,1.7137,1.6773,0.0364,2020-11-19 16:50:00,2020-11-19 18:37:00,4,"../Gmin_Marion/documents/data/input/gmin_paracou/Jour_14_Gmin_19_11_2020.csv",70.3994277777778,0.881406965501612,NA
232,"Sym.glo","P13_C1_Sg_2803",-0.00031984208157754,1,4,3,6,10,26.175,34,3.39756232910383,0.0221381154679926,1.76666666666667,106,2020-11-19 16:06:00,1.4621,1.4285,0.0335999999999999,2020-11-19 16:51:00,2020-11-19 18:37:00,4,"../Gmin_Marion/documents/data/input/gmin_paracou/Jour_14_Gmin_19_11_2020.csv",50.768725,1.31748277856127,NA
233,"Lae.pro","P13_C1_Lp_2841",-0.00046936993293964,1,3,7,9,10,26.2333333333333,37.6666666666667,3.41063908862622,0.0210073411616557,6.03333333333333,362,2020-11-19 16:08:00,1.6586,1.4885,0.1701,2020-11-19 08:27:00,2020-11-19 14:29:00,7,"../Gmin_Marion/documents/data/input/gmin_paracou/Jour_14_Gmin_19_11_2020.csv",72.3205972222222,1.43030422809118,NA
234,"con.gui","P13_C1_Cg_361",-0.00289447951531585,1,4,3,6,10,26.075,34,3.37746306251241,0.022007162694544,1.73333333333333,104,2020-11-19 16:09:00,7.3288,7.0279,0.3009,2020-11-19 16:58:00,2020-11-19 18:42:00,4,"../Gmin_Marion/documents/data/input/gmin_paracou/Jour_14_Gmin_19_11_2020.csv",262.367221680278,2.32082876551067,NA
235,"Vir.mic","P13_C1_Vm_160",-1.69610690008074e-05,1,3,7,9,10,26.2,37.3333333333333,3.4036763928917,0.0210793359762524,6.03333333333333,362,2020-11-19 16:11:00,0.6985,0.6923,0.00619999999999998,2020-11-19 08:29:00,2020-11-19 14:31:00,7,"../Gmin_Marion/documents/data/input/gmin_paracou/Jour_14_Gmin_19_11_2020.csv",72.8493277777778,0.0511348510436458,NA
236,"Jac.cap","P13_C1_Jc_1061",-4.61192350956131e-05,1,3,7,9,10,26.1666666666667,37.3333333333333,3.3970965924768,0.021039714275827,5.95,357,2020-11-19 16:12:00,0.142,0.1254,0.0166,2020-11-19 08:35:00,2020-11-19 14:32:00,7,"../Gmin_Marion/documents/data/input/gmin_paracou/Jour_14_Gmin_19_11_2020.csv",15.0997527777778,0.672076438194288,NA
237,"chr.pri","P13_C1_Cp_853",-0.00030153795701456,1,3,7,9,10,26.1666666666667,37.3333333333333,3.3970965924768,0.021039714275827,5.96666666666667,358,2020-11-19 16:13:00,2.3234,2.2156,0.1078,2020-11-19 08:35:00,2020-11-19 14:33:00,7,"../Gmin_Marion/documents/data/input/gmin_paracou/Jour_14_Gmin_19_11_2020.csv",113.003663888889,0.587159205944974,NA
238,"Hym.het","P13_C1_Hh_910",-0.00042678130656573,1,4,3,6,10,26.125,34,3.38746093587049,0.0220723018496905,1.76666666666667,106,2020-11-19 16:19:00,0.5865,0.5414,0.0451,2020-11-19 16:55:00,2020-11-19 18:41:00,4,"../Gmin_Marion/documents/data/input/gmin_paracou/Jour_14_Gmin_19_11_2020.csv",35.59185,2.51508952451595,NA
238,"Hym.het","P13_C1_Hh_910",-0.00042678130656573,1,4,3,6,10,26.125,34,3.38746093587049,0.0220723018496905,1.76666666666667,106,2020-11-19 16:19:00,0.5865,0.5414,0.0451,2020-11-19 16:55:00,2020-11-19 18:41:00,4,"../Gmin_Marion/documents/data/input/gmin_paracou/Jour_14_Gmin_19_11_2020.csv",26.8428166666667,3.33484709167293,NA
239,"Hym.het","P13_C3_Hh_2921",-0.00021047135427331,1,4,3,6,10,26.125,34,3.38746093587049,0.0220723018496905,1.76666666666667,106,2020-11-19 16:15:00,0.553,0.531,0.022,2020-11-19 16:54:00,2020-11-19 18:40:00,4,"../Gmin_Marion/documents/data/input/gmin_paracou/Jour_14_Gmin_19_11_2020.csv",35.6655027777778,1.23777944681966,NA
241,"Jac.cap","15-C1-770-Jac.cap-241",-0.00031276473130672,0.99,4,3,6,8,24.025,43.4,2.98900461274677,0.0167000372269958,1.83333333333333,110,2020-11-30 16:30:42,0.3626,0.3271,0.0355,2020-11-30 17:14:00,2020-11-30 19:04:00,4,"../Gmin_Marion/documents/data/input/gmin_paracou/Jour_15_Gmin_30_11_2020.csv",16.1567222222222,5.36652708360139,NA
242,"Boc.pro","15-C2-452-Boc.pro-242",-0.0004592100317764,1,6,2,7,8,24.1,43.5833333333333,3.00263564547289,0.0167198224803317,2.61666666666667,157,2020-11-30 16:31:37,1.3436,1.2702,0.0733999999999999,2020-11-30 16:46:00,2020-11-30 19:23:00,5,"../Gmin_Marion/documents/data/input/gmin_paracou/Jour_15_Gmin_30_11_2020.csv",55.2938444444444,2.29958341260404,NA
243,"Con.gui","15-C2-445-Con.gui-243",-0.00070608945353289,1,6,2,7,8,24.0833333333333,43.5333333333333,2.99965559095405,0.0167177854025958,2.61666666666667,157,2020-11-30 16:32:36,2.1457,2.0327,0.113,2020-11-30 16:46:00,2020-11-30 19:23:00,5,"../Gmin_Marion/documents/data/input/gmin_paracou/Jour_15_Gmin_30_11_2020.csv",96.1276361111111,2.03413121704484,NA
217,"x","x",-0.00014020650715912,1,8,1,8,9,27.6625,30,3.70849808908268,0.0256263441496335,2.95,177,2020-12-07 15:42:00,0.178,0.1533,0.0247,2020-12-07 15:42:00,2020-12-07 18:39:00,6,"../Gmin_Marion/documents/data/input/gmin_paracou/Jour_16_Gmin_07_12_2020.csv",10.2223388888889,2.47786413900805,NA
218,"x","x",-0.00031300608909304,1,6,3,8,9,27.55,30,3.68420179924492,0.0254584527094911,2.33333333333333,140,2020-12-07 15:42:00,1.006,0.9619,0.0441,2020-12-07 16:20:00,2020-12-07 18:40:00,6,"../Gmin_Marion/documents/data/input/gmin_paracou/Jour_16_Gmin_07_12_2020.csv",76.1001944444444,0.747964978527513,NA
219,"x","x",-9.71181713785751e-05,1,6,3,8,9,27.55,30,3.68420179924492,0.0254584527094911,2.3,138,2020-12-07 15:43:00,0.1752,0.1618,0.0134,2020-12-07 16:22:00,2020-12-07 18:40:00,6,"../Gmin_Marion/documents/data/input/gmin_paracou/Jour_16_Gmin_07_12_2020.csv",15.9906972222222,1.10445325705875,NA
220,"x","x",-0.00028409580580293,1,8,1,8,9,27.65,30.125,3.70584672323613,0.025561362019418,2.95,177,2020-12-07 15:44:00,0.422,0.372,0.05,2020-12-07 15:44:00,2020-12-07 18:41:00,6,"../Gmin_Marion/documents/data/input/gmin_paracou/Jour_16_Gmin_07_12_2020.csv",21.9003611111111,2.34950191807265,NA
230,"x","x",-0.00023745637441475,1,8,1,8,9,27.65,30.125,3.70584672323613,0.025561362019418,2.95,177,2020-12-07 15:44:00,0.4359,0.3934,0.0425,2020-12-07 15:44:00,2020-12-07 18:41:00,6,"../Gmin_Marion/documents/data/input/gmin_paracou/Jour_16_Gmin_07_12_2020.csv",23.3178194444444,1.84441291701151,NA
231,"x","x",-0.00049970446989287,1,6,3,8,9,27.5166666666667,30.1666666666667,3.67714950285068,0.0253475058282114,2.3,138,2020-12-07 15:45:00,1.9961,1.9264,0.0697000000000001,2020-12-07 16:24:00,2020-12-07 18:42:00,6,"../Gmin_Marion/documents/data/input/gmin_paracou/Jour_16_Gmin_07_12_2020.csv",93.7350861111111,0.973693047093275,NA
240,"x","x",-0.00069760538617748,1,6,3,8,9,27.5166666666667,30.1666666666667,3.67714950285068,0.0253475058282114,2.3,138,2020-12-07 15:47:04,3.4,3.3013,0.0987,2020-12-07 16:24:00,2020-12-07 18:42:00,6,"../Gmin_Marion/documents/data/input/gmin_paracou/Jour_16_Gmin_07_12_2020.csv",104.711336111111,1.21682224672222,NA
244,"x","x",-0.0001085785822764,1,6,3,8,9,27.4833333333333,30.1666666666667,3.66998827789916,0.0252980205620114,2.3,138,2020-12-07 15:48:00,0.1781,0.1629,0.0152,2020-12-07 16:25:00,2020-12-07 18:43:00,6,"../Gmin_Marion/documents/data/input/gmin_paracou/Jour_16_Gmin_07_12_2020.csv",11.9770027777778,1.65903567157716,NA
8,"Iry.hos","P15-C4-960-Iry.hos-8",-0.00014143176961432,1,5,2,6,7,25.92,30.7,3.35493761366335,0.0230038639837835,2.95,177,2020-10-27 16:01:00,0.5594,0.5341,0.0253,2020-10-27 16:24:00,2020-10-27 19:21:00,4,"../Gmin_Marion/documents/data/input/gmin_paracou/Jour_2_Gmin_27_10_2020.csv",26.7012083333333,1.06601058690418,NA
21,"Iry.hos","P15-C4-860-Iry.hos-21",-0.0001572376182296,1,5,2,6,7,25.9,30.5,3.35103034118493,0.023038882781018,2.91666666666667,175,2020-10-27 16:01:00,0.8172,0.7894,0.0278,2020-10-27 16:26:00,2020-10-27 19:21:00,4,"../Gmin_Marion/documents/data/input/gmin_paracou/Jour_2_Gmin_27_10_2020.csv",39.8260166666667,0.793367524591962,NA
22,"Car.sur","P15-C4-740-Car.sur-22",-0.00045760089545369,1,5,2,6,7,25.9,30.44,3.35103034118493,0.0230574603127156,2.9,174,2020-10-27 16:02:00,2.4201,2.3404,0.0797000000000003,2020-10-27 16:28:00,2020-10-27 19:22:00,4,"../Gmin_Marion/documents/data/input/gmin_paracou/Jour_2_Gmin_27_10_2020.csv",98.4781861111111,0.932999914722155,NA
23,"Epe.fal","P15-C4-746-Epe.fal-23",-0.00021993302503587,1,4,3,6,7,25.425,31.175,3.25564426722131,0.022146846355801,2.5,150,2020-10-27 16:03:00,0.597,0.5641,0.0328999999999999,2020-10-27 16:53:00,2020-10-27 19:23:00,4,"../Gmin_Marion/documents/data/input/gmin_paracou/Jour_2_Gmin_27_10_2020.csv",37.1384222222222,1.23794501250584,NA
24,"Hym.het","P15-C4-844-Hym.het-24",-0.00111193015764661,1,5,2,6,7,25.8,30.32,3.33135990975559,0.0229616388632976,2.9,174,2020-10-27 16:04:00,2.5271,2.3326,0.1945,2020-10-27 16:29:00,2020-10-27 19:23:00,4,"../Gmin_Marion/documents/data/input/gmin_paracou/Jour_2_Gmin_27_10_2020.csv",82.0046694444444,2.73389791409329,NA
26,"Hym.het","P15-C4-984-Hym.het-26",-0.00111090330839701,1,5,1,5,7,26.28,30.02,3.42641571317922,0.0236893459172251,2.1,126,2020-10-27 16:07:00,0.3439,0.2066,0.1373,2020-10-27 16:07:00,2020-10-27 18:13:00,3,"../Gmin_Marion/documents/data/input/gmin_paracou/Jour_2_Gmin_27_10_2020.csv",13.5192722222222,16.0589122982822,17.67
27,"Boc.pro","P15-C4-1029-Boc.pro-27",-8.85033101120681e-05,1,5,2,6,7,25.68,30.36,3.30992992566154,0.0228078923019172,2.88333333333333,173,2020-10-27 16:09:00,0.1888,0.1735,0.0153,2020-10-27 16:31:00,2020-10-27 19:24:00,4,"../Gmin_Marion/documents/data/input/gmin_paracou/Jour_2_Gmin_27_10_2020.csv",7.98879444444444,2.24874060861938,NA
28,"Epe.fal","P15-C4-1035-Epe.fal-28",-0.00016872430613244,1,4,3,6,7,25.275,31.075,3.2266936882987,0.0219807617349539,2.41666666666667,145,2020-10-27 16:11:00,0.3153,0.2907,0.0246,2020-10-27 17:00:00,2020-10-27 19:25:00,4,"../Gmin_Marion/documents/data/input/gmin_paracou/Jour_2_Gmin_27_10_2020.csv",18.6244555555556,1.9080843743079,NA
35,"Pro.opa","P15-C4-408-Pro.opa-35",-0.0005067159649026,1,4,2,5,6,25.925,30.15,3.35809360225787,0.0232188011060192,2.86666666666667,172,2020-10-27 16:11:00,0.7703,0.6825,0.0878,2020-10-27 16:33:00,2020-10-27 19:25:00,3,"../Gmin_Marion/documents/data/input/gmin_paracou/Jour_2_Gmin_27_10_2020.csv",44.7437777777778,2.25807517277096,NA
36,"Car.sur","P15-C4-506-Car.sur-36",-0.0022045321466214,1,5,2,6,7,25.72,30.8,3.31525880916371,0.0226972492653695,2.8,168,2020-10-27 16:13:00,5.8307,5.4557,0.375,2020-10-27 16:39:00,2020-10-27 19:27:00,4,"../Gmin_Marion/documents/data/input/gmin_paracou/Jour_2_Gmin_27_10_2020.csv",194.4822320025,2.31211551348437,NA
37,"Pte.off","P15-C4-2809-Pte.off-37",-0.00021811731315042,1,3,4,6,7,24.6333333333333,32.0333333333333,3.10013461596244,0.0208013188823249,1.85,111,2020-10-27 16:16:00,0.4931,0.4688,0.0243,2020-10-27 17:37:00,2020-10-27 19:28:00,4,"../Gmin_Marion/documents/data/input/gmin_paracou/Jour_2_Gmin_27_10_2020.csv",32.834075,1.47849796287044,NA
38,"Pte.off","P15-C4-246-Pte.off-38",-0.0009039759939985,0.99,3,4,6,7,24.6333333333333,32.1666666666667,3.10013461596244,0.0207602300334822,1.83333333333333,110,2020-10-27 16:16:00,1.4316,1.3312,0.1004,2020-10-27 17:38:00,2020-10-27 19:28:00,4,"../Gmin_Marion/documents/data/input/gmin_paracou/Jour_2_Gmin_27_10_2020.csv",83.4014861111111,2.41711434414322,NA
39,"Pte.off","P15-C4-237-Pte.off-39",-0.0002553926206244,1,3,4,6,7,24.6333333333333,32.1333333333333,3.10013461596244,0.020770289109712,1.85,111,2020-10-27 16:17:00,0.4144,0.3859,0.0285,2020-10-27 17:38:00,2020-10-27 19:29:00,4,"../Gmin_Marion/documents/data/input/gmin_paracou/Jour_2_Gmin_27_10_2020.csv",29.5970416666667,1.9233740299735,NA
40,"Boc.pro","P15-C4-690-Boc.pro-40",-0.0001573955089689,1,5,2,6,7,25.72,30.7,3.3158151376831,0.0227347603267548,2.86666666666667,172,2020-10-27 16:18:00,0.3079,0.2805,0.0274,2020-10-27 16:37:00,2020-10-27 19:29:00,4,"../Gmin_Marion/documents/data/input/gmin_paracou/Jour_2_Gmin_27_10_2020.csv",15.5008972222222,2.06771828498567,NA
29,"Exemple","P15-C1-45-Por.gui-29",-0.00062042074488369,1,5,3,7,8,24.92,33.84,3.15355798349205,0.020598592331182,2.66666666666667,160,2020-10-28 15:54:28,1.7689,1.6688,0.1001,2020-10-28 16:35:00,2020-10-28 19:15:00,5,"../Gmin_Marion/documents/data/input/gmin_paracou/Jour_3_Gmin_28_10_2020.csv",77.8045555555556,1.79221451741401,NA
30,"Exemple","P15-C1-460-Por.gui-30",-0.00105331566494483,1,6,2,7,8,25.05,33.55,3.17837937266029,0.0208537531988081,3.03333333333333,182,2020-10-28 15:55:02,2.1866,1.994,0.1926,2020-10-28 16:15:00,2020-10-28 19:17:00,5,"../Gmin_Marion/documents/data/input/gmin_paracou/Jour_3_Gmin_28_10_2020.csv",102.785025,2.2750487994934,NA
31,"Exemple","P15-C1-65-Esc.cor-31",-0.00176752082603187,1,5,3,7,8,24.96,33.9,3.1611529921489,0.0206288637184984,2.56666666666667,154,2020-10-28 15:55:28,2.7277,2.459,0.2687,2020-10-28 16:43:00,2020-10-28 19:17:00,5,"../Gmin_Marion/documents/data/input/gmin_paracou/Jour_3_Gmin_28_10_2020.csv",88.5873888888889,4.47778854138196,NA
32,"Exemple","P15-C13-2684-Tac.mel-32",-0.0001590181520481,1,6,2,7,8,25.0666666666667,33.6166666666667,3.18156863064806,0.020852896002756,3.05,183,2020-10-28 16:14:17,0.3288,0.2997,0.0291,2020-10-28 16:15:00,2020-10-28 19:18:00,5,"../Gmin_Marion/documents/data/input/gmin_paracou/Jour_3_Gmin_28_10_2020.csv",21.0521277777778,1.67699039965801,NA
33,"Exemple","P15-C4-204-Gus.hex-33",-0.0004291799845696,1,4,4,7,8,24.875,34.05,3.14503095501208,0.0204758339640252,2.13333333333333,128,2020-10-28 15:58:28,1.1036,1.048,0.0555999999999999,2020-10-28 17:10:00,2020-10-28 19:18:00,5,"../Gmin_Marion/documents/data/input/gmin_paracou/Jour_3_Gmin_28_10_2020.csv",46.8730444444444,2.0702411996059,NA
45,"Exemple","P15-C1-623-Con.gui-45",-0.00036022535140182,1,5,3,7,8,24.94,33.64,3.15742413708465,0.0206856757686259,2.68333333333333,161,2020-10-28 15:59:26,0.9034,0.845,0.0584,2020-10-28 16:38:00,2020-10-28 19:19:00,5,"../Gmin_Marion/documents/data/input/gmin_paracou/Jour_3_Gmin_28_10_2020.csv",39.5601472222222,2.03794711683253,NA
46,"Exemple","P15-C1-637-Sym.glo-46",-0.00033092293101056,1,7,1,7,8,25.1428571428571,33.4285714285714,3.19627867058616,0.0210083489391193,3.32638888888889,199.583333333333,2020-10-28 16:00:25,1.3492,1.2821,0.0670999999999999,2020-10-28 16:00:25,2020-10-28 19:20:00,5,"../Gmin_Marion/documents/data/input/gmin_paracou/Jour_3_Gmin_28_10_2020.csv",40.8763722222222,1.78405748407701,NA
47,"Exemple","P15-C1-575-Sym.glo-47",-0.00018091266680878,1,7,1,7,8,25.0857142857143,33.4714285714286,3.185596849508,0.0209260507538436,3.31805555555556,199.083333333333,2020-10-28 16:01:55,0.7622,0.7252,0.037,2020-10-28 16:01:55,2020-10-28 19:21:00,5,"../Gmin_Marion/documents/data/input/gmin_paracou/Jour_3_Gmin_28_10_2020.csv",23.9656333333333,1.67008678519149,NA
48,"Exemple","P15-C1-641-Jac.cop-48",-0.00037635561160151,1,4,3,6,8,25,33.525,3.16870367882923,0.0207950901594572,1.76666666666667,106,2020-10-28 16:02:50,0.296,0.2563,0.0397,2020-10-28 16:40:00,2020-10-28 18:26:00,4,"../Gmin_Marion/documents/data/input/gmin_paracou/Jour_3_Gmin_28_10_2020.csv",18.3069527777778,4.57686155639594,NA
49,"Exemple","P15-C1-357-Car.sur-49",-0.00221177304267905,1,6,2,7,8,25.0166666666667,33.3333333333333,3.17219772361987,0.0208792603574036,3.1,186,2020-10-28 16:05:34,6.1371,5.7249,0.4122,2020-10-28 16:17:00,2020-10-28 19:23:00,5,"../Gmin_Marion/documents/data/input/gmin_paracou/Jour_3_Gmin_28_10_2020.csv",180.295907328611,2.72010601675796,NA
50,"Exemple","P15-C2-1136-Gus.hex-50",-0.00021630644125829,1,4,4,7,8,24.825,33.575,3.13573305983726,0.0205616559692523,2.18333333333333,131,2020-10-28 16:06:25,1.5012,1.4724,0.0288000000000002,2020-10-28 17:12:00,2020-10-28 19:23:00,5,"../Gmin_Marion/documents/data/input/gmin_paracou/Jour_3_Gmin_28_10_2020.csv",56.8703444444444,0.856390328529304,NA
51,"Exemple","P15-C2-980-Dic.gui-51",-0.0018004984630722,1,6,2,7,8,25.0333333333333,33.25,3.17537003386485,0.02092622231204,3.1,186,2020-10-28 16:09:39,1.4027,1.0655,0.3372,2020-10-28 16:18:00,2020-10-28 19:24:00,5,"../Gmin_Marion/documents/data/input/gmin_paracou/Jour_3_Gmin_28_10_2020.csv",56.8768194444444,7.00346344925231,NA
52,"Exemple","P15-C4-2803-Hym.het-52",-0.0004582739794363,1,6,2,7,8,25.0333333333333,33.2333333333333,3.17537003386485,0.0209312815700085,3.1,186,2020-10-28 16:10:27,0.7215,0.6363,0.0852000000000001,2020-10-28 16:18:00,2020-10-28 19:24:00,5,"../Gmin_Marion/documents/data/input/gmin_paracou/Jour_3_Gmin_28_10_2020.csv",41.2480722222222,2.45737803332354,NA
53,"Exemple","P15-C4-302-Boc.pro-53",-0.00079242264753778,1,7,1,7,8,25.1,33.0714285714286,3.18817467871597,0.0210673664589419,3.22222222222222,193.333333333333,2020-10-28 16:11:40,0.7265,0.573,0.1535,2020-10-28 16:11:40,2020-10-28 19:25:00,5,"../Gmin_Marion/documents/data/input/gmin_paracou/Jour_3_Gmin_28_10_2020.csv",29.4980805555556,5.90335799923651,NA
34,"R5","P6-C2-2358-Pro.opa-34",-0.00245873962986598,1,6,2,7,8,24.8333333333333,35.6833333333333,3.13739254746476,0.0199194266333404,2.83333333333333,170,2020-10-29 16:06:48,2.807,2.3914,0.4156,2020-10-29 16:28:00,2020-10-29 19:18:00,5,"../Gmin_Marion/documents/data/input/gmin_paracou/Jour_4_Gmin_29_10_2020.csv",111.102472222222,5.14349395567132,NA
41,"R5","P6-C2-2924-Pro.opa-41",-0.00154323033619027,1,6,2,7,8,24.8333333333333,35.6,3.13739254746476,0.0199454315030518,2.85,171,2020-10-29 16:07:20,1.8959,1.6324,0.2635,2020-10-29 16:28:00,2020-10-29 19:19:00,5,"../Gmin_Marion/documents/data/input/gmin_paracou/Jour_4_Gmin_29_10_2020.csv",104.913711111111,3.41429714419358,NA
42,"R5","P6-C2-2354-Pro.opa-42",-0.00131198411491375,1,7,1,7,8,24.9285714285714,35.8285714285714,3.15550951497333,0.0199875610814046,3.19833333333333,191.9,2020-10-29 16:08:06,2.6042,2.345,0.2592,2020-10-29 16:08:06,2020-10-29 19:20:00,5,"../Gmin_Marion/documents/data/input/gmin_paracou/Jour_4_Gmin_29_10_2020.csv",108.376686111111,2.80400739356089,NA
43,"R5","P6-C2-2901-Car.sur-43",-0.00103617386331141,1,4,4,7,8,24.75,36.2,3.12184725135607,0.0196565999120496,1.86666666666667,112,2020-10-29 16:06:11,5.0234,4.9071,0.1163,2020-10-29 17:32:00,2020-10-29 19:24:00,5,"../Gmin_Marion/documents/data/input/gmin_paracou/Jour_4_Gmin_29_10_2020.csv",160.910605555556,1.51665155525133,NA
44,"R5","P6-C2-2961-Pro.opa-44",-0.00201070796435168,1,7,1,7,8,24.9285714285714,35.7428571428571,3.15550951497333,0.020014348287638,3.18694444444444,191.216666666667,2020-10-29 16:08:47,1.5361,1.1471,0.389,2020-10-29 16:08:47,2020-10-29 19:20:00,5,"../Gmin_Marion/documents/data/input/gmin_paracou/Jour_4_Gmin_29_10_2020.csv",63.7736916666667,7.29310113783985,NA
60,"R5","P6-C2-2955-Con.gui-60",-0.00077045670957502,1,4,4,7,8,24.7,35.925,3.11247598791172,0.0196821851618543,1.86666666666667,112,2020-10-29 16:11:08,2.5258,2.4393,0.0865,2020-10-29 17:33:00,2020-10-29 19:25:00,5,"../Gmin_Marion/documents/data/input/gmin_paracou/Jour_4_Gmin_29_10_2020.csv",132.851836111111,1.3641232662382,NA
61,"R5","P6-C2-2866-Jac.cop-61",-0.00030909475465313,1,4,4,7,8,24.75,36.125,3.12172550430408,0.0196800399831579,1.9,114,2020-10-29 16:13:00,0.3339,0.2988,0.0351,2020-10-29 17:27:00,2020-10-29 19:21:00,5,"../Gmin_Marion/documents/data/input/gmin_paracou/Jour_4_Gmin_29_10_2020.csv",31.0119083333333,2.34467912010071,NA
64,"R5","P6-C1-2924-Sym.glo-64",-0.00094154307807721,1,5,3,7,8,24.8,35.78,3.13108668589835,0.0198475376296911,2.51666666666667,151,2020-10-29 16:15:58,2.2066,2.0649,0.1417,2020-10-29 16:51:00,2020-10-29 19:22:00,5,"../Gmin_Marion/documents/data/input/gmin_paracou/Jour_4_Gmin_29_10_2020.csv",88.6555833333333,2.47727213745782,NA
65,"R5","P6-C1-2874-Tac.mel-65",-0.00030510919073377,1,7,1,7,8,24.9142857142857,35.5285714285714,3.15264910440896,0.0200641435221463,3.06583333333333,183.95,2020-10-29 16:18:03,0.5017,0.446,0.0557,2020-10-29 16:18:03,2020-10-29 19:22:00,5,"../Gmin_Marion/documents/data/input/gmin_paracou/Jour_4_Gmin_29_10_2020.csv",29.1617333333333,2.41416849920421,NA
66,"R5","P6-C1-2359-Pro.ste-66",-0.00200785738018639,0.91,6,1,6,8,24.9,34.8833333333333,3.15000205309788,0.020249177044861,2.33444444444444,140.066666666667,2020-10-29 16:18:56,0.5547,0.3024,0.2523,2020-10-29 16:18:56,2020-10-29 18:39:00,4,"../Gmin_Marion/documents/data/input/gmin_paracou/Jour_4_Gmin_29_10_2020.csv",28.8466833333333,15.9138714466775,9.01
67,"R5","P6-C1-538-Esc.cor-67",-0.00019100430018033,1,5,3,7,8,24.8,35.72,3.13108668589835,0.0198660828288076,2.58333333333333,155,2020-10-29 16:20:08,1.7647,1.7353,0.0293999999999999,2020-10-29 16:52:00,2020-10-29 19:27:00,5,"../Gmin_Marion/documents/data/input/gmin_paracou/Jour_4_Gmin_29_10_2020.csv",43.7038055555556,1.01849264372574,NA
68,"R5","P6-C1-405-Boc.pro-68",-0.00020346962193501,1,6,2,7,8,24.85,35.3333333333333,3.14048376502776,0.0200472598941727,2.93333333333333,176,2020-10-29 16:22:13,1.164,1.1274,0.0366,2020-10-29 16:31:00,2020-10-29 19:27:00,5,"../Gmin_Marion/documents/data/input/gmin_paracou/Jour_4_Gmin_29_10_2020.csv",61.4303777777778,0.764905212096502,NA
69,"R5","P6-C1-890-Tac.mel-69",-0.00014933354526669,1,6,2,7,8,24.8166666666667,35.3333333333333,3.13423625606486,0.0200069512333481,2.9,174,2020-10-29 16:25:19,0.2329,0.2065,0.0264,2020-10-29 16:34:00,2020-10-29 19:28:00,5,"../Gmin_Marion/documents/data/input/gmin_paracou/Jour_4_Gmin_29_10_2020.csv",14.8277583333333,2.33048982835231,NA
54,"Exemple","P6-C1-2962-Pro.opa-54",-0.00149428456032105,1,6,2,7,8,25.8666666666667,34.4166666666667,3.33643931833767,0.0216054063178872,2.71666666666667,163,2020-10-30 15:17:03,1.841,1.5957,0.2453,2020-10-30 15:49:00,2020-10-30 18:32:00,5,"../Gmin_Marion/documents/data/input/gmin_paracou/Jour_5_Gmin_30_10_2020.csv",85.7182555555556,3.73545746561939,NA
55,"Exemple","P6-C1-480-Jac.cop-55",-0.00088705792807241,1,6,2,7,8,25.8333333333333,32.8333333333333,3.32987603272714,0.0220684807934273,2.71666666666667,163,2020-10-30 15:19:51,0.5045,0.3592,0.1453,2020-10-30 15:50:00,2020-10-30 18:33:00,5,"../Gmin_Marion/documents/data/input/gmin_paracou/Jour_5_Gmin_30_10_2020.csv",20.1203083333333,9.24892295479084,NA
56,"Exemple","P6-C1-149-Chr.pri-56",-0.00136060674837343,1,5,3,7,8,25.54,34.56,3.27246842838636,0.0211377281958671,2.5,150,2020-10-30 15:19:51,3.9194,3.7143,0.2051,2020-10-30 16:09:00,2020-10-30 18:39:00,5,"../Gmin_Marion/documents/data/input/gmin_paracou/Jour_5_Gmin_30_10_2020.csv",147.552344444444,2.01964224376942,NA
57,"Exemple","P6-C1-148-Con.gui-57",-0.00096685020365062,1,4,4,7,8,25.7,34.925,3.30343643497607,0.0212230406210662,1.83333333333333,110,2020-10-30 15:23:23,1.6062,1.4996,0.1066,2020-10-30 16:44:00,2020-10-30 18:34:00,5,"../Gmin_Marion/documents/data/input/gmin_paracou/Jour_5_Gmin_30_10_2020.csv",100.365408333333,2.10142444890986,NA
62,"Exemple","P6-C3-75-Chr.pri-62",-0.00142941040933703,1,6,2,7,8,25.8666666666667,34.25,3.33643931833767,0.0216607351161325,2.65,159,2020-10-30 15:24:53,2.4129,2.1848,0.2281,2020-10-30 15:55:00,2020-10-30 18:34:00,5,"../Gmin_Marion/documents/data/input/gmin_paracou/Jour_5_Gmin_30_10_2020.csv",89.6462166666667,3.40798780455475,NA
63,"Exemple","P6-C3-324-Boc.pro-63",-0.00103285561535766,1,6,2,7,8,25.8666666666667,34.35,3.33643931833767,0.0216281628985657,2.66666666666667,160,2020-10-30 15:26:52,1.745,1.5806,0.1644,2020-10-30 15:55:00,2020-10-30 18:35:00,5,"../Gmin_Marion/documents/data/input/gmin_paracou/Jour_5_Gmin_30_10_2020.csv",81.8440527777778,2.70133910262778,NA
70,"Exemple","P6-C3-697-Con.gui-70",-0.00153285275854686,1,6,2,7,8,25.8666666666667,34.25,3.33643931833767,0.0216608360975346,2.65,159,2020-10-30 15:34:38,1.7913,1.5467,0.2446,2020-10-30 15:56:00,2020-10-30 18:35:00,5,"../Gmin_Marion/documents/data/input/gmin_paracou/Jour_5_Gmin_30_10_2020.csv",95.5821194444444,3.42763695158909,NA
71,"Exemple","P6-C3-521-Jac.cop-71",-0.00021624257199451,0.99,4,4,7,8,25.7,35.075,3.30343643497607,0.0211738299344826,1.83333333333333,110,2020-10-30 15:35:29,0.3501,0.3264,0.0237,2020-10-30 16:46:00,2020-10-30 18:36:00,5,"../Gmin_Marion/documents/data/input/gmin_paracou/Jour_5_Gmin_30_10_2020.csv",17.1800861111111,2.75209036719759,NA
74,"Exemple","P6-C3-171-Lic.mem-74",-0.0016467721997421,1,6,2,7,8,25.85,34.2666666666667,3.333115283247,0.02163335128385,2.65,159,2020-10-30 15:36:19,2.1122,1.8502,0.262,2020-10-30 15:58:00,2020-10-30 18:37:00,5,"../Gmin_Marion/documents/data/input/gmin_paracou/Jour_5_Gmin_30_10_2020.csv",105.098730555556,3.35319262873287,NA
75,"Exemple","P6-C3-324-Boc.pro-75",-0.00076971167469538,1,6,2,7,8,25.85,34.2333333333333,3.33323346877416,0.0216462519618704,2.65,159,2020-10-30 15:37:32,1.6611,1.5384,0.1227,2020-10-30 15:58:00,2020-10-30 18:37:00,5,"../Gmin_Marion/documents/data/input/gmin_paracou/Jour_5_Gmin_30_10_2020.csv",77.961525,2.11159822188251,NA
76,"Exemple","P6-C3-473-Esc.cor-76",-0.00078515588022541,1,6,2,7,8,25.8333333333333,34.2666666666667,3.32987500171025,0.0216133652356893,2.63333333333333,158,2020-10-30 15:44:11,3.4382,3.3137,0.1245,2020-10-30 15:59:00,2020-10-30 18:37:00,5,"../Gmin_Marion/documents/data/input/gmin_paracou/Jour_5_Gmin_30_10_2020.csv",136.900238888889,1.22850106682317,NA
77,"Exemple","P6-C3-489-Lae.pro-77",-0.00042580445740734,0.99,5,3,7,8,25.74,34.48,3.31138249488084,0.0214219993821601,2.36666666666667,142,2020-10-30 15:45:22,1.9599,1.8995,0.0604,2020-10-30 16:16:00,2020-10-30 18:38:00,5,"../Gmin_Marion/documents/data/input/gmin_paracou/Jour_5_Gmin_30_10_2020.csv",63.9220222222222,1.4396136108564,NA
78,"Exemple","P6-C3-502-Car.sur-78",-0.00177123602919285,1,6,2,7,8,25.8333333333333,34.4333333333333,3.32996052522979,0.02155856140733,2.76666666666667,166,2020-10-30 15:47:20,5.484,5.1902,0.2938,2020-10-30 15:52:00,2020-10-30 18:38:00,5,"../Gmin_Marion/documents/data/input/gmin_paracou/Jour_5_Gmin_30_10_2020.csv",188.911786154167,2.01346393553094,NA
79,"Exemple","P6-C3-726-Jac.cop-79",-0.00020463638770184,1,4,4,7,8,25.675,34.975,3.29862766063082,0.0211763588957752,1.85,111,2020-10-30 15:47:59,0.1928,0.17,0.0228,2020-10-30 16:49:00,2020-10-30 18:40:00,5,"../Gmin_Marion/documents/data/input/gmin_paracou/Jour_5_Gmin_30_10_2020.csv",17.0531722222222,2.62344910285203,NA
72,"Con.gui","P6-C4-105-Con.gui-72",-0.00070047079952057,1,6,2,7,8,24.4833333333333,38.0333333333333,3.0725207243755,0.0187948704959914,2.55388888888889,153.233333333333,2020-11-03 15:23:33,1.7954,1.6874,0.108,2020-11-03 15:54:31,2020-11-03 18:27:45,5,"../Gmin_Marion/documents/data/input/gmin_paracou/Jour_6_Gmin_3_11_2020.csv",117.555627777778,1.46775484204363,NA
73,"Car.sur","P6-C4-2803-Car.sur-73",-0.00105242884796511,1,6,2,7,8,24.5333333333333,38.0333333333333,3.08160262345959,0.0188512057781331,2.54861111111111,152.916666666667,2020-11-03 15:23:59,1.918,1.7551,0.1629,2020-11-03 15:55:06,2020-11-03 18:28:01,5,"../Gmin_Marion/documents/data/input/gmin_paracou/Jour_6_Gmin_3_11_2020.csv",92.7299888888889,2.78727391797541,NA
80,"Esc.cor","P6-C4-110-Esc.cor-80",-0.00026318703542096,1,6,2,7,8,24.4833333333333,37.9833333333333,3.07237717281541,0.0188089509086793,2.55055555555556,153.033333333333,2020-11-03 15:24:39,1.4343,1.3937,0.0406,2020-11-03 15:55:22,2020-11-03 18:28:24,5,"../Gmin_Marion/documents/data/input/gmin_paracou/Jour_6_Gmin_3_11_2020.csv",64.8369638888889,0.999133447887106,NA
81,"Esc.cor","P6-C4-196-Esc.cor-81",-0.00017027719908557,1,4,4,7,8,24.525,38.4,3.08008912610251,0.0187301397520418,1.70638888888889,102.383333333333,2020-11-03 15:26:37,1.3234,1.3058,0.0175999999999998,2020-11-03 16:46:25,2020-11-03 18:28:48,5,"../Gmin_Marion/documents/data/input/gmin_paracou/Jour_6_Gmin_3_11_2020.csv",48.3653777777778,0.870216161100333,NA
82,"Con.gui","P6-C4-189-Con.gui-82",-0.00059575350158853,1,5,3,7,8,24.56,38.1,3.08653249490327,0.0188615093782091,2.25472222222222,135.283333333333,2020-11-03 15:28:41,1.4726,1.3915,0.0810999999999999,2020-11-03 16:13:42,2020-11-03 18:28:59,5,"../Gmin_Marion/documents/data/input/gmin_paracou/Jour_6_Gmin_3_11_2020.csv",84.1450722222222,1.73783172438145,NA
83,"Esc.cor","P6-C4-2351-Esc.cor-83",-0.00041100420031276,1,4,4,7,8,24.525,38.425,3.08008912610251,0.0187223210407236,1.69333333333333,101.6,2020-11-03 15:30:49,1.2301,1.1885,0.0416000000000001,2020-11-03 16:47:49,2020-11-03 18:29:25,5,"../Gmin_Marion/documents/data/input/gmin_paracou/Jour_6_Gmin_3_11_2020.csv",45.5382,2.23180867271813,NA
84,"Con.gui","P6-C4-2969-Con.gui-84",-0.0007976009475408,1,6,2,7,8,24.4833333333333,38.1166666666667,3.0724248114463,0.0187687925645398,2.60166666666667,156.1,2020-11-03 15:32:22,2.6761,2.5492,0.1269,2020-11-03 15:56:36,2020-11-03 18:32:42,5,"../Gmin_Marion/documents/data/input/gmin_paracou/Jour_6_Gmin_3_11_2020.csv",147.591258333333,1.33301470456654,NA
85,"Epe.fal","P6-C4-298-Epe.fal-85",-0.00032036018992717,1,7,1,7,8,24.4857142857143,37.9285714285714,3.07286444722032,0.0188290326574182,2.93083333333333,175.85,2020-11-03 15:34:00,1.0569,1,0.0569,2020-11-03 15:34:00,2020-11-03 18:29:51,5,"../Gmin_Marion/documents/data/input/gmin_paracou/Jour_6_Gmin_3_11_2020.csv",64.883725,1.21400648786581,NA
86,"Chr.pri","P6-C4-450-Chr.pri-86",-0.00318588930740833,1,5,3,7,8,24.5,38.22,3.07551912048731,0.0187566875539854,2.20833333333333,132.5,2020-11-03 15:37:08,5.9342,5.5071,0.427099999999999,2020-11-03 16:20:28,2020-11-03 18:32:58,5,"../Gmin_Marion/documents/data/input/gmin_paracou/Jour_6_Gmin_3_11_2020.csv",194.648386111111,4.03989409115585,NA
87,"Pro.ste","P6-C4-2050-Pro.ste-87",-0.00101133799048836,0.99,5,1,5,10,24.52,37.82,3.0791137417759,0.0188988871126139,1.77138888888889,106.283333333333,2020-11-03 15:39:24,0.8285,0.7184,0.1101,2020-11-03 15:39:24,2020-11-03 17:25:41,3,"../Gmin_Marion/documents/data/input/gmin_paracou/Jour_6_Gmin_3_11_2020.csv",38.5566194444444,6.42550684596758,NA
88,"Vir.mic","P6-C4-2930-Vir.mic-88",-0.00048586023835211,0.99,4,4,7,8,24.45,38.625,3.06622649637063,0.0185761671702643,1.60333333333333,96.2,2020-11-03 15:40:45,0.8753,0.8282,0.0470999999999999,2020-11-03 16:54:15,2020-11-03 18:30:27,5,"../Gmin_Marion/documents/data/input/gmin_paracou/Jour_6_Gmin_3_11_2020.csv",56.4339694444444,2.14565996692779,NA
89,"Esc.cor","P6-C4-2895-Esc.cor-89",-0.00024988994464583,1,6,2,7,8,24.5166666666667,38.05,3.07849524423939,0.0188264291564247,2.47805555555556,148.683333333333,2020-11-03 15:41:43,1.3364,1.2991,0.0373000000000001,2020-11-03 16:02:01,2020-11-03 18:30:42,5,"../Gmin_Marion/documents/data/input/gmin_paracou/Jour_6_Gmin_3_11_2020.csv",65.7725305555556,0.934291771456379,NA
90,"Con.gui","P6-C4-2653-Con.gui-90",-0.00047655068009189,1,4,4,7,8,24.475,38.45,3.07088714263963,0.0186578658244336,1.6725,100.35,2020-11-03 15:42:28,1.3274,1.2794,0.0479999999999998,2020-11-03 16:50:35,2020-11-03 18:30:56,5,"../Gmin_Marion/documents/data/input/gmin_paracou/Jour_6_Gmin_3_11_2020.csv",90.9817972222222,1.29968727081395,NA
91,"Con.gui","P6-C4-439-Con.gui-91",-0.00129187567628494,1,6,2,7,8,24.4666666666667,38.15,3.06933359388329,0.0187397557154213,2.55027777777778,153.016666666667,2020-11-03 15:43:49,2.4911,2.2905,0.2006,2020-11-03 16:00:25,2020-11-03 18:33:26,5,"../Gmin_Marion/documents/data/input/gmin_paracou/Jour_6_Gmin_3_11_2020.csv",134.613961111111,2.37089838605502,NA
92,"Chr.pri","P6-C4-454-Chr.pri-92",-0.00038743744116394,1,6,2,7,8,24.3666666666667,38.1666666666667,3.05102624415502,0.0186212009307226,2.54916666666667,152.95,2020-11-03 15:45:02,2.5251,2.4652,0.0599000000000003,2020-11-03 16:00:47,2020-11-03 18:33:44,5,"../Gmin_Marion/documents/data/input/gmin_paracou/Jour_6_Gmin_3_11_2020.csv",102.358444444444,0.941058177659357,NA
93,"Chr.pri","P6-C4-594-Chr.pri-93",-0.00089203781796839,1,6,2,7,8,24.45,38.15,3.06624237632029,0.0187206516022947,2.54666666666667,152.8,2020-11-03 15:45:50,3.3316,3.1947,0.1369,2020-11-03 16:01:05,2020-11-03 18:33:53,5,"../Gmin_Marion/documents/data/input/gmin_paracou/Jour_6_Gmin_3_11_2020.csv",163.955886111111,1.3454933072953,NA
94,"Lic.mem","P6-C4-431-Lic.mem-94",-0.00101531662965565,1,7,1,7,8,24.5142857142857,38.0571428571429,3.07808092451919,0.0188216117434619,2.75638888888889,165.383333333333,2020-11-03 15:45:50,1.1536,0.9786,0.175,2020-11-03 15:45:50,2020-11-03 18:31:13,5,"../Gmin_Marion/documents/data/input/gmin_paracou/Jour_6_Gmin_3_11_2020.csv",63.5863638888889,3.92759724557281,NA
95,"Tac.mel","P6-C4-288-Tac.mel-95",-0.00017007975426114,1,6,2,7,8,24.4833333333333,37.9666666666667,3.0724248114463,0.0188148468948024,2.48638888888889,149.183333333333,2020-11-03 15:47:07,0.3,0.2748,0.0252,2020-11-03 16:02:43,2020-11-03 18:31:54,5,"../Gmin_Marion/documents/data/input/gmin_paracou/Jour_6_Gmin_3_11_2020.csv",15.1191722222222,2.76802600447398,NA
96,"Iry.sag","P6-C4-658-Iry.sag-96",-0.00158327293742267,0.99,4,2,5,8,24.525,37.975,3.07999279182926,0.0188569381888188,1.40972222222222,84.5833333333333,2020-11-03 15:47:51,0.7249,0.5908,0.1341,2020-11-03 16:02:57,2020-11-03 17:27:32,3,"../Gmin_Marion/documents/data/input/gmin_paracou/Jour_6_Gmin_3_11_2020.csv",28.7483777777778,13.5212709823385,NA
97,"Lae.pro","P6-C4-395-Lae.pro-97",-0.00043599913576824,0.99,4,4,7,8,24.475,38.425,3.07088714263963,0.018665590852226,1.66277777777778,99.7666666666667,2020-11-03 15:49:11,1.9842,1.9407,0.0434999999999999,2020-11-03 16:51:45,2020-11-03 18:31:31,5,"../Gmin_Marion/documents/data/input/gmin_paracou/Jour_6_Gmin_3_11_2020.csv",59.8633472222222,1.80646328325044,NA
98,"Iry.sag","P14C4-807-Iry.sag-98",-9.24372062279673e-05,1,5,3,7,8,23.28,40.4,2.85808446261444,0.0168174085734963,2.21666666666667,133,2020-11-04 15:49:20,0.81,0.7976,0.0124000000000001,2020-11-04 16:25:00,2020-11-04 18:38:00,5,"../Gmin_Marion/documents/data/input/gmin_paracou/Jour_7_Gmin_04_11_2020.csv",37.5330805555556,0.677984513281894,NA
99,"Vou.ame","P14C4-991-Vou.ame-99",-0.00014721396178722,1,5,3,7,8,23.28,40.44,2.85808446261444,0.0168060075480472,2.2,132,2020-11-04 15:50:05,0.3878,0.3684,0.0194,2020-11-04 16:26:00,2020-11-04 18:38:00,5,"../Gmin_Marion/documents/data/input/gmin_paracou/Jour_7_Gmin_04_11_2020.csv",28.0914,1.44363469604001,NA
100,"Esc.cor","P14C4-897-Esc.cor-100",-0.00025836294273852,1,5,3,7,8,23.28,39.48,2.85808446261444,0.0170742156366796,2.18333333333333,131,2020-11-04 16:10:00,2.163,2.1291,0.0338999999999996,2020-11-04 16:27:00,2020-11-04 18:38:00,5,"../Gmin_Marion/documents/data/input/gmin_paracou/Jour_7_Gmin_04_11_2020.csv",75.5150416666667,0.927688649624878,NA
101,"Por.gui","P14C4-898-Por.gui-101",-0.00027857275599331,1,4,4,7,8,23.275,40.45,2.85733228934134,0.0167987695569279,1.63333333333333,98,2020-11-04 16:11:00,0.9471,0.9197,0.0274000000000001,2020-11-04 17:00:00,2020-11-04 18:38:00,5,"../Gmin_Marion/documents/data/input/gmin_paracou/Jour_7_Gmin_04_11_2020.csv",44.1664666666667,1.73826009471166,NA
102,"Hym.het","P14C4-2539-Hym.het-102",-0.00075404515522107,1,5,3,7,8,23.32,40.24,2.86506940849724,0.0169039126476145,2.18333333333333,131,2020-11-04 16:11:00,0.9927,0.8935,0.0992000000000001,2020-11-04 16:28:00,2020-11-04 18:39:00,5,"../Gmin_Marion/documents/data/input/gmin_paracou/Jour_7_Gmin_04_11_2020.csv",49.1666583333333,4.200351846305,NA
103,"Esc.cor","P14C4-907-Esc.cor-103",-0.00067055765418707,1,5,3,7,8,23.32,40.2,2.86506940849724,0.0169151444399396,2.18333333333333,131,2020-11-04 16:12:00,3.3031,3.2147,0.0884,2020-11-04 16:28:00,2020-11-04 18:39:00,5,"../Gmin_Marion/documents/data/input/gmin_paracou/Jour_7_Gmin_04_11_2020.csv",108.644541666667,1.68926875871199,NA
104,"Cas.jav","P14C4-929-Cas.jav-104",-0.00144947563699694,1,5,3,7,8,23.32,40.22,2.86506940849724,0.0169095631958914,2.16666666666667,130,2020-11-04 16:12:00,1.7669,1.5768,0.1901,2020-11-04 16:29:00,2020-11-04 18:39:00,5,"../Gmin_Marion/documents/data/input/gmin_paracou/Jour_7_Gmin_04_11_2020.csv",74.0684666666667,5.35786079235369,NA
105,"Cas.jav","P14C4-180-Cas.jav-105",-0.00046094210873871,1,4,4,7,8,23.25,40.375,2.85295520205676,0.016793649257632,1.68333333333333,101,2020-11-04 16:12:00,0.7705,0.7238,0.0467,2020-11-04 16:58:00,2020-11-04 18:39:00,5,"../Gmin_Marion/documents/data/input/gmin_paracou/Jour_7_Gmin_04_11_2020.csv",44.9546472222222,2.82665601322099,NA
106,"Dic.gui","P14C4-13-Dic.gui-106",-0.00318879339719078,1,5,3,7,8,23.32,40.08,2.86506940849724,0.0169487705126863,2.16666666666667,130,2020-11-04 16:13:00,1.5251,1.1099,0.4152,2020-11-04 16:30:00,2020-11-04 18:40:00,5,"../Gmin_Marion/documents/data/input/gmin_paracou/Jour_7_Gmin_04_11_2020.csv",120.683508333333,7.21749521668881,NA
108,"Vou.ame","P14C4-624-Vou.ame-108",-0.00143179538615848,0.99,6,2,7,8,23.4,40.1166666666667,2.87893615264922,0.0170199985088228,2.43333333333333,146,2020-11-04 15:57:51,0.8982,0.6898,0.2084,2020-11-04 16:14:00,2020-11-04 18:40:00,5,"../Gmin_Marion/documents/data/input/gmin_paracou/Jour_7_Gmin_04_11_2020.csv",50.6323027777778,7.69201300846017,NA
109,"Vou.ame","P14C4-766-Vou.ame-109",-0.00027341410188878,1,5,3,7,8,23.36,40.04,2.87189051463486,0.0170001370602822,2.16666666666667,130,2020-11-04 15:59:09,0.4861,0.4505,0.0356,2020-11-04 16:30:00,2020-11-04 18:40:00,5,"../Gmin_Marion/documents/data/input/gmin_paracou/Jour_7_Gmin_04_11_2020.csv",34.8618916666667,2.13581576334571,NA
110,"Pro.ste","P14C4-2572-Pro.ste-110",-0.00184380507185597,1,6,1,6,8,23.55,39.9666666666667,2.90489454975723,0.0172146186135088,2.14861111111111,128.916666666667,2020-11-04 16:00:05,1.3275,1.0802,0.2473,2020-11-04 16:00:05,2020-11-04 18:09:00,4,"../Gmin_Marion/documents/data/input/gmin_paracou/Jour_7_Gmin_04_11_2020.csv",68.2754916666667,7.26271517223436,NA
111,"Esc.cor","P14C4-511-Esc.cor-111",-0.00047841082229096,1,4,4,7,8,23.35,40.15,2.87023575929793,0.0169587997156506,1.63333333333333,98,2020-11-04 16:02:07,2.8162,2.769,0.0471999999999997,2020-11-04 17:03:00,2020-11-04 18:41:00,5,"../Gmin_Marion/documents/data/input/gmin_paracou/Jour_7_Gmin_04_11_2020.csv",67.6050444444444,1.93184834614195,NA
112,"Vou.ame","P14C4-697-Vou.ame-112",-0.00020273739852746,1,5,3,7,8,23.36,40.02,2.87189051463486,0.0170055469187185,2.16666666666667,130,2020-11-04 16:02:39,0.4428,0.4166,0.0262,2020-11-04 16:31:00,2020-11-04 18:41:00,5,"../Gmin_Marion/documents/data/input/gmin_paracou/Jour_7_Gmin_04_11_2020.csv",36.176,1.52569937866684,NA
113,"Gus.hex","P14C4-703-Gus.hex-113",-0.00113349680070991,0.99,4,4,7,8,23.35,40.05,2.87023575929793,0.0169872181226447,1.61666666666667,97,2020-11-04 16:04:19,1.3824,1.2717,0.1107,2020-11-04 17:04:00,2020-11-04 18:41:00,5,"../Gmin_Marion/documents/data/input/gmin_paracou/Jour_7_Gmin_04_11_2020.csv",56.9948361111111,5.42011841742956,NA
114,"Lic.mem","P14C4-484-Lic.mem-114",-0.00066837523108945,1,7,1,7,8,23.4857142857143,39.9142857142857,2.8938440513174,0.0171656213542599,2.58555555555556,155.133333333333,2020-11-04 16:05:52,0.9742,0.8687,0.1055,2020-11-04 16:05:52,2020-11-04 18:41:00,5,"../Gmin_Marion/documents/data/input/gmin_paracou/Jour_7_Gmin_04_11_2020.csv",33.97145,5.30631446120161,NA
115,"Tac.mel","P14C4-3013-Tac.mel-115",-0.00024188161068844,1,4,4,7,8,23.35,40.1,2.87023575929793,0.016972665961539,1.61666666666667,97,2020-11-04 16:08:28,0.3297,0.3066,0.0231,2020-11-04 17:05:00,2020-11-04 18:42:00,5,"../Gmin_Marion/documents/data/input/gmin_paracou/Jour_7_Gmin_04_11_2020.csv",21.5163222222222,3.06641547001102,NA
107,"Por.gui","P14C2-487-Por.gui-107",-0.00086885463896875,1,5,3,7,8,24.9,37.92,3.15521429306373,0.0193604606305434,2.96555555555556,177.933333333333,2020-11-05 14:34:00,1.9775,1.8221,0.1554,2020-11-05 15:18:21,2020-11-05 18:16:17,5,"../Gmin_Marion/documents/data/input/gmin_paracou/Jour_8_Gmin_05_11_2020.csv",69.4776666666667,2.9904218852317,NA
117,"Esc.cor","P14C2-483-Esc.cor-117",-0.00096463644060703,1,5,3,7,8,24.9,38.12,3.15521429306373,0.0192943118514605,2.96194444444444,177.716666666667,2020-11-05 14:34:53,2.7275,2.5554,0.1721,2020-11-05 15:18:58,2020-11-05 18:16:41,5,"../Gmin_Marion/documents/data/input/gmin_paracou/Jour_8_Gmin_05_11_2020.csv",76.2170222222222,3.03688706780644,NA
118,"Esc.cor","P14C2-114-Esc.cor-118",-0.00103543079496044,1,6,2,7,8,24.8,38.3,3.13545629667963,0.0191182151552706,3.35638888888889,201.383333333333,2020-11-05 14:35:59,5.8939,5.6853,0.208600000000001,2020-11-05 15:03:45,2020-11-05 18:25:08,5,"../Gmin_Marion/documents/data/input/gmin_paracou/Jour_8_Gmin_05_11_2020.csv",190.674941666667,1.31500183576555,NA
119,"Car.sur","P14C2-310-Car.sur-119",-0.00250846403876464,1,4,4,7,8,24.675,38.025,3.11285619085241,0.0190701828355178,2.54361111111111,152.616666666667,2020-11-05 14:38:46,7.011,6.6268,0.3842,2020-11-05 15:53:00,2020-11-05 18:25:37,5,"../Gmin_Marion/documents/data/input/gmin_paracou/Jour_8_Gmin_05_11_2020.csv",265.795409268333,2.2911408870301,NA
120,"Iry.hos","P14C2-461-Iry.hos-120",-0.00017157713962217,1,4,4,7,8,24.625,38.15,3.10364533308095,0.0189705682790789,2.39888888888889,143.933333333333,2020-11-05 14:39:38,1.0147,0.9899,0.0247999999999999,2020-11-05 15:53:24,2020-11-05 18:17:20,5,"../Gmin_Marion/documents/data/input/gmin_paracou/Jour_8_Gmin_05_11_2020.csv",55.155175,0.759170046857876,NA
121,"Iry.sag","P14C2-265-Iry.sag-121",-0.00038058216438228,1,4,4,7,8,24.6,38.15,3.09883655873569,0.0189394090487632,2.40222222222222,144.133333333333,2020-11-05 14:40:31,1.1956,1.1405,0.0550999999999999,2020-11-05 15:53:43,2020-11-05 18:17:51,5,"../Gmin_Marion/documents/data/input/gmin_paracou/Jour_8_Gmin_05_11_2020.csv",53.3710027777778,1.74310237166373,NA
122,"Esc.cor","P14C2-953-Esc.cor-122",-0.00085879253861061,1,4,4,7,8,24.575,38.175,3.09405267175404,0.018901507818442,2.40361111111111,144.216666666667,2020-11-05 14:42:38,2.1424,2.018,0.1244,2020-11-05 15:54:06,2020-11-05 18:18:19,5,"../Gmin_Marion/documents/data/input/gmin_paracou/Jour_8_Gmin_05_11_2020.csv",114.801233333333,1.83227859156341,NA
123,"Iry.hos","P14C2-779-Iry.hos-123",-0.00023910184615902,1,3,5,7,8,24.1,38.4333333333333,3.00487133562481,0.0182766630592135,1.73694444444444,104.216666666667,2020-11-05 14:43:48,0.9481,0.9232,0.0249,2020-11-05 16:34:30,2020-11-05 18:18:43,5,"../Gmin_Marion/documents/data/input/gmin_paracou/Jour_8_Gmin_05_11_2020.csv",43.2490277777778,1.40041232294664,NA
124,"Esc.cor","P14C2-785-Esc.cor-124",-0.00041146821853806,1,5,3,7,8,24.8,38.04,3.13599902034474,0.0191983996224886,2.90305555555556,174.183333333333,2020-11-05 14:46:22,2.1776,2.1049,0.0726999999999998,2020-11-05 15:24:58,2020-11-05 18:19:09,5,"../Gmin_Marion/documents/data/input/gmin_paracou/Jour_8_Gmin_05_11_2020.csv",63.557825,1.56116386628098,NA
125,"Epe.fal","P14C2-861-Epe.fal-125",-0.00015853081070588,1,6,2,7,8,24.85,38.2666666666667,3.14457737706641,0.0191773402666093,3.18805555555556,191.283333333333,2020-11-05 14:45:09,0.6543,0.6236,0.0306999999999999,2020-11-05 15:08:15,2020-11-05 18:19:32,5,"../Gmin_Marion/documents/data/input/gmin_paracou/Jour_8_Gmin_05_11_2020.csv",36.519325,1.04796991129922,NA
126,"Vou.ame","P14C2-745-Vou.ame-126",-0.00041100175972221,1,5,3,7,8,24.78,38.06,3.13221147066486,0.0191681787981847,2.92138888888889,175.283333333333,2020-11-05 14:48:54,0.5233,0.4504,0.0729,2020-11-05 15:25:35,2020-11-05 18:20:52,5,"../Gmin_Marion/documents/data/input/gmin_paracou/Jour_8_Gmin_05_11_2020.csv",39.199575,2.53237326538484,NA
127,"Esc.cor","P14C2-479-Esc.cor-127",-0.00054552252079964,1,6,2,7,8,24.85,38.3333333333333,3.14457842806876,0.0191573552340028,3.28583333333333,197.15,2020-11-05 14:51:10,4.5567,4.4493,0.1074,2020-11-05 15:09:02,2020-11-05 18:26:11,5,"../Gmin_Marion/documents/data/input/gmin_paracou/Jour_8_Gmin_05_11_2020.csv",150.797330555556,0.874238095163191,NA
128,"Pro.opa","P14C2-320-Pro.opa-128",-0.00124433087585821,1,6,2,7,8,24.8333333333333,38.4,3.14145390845604,0.019116904889928,3.20055555555556,192.033333333333,2020-11-05 14:52:18,1.5973,1.3611,0.2362,2020-11-05 15:09:33,2020-11-05 18:21:35,5,"../Gmin_Marion/documents/data/input/gmin_paracou/Jour_8_Gmin_05_11_2020.csv",89.2816833333333,3.37522070829383,NA
129,"Vir.mic","P14C2-80-Vir.mic-129",-0.00074045020463847,0.99,3,5,7,8,24.0333333333333,35.4,2.99227892103914,0.0190617156923575,1.75666666666667,105.4,2020-11-05 14:53:25,0.7576,0.6789,0.0787000000000001,2020-11-05 16:36:37,2020-11-05 18:22:01,5,"../Gmin_Marion/documents/data/input/gmin_paracou/Jour_8_Gmin_05_11_2020.csv",34.8797805555556,5.15592242831623,NA
130,"Cas.jav","P14C2-440-Cas.jav-130",-0.00121013886944903,1,4,4,7,8,24.5,38.3,3.0798492527911,0.0187775299441707,2.41111111111111,144.666666666667,2020-11-05 14:55:41,1.7515,1.575,0.1765,2020-11-05 15:57:44,2020-11-05 18:22:24,5,"../Gmin_Marion/documents/data/input/gmin_paracou/Jour_8_Gmin_05_11_2020.csv",85.2499027777778,3.49984736119214,NA
131,"Lae.pro","P14C2-456-Lae.pro-131",-0.00035581611073913,1,3,5,7,8,24.0333333333333,38.7333333333333,2.99227892103914,0.0181080455591955,1.7575,105.45,2020-11-05 14:57:21,2.3061,2.2686,0.0374999999999996,2020-11-05 16:37:21,2020-11-05 18:22:48,5,"../Gmin_Marion/documents/data/input/gmin_paracou/Jour_8_Gmin_05_11_2020.csv",61.2620722222222,1.48493893883209,NA
132,"Epe.fal","P14C2-802-Epe.fal-132",-0.00035974930756755,1,6,1,6,8,24.9833333333333,38.2833333333333,3.16898635516013,0.0193174058018503,2.32833333333333,139.7,2020-11-05 14:58:27,0.785,0.7349,0.0501,2020-11-05 14:58:27,2020-11-05 17:18:09,4,"../Gmin_Marion/documents/data/input/gmin_paracou/Jour_8_Gmin_05_11_2020.csv",39.2388138888889,2.19726046374908,NA
133,"Vir.sur","P14C2-831-Vir.sur-133",-0.00056334900127212,0.99,4,3,6,7,25.05,37.575,3.18239924394516,0.0196248196083707,1.84611111111111,110.766666666667,2020-11-05 15:00:14,0.6486,0.5859,0.0627,2020-11-05 15:27:43,2020-11-05 17:18:29,4,"../Gmin_Marion/documents/data/input/gmin_paracou/Jour_8_Gmin_05_11_2020.csv",22.9007277777778,5.80321712574748,NA
135,"Jac.cop","P14C2-854-Jac.cop-135",-0.00073694295406316,0.99,4,3,6,7,25.05,37.775,3.18239924394516,0.0195593485521472,1.84611111111111,110.766666666667,2020-11-05 15:02:00,0.5147,0.4327,0.0820000000000001,2020-11-05 15:27:57,2020-11-05 17:18:43,4,"../Gmin_Marion/documents/data/input/gmin_paracou/Jour_8_Gmin_05_11_2020.csv",18.7213027777778,9.31729114886209,NA
134,"Boc.pro","P14C1-763-Boc.pro-134",-0.00044828944710081,1,7,2,8,9,23.6,47.0714285714286,2.91531207687198,0.015200816236383,3.23333333333333,194,2020-11-06 14:58:33,1.5392,1.4526,0.0866,2020-11-06 15:24:00,2020-11-06 18:38:00,6,"../Gmin_Marion/documents/data/input/gmin_paracou/Jour_9_Gmin_06_11_2020.csv",68.7469222222222,1.98602447304041,NA
136,"Sym.glo","P14C1-576-Sym.glo-136",-0.00014423209696597,1,7,2,8,9,23.6142857142857,46.9714285714286,2.91764695188793,0.0152432183379436,3.23333333333333,194,2020-11-06 15:01:00,0.5217,0.4935,0.0282000000000001,2020-11-06 15:24:00,2020-11-06 18:38:00,6,"../Gmin_Marion/documents/data/input/gmin_paracou/Jour_9_Gmin_06_11_2020.csv",17.9252916666667,2.44379777633826,NA
137,"Boc.pro","P14C3-67-Boc.pro-137",-0.00013112330796686,1,7,2,8,9,23.6142857142857,47.0714285714286,2.91764695188793,0.0152135110147213,3.23333333333333,194,2020-11-06 15:05:01,0.7329,0.7072,0.0256999999999999,2020-11-06 15:25:00,2020-11-06 18:39:00,6,"../Gmin_Marion/documents/data/input/gmin_paracou/Jour_9_Gmin_06_11_2020.csv",42.0710027777778,0.948448663577321,NA
138,"Lae.pro","P14C1-10-Lae.pro-138",-0.00086059101724289,1,4,5,8,9,23.275,44.225,2.85841171210492,0.0157288959634149,2.06666666666667,124,2020-11-06 14:54:29,3.3593,3.2521,0.1072,2020-11-06 16:35:00,2020-11-06 18:39:00,6,"../Gmin_Marion/documents/data/input/gmin_paracou/Jour_9_Gmin_06_11_2020.csv",102.537383333333,2.47037331380196,NA
139,"Sym.glo","P14C1-14-Sym.glo-139",-0.00047125834520599,1,6,2,7,9,23.8333333333333,47.3166666666667,2.9550921492091,0.0153523062065945,2.28333333333333,137,2020-11-06 15:07:05,1.3909,1.3265,0.0644,2020-11-06 15:26:00,2020-11-06 17:43:00,5,"../Gmin_Marion/documents/data/input/gmin_paracou/Jour_9_Gmin_06_11_2020.csv",37.2622916666667,3.81383691357254,NA
141,"Tac.mel","P14C1-583-Tac.mel-141",-0.00011861095935052,1,7,2,8,9,23.6142857142857,46.8857142857143,2.91764695188793,0.0152693986321718,3.21666666666667,193,2020-11-06 15:09:27,0.191,0.1681,0.0229,2020-11-06 15:27:00,2020-11-06 18:40:00,6,"../Gmin_Marion/documents/data/input/gmin_paracou/Jour_9_Gmin_06_11_2020.csv",11.5023916666667,3.12651835463911,NA
142,"Chr.pri","P14C1-367-Chr.pri-142",-0.000968744967215,1,4,5,8,9,23.275,44.225,2.85841171210492,0.0157312032478867,2.08333333333333,125,2020-11-06 15:11:24,2.5184,2.3973,0.1211,2020-11-06 16:36:00,2020-11-06 18:41:00,6,"../Gmin_Marion/documents/data/input/gmin_paracou/Jour_9_Gmin_06_11_2020.csv",86.7134,3.28781635017457,NA
143,"Pro.opa","P14C3-83-Pro.opa-143",-0.00175507385910379,1,5,4,8,9,23.4,44.5,2.87977972457509,0.0157699700748813,2.58333333333333,155,2020-11-06 15:12:20,1.9299,1.6596,0.2703,2020-11-06 16:06:00,2020-11-06 18:41:00,6,"../Gmin_Marion/documents/data/input/gmin_paracou/Jour_9_Gmin_06_11_2020.csv",98.3709527777778,5.23773955572151,NA
144,"Car.sur","P14C3-76-Car.sur-144",-0.0004740741275815,1,6,3,8,9,23.5333333333333,45.5333333333333,2.90323821539302,0.0155925534903375,3.11666666666667,187,2020-11-06 15:13:53,2.9307,2.8416,0.0890999999999997,2020-11-06 15:35:00,2020-11-06 18:42:00,6,"../Gmin_Marion/documents/data/input/gmin_paracou/Jour_9_Gmin_06_11_2020.csv",109.085519444444,1.29035187368191,NA
145,"Pro.ste","P14C1-316-Pro.ste-145",-0.00027912016511236,1,7,2,8,9,23.6285714285714,46.4428571428571,2.91999428026298,0.0154131650447877,3.23333333333333,194,2020-11-06 15:14:32,0.8032,0.7493,0.0539000000000001,2020-11-06 15:28:00,2020-11-06 18:42:00,6,"../Gmin_Marion/documents/data/input/gmin_paracou/Jour_9_Gmin_06_11_2020.csv",39.1560166666667,2.14115017459136,NA
146,"Lic.mem","P14C1-887-Lic.mem-146",-0.00030922999904643,1,7,2,8,9,23.6285714285714,46.4857142857143,2.91999428026298,0.0154005370730133,3.23333333333333,194,2020-11-06 15:15:04,0.5689,0.5086,0.0602999999999999,2020-11-06 15:29:00,2020-11-06 18:43:00,6,"../Gmin_Marion/documents/data/input/gmin_paracou/Jour_9_Gmin_06_11_2020.csv",20.5758611111111,4.51787261716089,NA
147,"Epe.fal","P14C1-932-Epe.fal-147",-0.00045366028708134,1,6,2,7,9,23.8333333333333,46.9333333333333,2.9550921492091,0.0154661162473652,2.25,135,2020-11-06 15:15:45,0.6652,0.6043,0.0609000000000001,2020-11-06 15:29:00,2020-11-06 17:44:00,5,"../Gmin_Marion/documents/data/input/gmin_paracou/Jour_9_Gmin_06_11_2020.csv",44.5092416666667,3.05102345979173,NA
151,"Por.gui","P14C1-64-Por.gui-151",-0.00040022508127935,1,4,5,8,9,23.325,43.9,2.86664925277007,0.0158711408490255,2.11666666666667,127,2020-11-06 15:17:56,1.9323,1.881,0.0512999999999999,2020-11-06 16:37:00,2020-11-06 18:44:00,6,"../Gmin_Marion/documents/data/input/gmin_paracou/Jour_9_Gmin_06_11_2020.csv",87.4473916666667,1.33504389277156,NA
152,"Cas.jav","P14C1-482-Cas.jav-152",-0.00110604855588112,1,3,6,8,9,23.2,44.4666666666667,2.84515668333384,0.0155870359188861,1.61666666666667,97,2020-11-06 15:18:31,1.6759,1.5682,0.1077,2020-11-06 17:07:00,2020-11-06 18:44:00,6,"../Gmin_Marion/documents/data/input/gmin_paracou/Jour_9_Gmin_06_11_2020.csv",78.6008694444444,4.17955029463933,NA
153,"Dic.gui","P14C1-458-Dic.gui-153",-0.001536576977544,1,5,3,7,9,23.76,45.4,2.94200444515438,0.0158489705737234,2.11666666666667,127,2020-11-06 15:19:24,1.6087,1.4141,0.1946,2020-11-06 15:38:00,2020-11-06 17:45:00,5,"../Gmin_Marion/documents/data/input/gmin_paracou/Jour_9_Gmin_06_11_2020.csv",64.6344027777778,6.94441667734922,NA
154,"Iry.sag","P14C1-708-Iry.sag-154",-0.00024372122226873,1,3,6,8,9,23.2,44.2333333333333,2.84515668333384,0.0156539153208054,1.61666666666667,97,2020-11-06 15:20:48,1.0908,1.0671,0.0237000000000001,2020-11-06 17:08:00,2020-11-06 18:45:00,6,"../Gmin_Marion/documents/data/input/gmin_paracou/Jour_9_Gmin_06_11_2020.csv",49.8433638888889,1.44613644533359,NA
155,"Boc.pro","P14C1-820-Boc.pro-155",-0.00224285924059267,1,7,2,8,9,23.6428571428571,46.1,2.9223541179823,0.015526560138,3.25,195,2020-11-06 15:23:26,2.3309,1.8966,0.4343,2020-11-06 15:31:00,2020-11-06 18:46:00,6,"../Gmin_Marion/documents/data/input/gmin_paracou/Jour_9_Gmin_06_11_2020.csv",96.0815055555556,6.96038428832797,NA
