Code,idTree,Genus,Species,gmin,TLP,midribVLA,SecondaryVLA,TertiaryVLA,MajVLA,N,C,P,Ca,Na,K,FW,SW,DW,LSWC,SD,FVFM,DateField,Forest,Plot,SubPlot,FieldNbr,Habitat,Type,TreeHeight,TreeDawkins,BranchHeight,BranchDawkins,CrownPosition
1,145493,Iryanthera,hostmannii,1.12970896112281,-1.56787,0.311733524,1.7320258115,3.895902389,5.9396617245,1.43,53.62,0.887238664829659,3.58686327199854,0.0486382765531062,11.196360104825,1.2679999999999998,1.2632,0.5006,1.5233719536556132,227.5641026,0.786,26/10/2020,Paracou,15,1,182,BF,BF,12,4,10,4,Sup
2,147663,Gustavia,hexapetala,0.820423092997013,-1.9114400000000002,0.29420474799999996,1.1287494745,3.261022014,4.6839762364999995,2.3,49.74,0.708380949398798,6.68180315175806,1.37774649298597,7.40377493448436,1.2930000000000001,1.3196,0.4643,1.842127934525092,192.3076923,0.797,26/10/2020,Paracou,15,3,178,TF,TF,11,2,9,2,Sup
3,147783,Iryanthera,hostmannii,0.933823458987189,-1.4859725000000001,0.302325974,1.4398700034999998,4.6395366135,6.3817325905,1.54,53.56,0.934496939030485,3.06090909090909,0.0560629685157421,11.3932707492408,0.8774999999999995,0.874,0.3492,1.5028636884306985,198.7179487,0.807,26/10/2020,Paracou,15,3,298,BF,BF,12,2,13,3,Sup
4,147625,Tachigali,melinonii,2.89926807645227,-1.87149,0.5465697764999999,2.538922392,4.256712641,7.34220481,2.36,52.29,0.672119947604791,2.58202549446561,0.426587824351297,6.53589559342853,0.258,0.2559,0.1208,1.1183774834437086,294.8717949,0.84,26/10/2020,Paracou,15,3,140,TF,Generalist,33,5,23,4,Mid
5,148586,Chrysophyllum,prieurii,1.67448445467279,-2.5845975,0.33342907499999996,1.076097558,5.692870441,7.102397073500001,1.68,53.59,0.606448067331671,3.74732124234867,0.779043391521197,8.18849614425475,1.0868000000000002,1.1231,0.5347,1.1004301477464,NA,0.773,26/10/2020,Paracou,15,3,1103,TF,Generalist,24,4,21,4,Sup
6,149072,Conceveiba,guianensis,6.0751147961031,-1.7256725000000002,0.21895994800000002,0.836178098,2.2352241165,3.290362163,1.38,49.44,0.513491169839679,9.45234423392239,0.268728456913828,2.48894527516572,2.1957999999999993,2.2109,1.0103,1.1883598931010593,278.8461538,0.8,26/10/2020,Paracou,15,4,369,TF,Generalist,15,2,14,3,Sup
7,146131,Licania,membranacea,3.26507632748425,-1.947395,0.2094532025,1.0842903795,1.3812403115,2.6749838935000003,1.41,49.06,0.3907891875,8.84843954545455,1.354991,5.41896738461538,1.1904000000000003,1.2108,0.5401,1.241807072764303,NA,0.82,26/10/2020,Paracou,15,1,824,TF,TF,20,4,15,2,Inf
9,146342,Hymenopus,heteromorphus,7.48926981903208,-1.5978325,0.2951786165,1.1650841564999999,3.146078157,4.60634093,1.32,51.9,0.39209709040959,2.28840114431024,1.54944155844156,3.99522216245293,0.6881999999999993,0.6994,0.286,1.4454545454545458,144.2307692,0.784,26/10/2020,Paracou,15,2,84,TF,Generalist,20,4,18,3,Inf
10,146466,Conceveiba,guianensis,8.59268520762157,-1.8754850000000003,0.24928567000000001,0.85303324,2.6728600145,3.775178924,1.8,48.32,0.94707004740519,5.72698557430593,0.0574261477045908,7.02990756947643,2.2606,2.2967,1.0813,1.124017386479238,151.5151515,0.812,26/10/2020,Paracou,15,2,209,TF,Generalist,18,3,16,3,Sup
11,146404,Hymenopus,heteromorphus,3.5658452310616,-1.5099425000000002,0.4709202535,2.2044516955,5.382497452,8.057869401000001,1.38,50.76,0.43149843828086,2.78104902094407,1.69764217891054,2.2938204743782,0.3067000000000002,0.3108,0.1429,1.1749475157452767,227.5641026,0.79,26/10/2020,Paracou,15,2,147,TF,Generalist,22,2,18,3,Inf
12,148074,Jacaranda,copaia subsp. copaia,3.14565441798853,NA,0.3548206135,1.4524235115,3.8340464279999997,5.641290553,2.07,53.18,0.658318391521197,4.23659805032872,0.972060847880299,3.41941883752158,0.37289999999999957,0.3782,0.1403,1.6956521739130432,266.025641,0.794,26/10/2020,Paracou,15,3,590,TF,Generalist,28,5,26,5,Sup
13,146431,Dicorynia,guianensis,4.61810991149576,-1.3221775,0.2399887745,1.500403236,2.53387524,4.2742672505,1.88,53.17,0.710109132933533,1.43172368361274,0.137422288855572,6.80056710106485,1.7077999999999998,1.7274,0.6699,1.5785938199731304,NA,0.814,26/10/2020,Paracou,15,2,174,TF,TF,32,5,26,3,Mid
14,146475,Dicorynia,guianensis,3.00563860384042,-1.3421525,0.311391576,1.660683584,2.418404907,4.390480067,2.12,52.4,0.7534641875,1.54343954545455,0.102941,6.68896738461539,1.6265999999999998,1.664,0.6452,1.5790452572845628,278.8461538,0.818,26/10/2020,Paracou,15,2,218,TF,TF,30,4,24,2,Mid
15,147620,Casearia,javitensis,2.22251253240536,-2.0252975,0.19577186749999997,0.7998282645,2.2853219175,3.2809220505,1.4,51.51,0.548141974538193,4.77976989061862,0.0991422865701448,3.38339229617113,2.0017999999999994,2.0572,1.0086,1.0396589331746977,352.5641026,0.797,26/10/2020,Paracou,15,3,135,TF,TF,10,3,10,3,Sup
16,148282,Hymenopus,heteromorphus,2.11940104162358,-1.53591,0.261319896,1.2167137845,4.355341033,5.8333747135,0.96,50.68,0.458247692115768,4.91361232081292,0.132725548902196,6.77541655151236,2.6112,2.6934,1.1104,1.4256123919308357,227.5641026,0.747,26/10/2020,Paracou,15,3,798,TF,Generalist,17,3,17,3,Mid
17,147574,Bocoa,prouacensis,3.65040709143175,-1.9334125000000002,0.383592788,1.5065442725,1.437168862,3.3273059225,1.7,55.87,0.347919389027431,0.864777601450918,0.603482294264339,1.41592756570113,1.3856000000000002,1.3964,0.8431,0.6562685327956354,250,0.789,26/10/2020,Paracou,15,3,89,BF,Generalist,18,4,16,4,Sup
18,148283,Chrysophyllum,prieurii,0.898377368572357,-2.63054,0.327076567,1.2998702545,7.532606517,9.159553339,NA,NA,NA,NA,NA,NA,0.8864000000000001,0.9135,0.4211,1.1693184516741868,224.3589744,0.785,26/10/2020,Paracou,15,3,799,TF,Generalist,23,5,21,5,Mid
19,147656,Hymenopus,heteromorphus,4.73684345695867,-1.5319150000000001,0.379723696,2.1859626785,7.0103845545,9.576070931,1.26,49.99,0.4303141875,3.16843954545455,1.054991,2.83996738461538,0.5031999999999996,0.514,0.2296,1.2386759581881532,205.1282051,0.744,26/10/2020,Paracou,15,3,171,TF,Generalist,15,3,13,3,Sup
20,148077,Bocoa,prouacensis,1.46196609841021,-1.6697425000000001,0.2454432025,0.931822164,2.011199059,3.1884644245000002,1.9,54.24,0.523940247252747,1.06837117428027,1.28270829170829,4.70426312149389,1.5796000000000001,1.602,0.7418,1.1596117551900782,233.974359,0.788,26/10/2020,Paracou,15,3,593,TF,Generalist,22,3,16,4,Mid
156,144042,Poraqueiba,guianensis,1.72846590511377,-2.075235,0.2091832325,1.0107810135,3.3074537399999997,4.527417986,1.12,50.19,0.386825241425242,5.80657942057942,0.367796489225061,3.59025010703582,1.4580000000000002,1.4794,0.6754,1.190405685519692,298.0769231,0.822,9/11/2020,Paracou,14,3,814,TF,TF,18,3,16,2,Mid
157,143500,Protium,opacum subsp. rabelianum,16.5026383843146,-2.2809775,0.34455464950000003,1.751753425,4.200868001,6.2971760754999995,1.14,51.46,0.5205665001665,5.94144455544456,0.999864421292993,5.43815220493792,1.1506999999999996,1.167,0.5011,1.3288764717621235,349.3589744,0.795,9/11/2020,Paracou,14,3,271,BF,BF,18,3,16,2,Mid
158,144184,Iryanthera,hostmannii,1.42105119131965,-1.66375,0.19506464950000002,1.083970101,3.3739210594999998,4.6529558095,1.48,50.95,0.845241824841825,5.75662937062937,0.058106179534751,11.3672231340089,1.9061000000000003,1.9132,0.8265,1.314821536600121,118.5897436,0.801,9/11/2020,Paracou,14,3,2659,BF,BF,12,2,10,3,Mid
159,143542,Eschweilera,coriacea,1.13993917390646,-1.6857225000000002,0.239431497,1.1934061685000001,5.355810193,6.788647858,1.35,54.47,0.407040586960147,2.41234217108554,1.54313585364111,3.18768419924248,1.3631000000000002,1.3997,0.6197,1.2586735517185732,492.4242424,0.812,9/11/2020,Paracou,14,3,314,TF,Generalist,20,3,20,4,Sup
160,143554,Poraqueiba,guianensis,4.19157732313851,-2.0173075000000003,0.260763445,1.256630627,3.4047438330000004,4.922137905,1.13,47.68,0.640087066666667,3.058636,0.376264285714286,5.61859035714286,0.9823000000000004,1.0508,0.3861,1.7215747215747215,304.4871795,0.813,9/11/2020,Paracou,14,3,326,TF,TF,18,2,14,4,Inf
161,143929,Chrysophyllum,prieurii,1.22351079241515,-2.20707,0.1303132395,0.6430487924999999,2.946946365,3.720308397,1.89,52.38,0.530617684351018,14.1114974974975,0.328292578292578,5.38897933647934,1.1573000000000002,1.2013,0.4946,1.4288313788920342,173.0769231,0.802,9/11/2020,Paracou,14,3,701,BF,Generalist,22,3,15,2,Inf
162,143947,Jacaranda,copaia subsp. copaia,6.19428253934471,-1.5538875,0.3300261955,1.7274393455000001,2.8169099495,4.8743754905,2.08,53.36,0.544997072521623,5.87563473053892,0.476561163387511,2.41176682349587,0.42300000000000004,0.4275,0.1923,1.2230889235569422,272.4358974,0.794,9/11/2020,Paracou,14,3,719,TF,Generalist,22,5,18,3,Inf
163,143969,Tachigali,melinonii,2.8040916266446,-1.9274200000000001,0.6900418610000001,2.2322741855,5.488820456,8.411136503,2.6,46.05,0.667917273482959,2.61459950124688,0.282458140363377,6.38263377271108,0.2696999999999994,0.2794,0.123,1.2715447154471544,304.4871795,0.802,9/11/2020,Paracou,14,3,741,TF,Generalist,35,5,23,4,Mid
164,143250,Bocoa,prouacensis,2.11102597141774,-1.8754850000000003,0.2872121015,1.195661976,2.4810541845,3.9639282624999996,2.25,60.21,0.490791670831251,1.36020589705147,0.582073249089741,5.83067501963304,0.6247999999999996,0.5806,0.2898,1.0034506556245686,253.2051282,0.805,9/11/2020,Paracou,14,3,20,BF,Generalist,24,3,18,4,Mid
165,143346,Laetia,procera,0.861663981071745,-2.05526,0.1498475165,1.0095423075,3.4261684505,4.5855582735,1.42,45.43,0.864383642129862,2.84615523284927,0.803068889047857,12.3621335574791,2.255299999999999,2.308,0.8963,1.5750306816913977,568.1818182,0.822,9/11/2020,Paracou,14,3,116,BF,BF,25,3,23,3,Sup
166,143641,Poraqueiba,guianensis,1.4545355653009,-1.8175575000000002,0.17969516400000002,0.986224133,3.2553125415000004,4.421231839000001,0.93,53.18,0.378265331998665,4.09423023023023,0.170885170885171,2.60894930644931,2.4307000000000007,2.4783,1.0602,1.3375778155065081,352.5641026,0.778,9/11/2020,Paracou,14,3,413,TF,TF,10,3,7,4,Mid
167,143877,Eschweilera,coriacea,0.752451762210031,-1.63179,0.18174156000000002,0.9811718229999999,4.697256609,5.8601699915,1.69,54.88,0.603380306054557,6.21495608782435,0.1633875106929,5.56246542629028,1.9959999999999996,2.0445,0.9561,1.138374647003452,435.8974359,0.8,9/11/2020,Paracou,14,3,649,BF,Generalist,22,4,20,4,Sup
168,144204,Jacaranda,copaia subsp. copaia,2.98896104862225,-1.51993,0.39115368650000004,1.007191569,2.229195103,3.6275403585,2.14,48.68,0.49081410192147,4.3527679197995,0.678560687432868,2.28079233798783,0.5599999999999996,0.573,0.2513,1.2801432550736167,189.1025641,0.795,9/11/2020,Paracou,14,3,2679,BF,Generalist,17,2,17,2,Sup
169,144207,Tachigali,melinonii,1.52544551694903,-1.7656225,0.378414045,1.479070485,3.0899800199999996,4.9474645504999994,3.22,51.62,0.753087066666667,4.997386,0.252314285714286,6.98359035714286,0.40580000000000016,0.4223,0.1857,1.2740980075390416,125,0.83,9/11/2020,Paracou,14,3,2682,TF,Generalist,32,5,22,5,Mid
170,144835,Iryanthera,sagotiana,1.00698750909137,-1.5938375000000002,0.377409131,2.0682526575,6.721798679,9.1674604675,1.11,48.76,0.584756579826319,1.91271142284569,1.53643716003435,6.11582200114515,0.6859999999999999,0.6889,0.2607,1.642500958956655,73.71794872,0.817,9/11/2020,Paracou,14,4,593,TF,TF,15,3,13,3,Mid
175,144269,Dicorynia,guianensis,2.6831316421074898,-1.45601,0.1813278815,1.099401115,3.948591995,5.2293209915,2.36,52.05,1.01559486409872,1.0263991995998,0.0176681197741728,7.14216143786179,1.3924000000000003,1.4232,0.5538,1.5698808234019503,NA,0.834,9/11/2020,Paracou,14,4,26,TF,TF,25,3,25,4,Sup
140,126739,Poraqueiba,guianensis,3.85123440204996,-1.9374075000000002,0.23386042099999999,1.1103458824999999,3.0955708370000004,4.4397771405,1.06,51.46,0.453060536398468,7.60858170914543,0.542592989219676,4.43087491968302,1.0728999999999997,1.1088,0.5012,1.2122905027932962,314.1025641,0.831,12/11/2020,Paracou,11,1,216,TF,TF,16,2,14,2,Mid
174,205811,Jacaranda,copaia subsp. copaia,4.10760703903315,NA,0.35436530050000004,1.82360001,0.9635401429999999,3.1415054534999998,1.78,54.33,0.464594363848591,10.6076898449225,0.893811191309941,2.34176123776174,0.9079000000000006,0.9028,0.4019,1.2463299328191095,262.8205128,0.821,12/11/2020,Paracou,11,2,2966,BF,Generalist,13,5,13,4,Sup
177,128304,Jacaranda,copaia subsp. copaia,5.53623491924963,-1.8255475,0.48342046299999997,1.7995446875,5.559386678499999,7.842351829,2.38,53.14,0.772700716308512,2.52887156421789,1.29271792675091,3.01233419004783,0.6602000000000006,0.6747,0.2207,2.0570910738559127,275.6410256,0.822,12/11/2020,Paracou,11,2,558,TF,Generalist,18,3,17,3,Mid
178,131244,Pterocarpus,officinalis,3.99042521962479,-1.4080700000000002,0.22723567249999999,0.9653079275,3.083099218,4.275642818,2.79,52.03,1.48331203471875,2.04445267901853,0.0315065455325846,14.0396498318907,0.6420000000000003,0.6619,0.214,2.092990654205608,NA,0.817,12/11/2020,Paracou,11,4,2848,BF,BF,13,5,11,5,Inf
179,226979,Hymenopus,heteromorphus,2.20049185351678,-1.36013,0.40244144800000003,1.4960303069999998,6.2866380135,8.1851097685,1.11,44.77,0.423227225827925,2.59624163754368,0.670358747592896,1.80288602810071,0.8365999999999998,0.8407,0.3776,1.2264300847457628,265.1515152,0.829,12/11/2020,Paracou,11,2,2979,BF,Generalist,15,2,13,4,Mid
180,226634,Jacaranda,copaia subsp. copaia,4.41573075292566,NA,0.3050346525,1.28805999,1.9477421709999998,3.5408368135000003,2.32,58.79,0.636268932200566,5.00488355822089,0.819454558435068,2.78419825801385,0.9463999999999997,0.9776,0.4055,1.4108508014796548,288.4615385,0.783,12/11/2020,Paracou,11,2,2972,BF,Generalist,13,5,13,4,Inf
181,130974,Hymenopus,heteromorphus,3.03103205774063,-1.5259225,0.300311771,1.3571390115000002,4.918284838,6.575735621,1.13,49.94,0.433337072275079,2.14209914872309,0.787545604120467,6.12277451892124,0.6600000000000001,0.6641,0.2723,1.438854204921043,211.5384615,0.842,12/11/2020,Paracou,11,4,994,BF,Generalist,18,2,16,3,Mid
182,131011,Pterocarpus,officinalis,1.7014204922290601,-1.6158100000000002,0.296633639,1.3638603075,4.8601277425,6.520621689,3.09,52.03,1.4728777500416,2.59249725411882,0.0337486627202054,18.630644390557,0.6008000000000004,0.6039,0.1588,2.802896725440806,375,0.809,12/11/2020,Paracou,11,4,1032,BF,BF,23,3,19,4,Inf
183,127971,Conceveiba,guianensis,1.61316307743964,-1.63978,0.20197678149999998,0.6535118805,1.6027086515,2.458197314,1.56,47.21,0.669087066666667,6.202386,0.0486142857142857,6.10359035714286,1.5260999999999996,1.548,0.7144,1.1668533034714446,NA,0.803,12/11/2020,Paracou,11,2,196,TF,Generalist,15,2,14,3,Sup
184,127386,Poraqueiba,guianensis,6.33800927274563,-1.8654975,0.1994129335,1.000994319,3.0647140884999997,4.265121341,0.73,46.3,0.387818157587873,4.14356421789105,0.460833868779896,6.56530770329121,1.7951999999999995,1.8121,0.8362,1.1670652953838794,365.3846154,0.809,12/11/2020,Paracou,11,1,896,TF,TF,18,4,16,4,Mid
186,226623,Jacaranda,copaia subsp. copaia,5.13933657295389,-1.3761100000000002,0.343924538,1.5715343685,1.003420486,2.918879393,2.04,53.23,0.51434423878606,3.79053126563282,0.675201886657615,2.41629850639605,0.9294000000000002,0.925,0.3751,1.4660090642495336,291.6666667,0.831,12/11/2020,Paracou,11,1,2966,TF,Generalist,22,4,21,4,Sup
187,184588,Jacaranda,copaia subsp. copaia,1.33215480689724,-1.4679950000000002,0.392978858,2.0507313015,2.945324596,5.3890347555,2.33,54.48,0.613814696058784,5.3380621242485,0.973811909533352,2.52263562839966,0.3433999999999999,0.3438,0.1336,1.5733532934131738,269.2307692,0.8,12/11/2020,Paracou,11,4,2905,TF,Generalist,17,4,16,4,Sup
189,129933,Virola,michelii,1.68988394299815,-2.035285,0.29589732950000003,1.8838509605,4.320344039,6.500092329499999,1.47,49.01,0.503087066666667,3.470136,0.578864285714286,5.01109035714286,0.6318999999999999,0.6596,0.2935,1.2473594548551958,NA,0.691,12/11/2020,Paracou,11,3,1044,TF,Generalist,25,4,22,4,Mid
190,130118,Virola,michelii,2.93222769900723,-2.0252975,0.4163105025,2.123851988,3.3560861705000002,5.896248661,1.44,52.55,0.481868935602269,5.55293893893894,0.421786071786072,4.09268304018304,0.9554,0.9638,0.4181,1.3051901458981103,NA,0.776,12/11/2020,Paracou,11,4,48,TF,Generalist,26,3,23,3,Mid
191,129381,Poraqueiba,guianensis,0.88954381350864,-1.8515150000000002,0.2595336575,1.1896434660000001,3.713730031,5.162907154,1.17,56.68,0.432344411077744,6.61900500500501,0.61998426998427,3.15399435149435,2.7494999999999994,2.8015,1.1642,1.4063734753478785,326.9230769,0.803,12/11/2020,Paracou,11,3,468,TF,TF,17,4,14,3,Sup
192,130018,Jacaranda,copaia subsp. copaia,5.51353559292352,-1.2462725000000001,0.538209156,1.662745931,2.588450579,4.7894056665,1.84,51.25,0.630326413838989,3.63711177644711,0.835193897918449,2.87359317080125,0.41110000000000024,0.4153,0.1437,1.8900487125956855,214.7435897,0.816,12/11/2020,Paracou,11,3,2301,BF,Generalist,28,4,24,4,Sup
193,129031,Virola,michelii,2.88592214694604,-1.723675,0.22977528949999998,1.280254844,3.600907248,5.110937380999999,1.9,50.91,0.579666733400067,7.48487087087087,0.771635921635922,4.49333369083369,2.0078999999999994,2.0122,0.8127,1.4759443829211272,NA,0.785,12/11/2020,Paracou,11,3,103,TF,Generalist,18,2,15,3,Mid
194,128754,Tachigali,melinonii,2.34369556254506,-2.23903,0.576319429,2.227725585,3.9011674149999997,6.705212428499999,2.98,53.65,0.682904162504163,2.32830769230769,0.178186099614671,6.83175859854431,0.26619999999999955,0.269,0.1282,1.0982839313572543,490.3846154,0.79,12/11/2020,Paracou,11,2,1031,BF,Generalist,29,5,24,5,Mid
195,128369,Conceveiba,guianensis,0.969224454550274,-1.659755,0.12417473500000001,0.49384113900000004,1.613625163,2.231641037,1.86,45.55,0.711807547797174,11.9674673316708,0.0897898111863199,3.21929212682579,1.1837999999999997,1.203,0.5868,1.0501022494887526,NA,0.807,12/11/2020,Paracou,11,2,628,TF,Generalist,16,2,16,3,Mid
116,138317,Iryanthera,hostmannii,1.0156013465093,-1.75164,0.269953978,1.241736823,3.6368777094999998,5.148568511500001,1.6,51.88,0.616703770437104,9.76715315315315,0.328442728442728,8.16175210925211,2.242799999999999,2.2548,1.0593,1.128575474369867,134.6153846,0.739,13/11/2020,Paracou,13,2,282,BF,BF,13,2,12,3,Sup
148,138144,Laetia,procera,2.05119225740173,-1.6617525000000002,0.16637232000000002,0.965685276,1.5749695895,2.7070271850000003,1.49,48.83,0.475287066666667,12.517386,1.61936428571429,4.84084035714286,2.4588,2.5144,0.8473,1.967543963177151,637.8205128,0.805,13/11/2020,Paracou,13,2,108,BF,BF,17,2,17,2,Sup
149,138122,Pterocarpus,officinalis,1.20415687875957,-1.6158100000000002,0.2963099555,1.464117785,2.193809128,3.9542368685,2.27,46.72,0.98060646020646,3.36701898101898,0.0186506350792065,10.6829074496932,0.5892,0.5886,0.2375,1.4783157894736845,381.4102564,0.828,13/11/2020,Paracou,13,2,86,BF,BF,28,4,23,2,Inf
150,138083,Bocoa,prouacensis,2.35154943276504,-2.1511400000000003,0.18548510550000002,0.8950370825,2.1098659795000003,3.190388168,2.28,61.12,0.567735463471459,1.2729765351972,1.01833678054347,3.31262142500535,1.6078999999999999,1.6255,0.7684,1.1154346694429984,243.5897436,0.75,13/11/2020,Paracou,13,2,47,BF,Generalist,12,5,12,4,Sup
171,140725,Hymenopus,heteromorphus,3.33598426674505,-1.40008,0.2923735945,1.433752645,4.4916424415,6.217768681,1.22,59.02,0.467003060545576,2.44524550898204,0.93399629312803,3.70642750213858,0.6570999999999998,0.6449,0.2776,1.3231268011527377,208.3333333,0.829,13/11/2020,Paracou,13,4,669,TF,Generalist,22,4,18,4,Mid
172,141137,Conceveiba,guianensis,2.53549618455655,-1.8495175000000001,0.17525868849999998,0.5127737784999999,1.946413662,2.6344461295,2.07,45.06,0.791087066666667,12.742386,0.336764285714286,3.25759035714286,1.9966000000000008,2.0086,0.9661,1.0790808404927026,NA,0.817,13/11/2020,Paracou,13,4,2830,TF,Generalist,16,2,14,2,Mid
173,141103,Hymenopus,heteromorphus,2.95000435056676,-1.4899675000000001,0.34407390000000004,1.861802839,6.526337001,8.73221374,1.21,47.6,0.473823978655995,2.65471335667834,1.36154505824341,5.64141106267419,0.6520999999999999,0.6544,0.2628,1.4901065449010655,166.6666667,0.843,13/11/2020,Paracou,13,4,2501,TF,Generalist,19,3,15,4,Mid
176,138115,Conceveiba,guianensis,1.35961236143004,-1.9114400000000002,0.1203167755,0.5295042825,1.8863990225,2.5362200809999997,2.56,48.62,1.66508706666667,4.455136,0.0292942857142857,12.8635903571429,1.544200000000001,1.5213,0.578,1.6320069204152252,NA,0.805,13/11/2020,Paracou,13,2,79,BF,Generalist,18,2,12,2,Inf
185,141112,Hymenopus,heteromorphus,2.85051121898579,-1.5259225,0.2500502115,1.359266037,4.036594098,5.6459103465,1.32,56.28,0.48037631403859,2.65707185628743,1.24986455660108,4.17249536641004,1.0428000000000006,1.0563,0.4227,1.4989354151880765,163.4615385,0.815,13/11/2020,Paracou,13,4,2805,TF,Generalist,16,3,13,3,Mid
196,137892,Hymenopus,heteromorphus,1.51436345073181,-1.4620025,0.3190499175,1.3725053885,5.256258079,6.9478133855,1.27,53.29,0.472912066666667,5.527386,0.729364285714286,3.48959035714286,0.4663000000000004,0.4425,0.2078,1.129451395572666,288.4615385,0.8,13/11/2020,Paracou,13,1,1100,BF,Generalist,23,2,20,3,Inf
198,140467,Hymenopus,heteromorphus,2.0939743108199,-1.56787,0.24251052350000002,1.378538871,4.5195325085,6.140581902499999,1.15,50.48,0.469171652492913,2.35106153076538,0.87980418780819,4.22845458443507,0.8204000000000002,0.8263,0.3838,1.1529442417926006,214.7435897,0.815,13/11/2020,Paracou,13,4,406,TF,Generalist,22,2,18,3,Sup
199,140512,Bocoa,prouacensis,1.3574612804164,-1.6677450000000003,0.2127911415,0.8203742650000001,1.7574048285,2.790570235,1.91,54.58,0.549686439545758,0.68575751503006,0.674212711136559,4.48230496707701,1.096,1.0906,0.4584,1.379144851657941,189.3939394,0.762,13/11/2020,Paracou,13,4,452,TF,Generalist,25,4,22,4,Mid
200,138434,Hymenopus,heteromorphus,2.18284881455316,-1.4620025,0.3172430405,1.7963244395,5.1182507699999995,7.23181825,1.09,51.31,0.396587066666667,2.297386,1.02036428571429,3.90984035714286,0.5685000000000002,0.572,0.2514,1.2752585521081938,185.8974359,0.811,13/11/2020,Paracou,13,2,400,TF,Generalist,26,4,24,4,Mid
201,137902,Eperua,falcata,0.893305597035914,-1.9853475000000003,0.46723890300000004,3.3868108665,6.142772068,9.9968218365,1.89,52.35,0.856658737298018,5.44466366816592,0.177625472977797,8.20448811308632,0.6137999999999995,0.6265,0.2813,1.2271596160682543,493.5897436,0.789,13/11/2020,Paracou,13,1,1110,BF,BF,26,4,22,5,Sup
202,138104,Eperua,falcata,0.899499476673177,-1.7396550000000002,0.34500349750000003,2.9392842310000002,6.958726824999999,10.24301455,1.94,52.09,0.798885952619286,5.77315915915916,0.563928213928214,4.96455491205491,0.7341999999999995,0.7417,0.2889,1.567324333679474,407.0512821,0.799,13/11/2020,Paracou,13,2,68,BF,BF,22,4,18,4,Mid
203,138158,Eschweilera,coriacea,1.26741538341693,-1.7356600000000002,0.19995165850000002,0.95212525,2.4716618405000004,3.623738749,1.83,51.63,0.754209961685824,5.18979110444778,1.79346755193832,3.22922574427072,2.4841999999999995,2.5142,0.9238,1.721584758605759,358.974359,0.819,13/11/2020,Paracou,13,2,122,BF,Generalist,16,2,16,2,Sup
204,138157,Laetia,procera,3.36934887617252,-1.8355350000000001,0.1977718735,1.1539656200000001,5.199888093,6.5516255865,1.78,50.39,0.717869197469197,8.72865734265734,1.67019409162266,6.22736299414871,2.7909999999999995,2.838,1.162,1.4423407917383824,660.2564103,0.824,13/11/2020,Paracou,13,2,121,BF,BF,27,4,25,4,Sup
205,138138,Iryanthera,hostmannii,0.833465052182651,-1.6417775,0.2475489015,1.349490528,3.1186402415,4.715679671,1.47,52.88,0.632688999667664,6.70227916251246,0.0747400655177325,7.67057862127902,1.1004000000000005,1.113,0.4644,1.3966408268733852,211.5384615,0.803,13/11/2020,Paracou,13,2,102,BF,BF,13,2,8,2,Inf
206,138128,Carapa,surinamensis,1.29411342932381,-1.8275450000000002,0.1755967595,0.841859534,1.599826157,2.6172824505,1.73,48.51,0.814994563948641,7.30103651825913,0.34348602872865,5.19618845136854,3.7638999999999996,3.915,1.5747,1.4861878453038675,NA,0.821,13/11/2020,Paracou,13,2,92,BF,BF,20,2,16,3,Mid
207,138143,Symphonia,globulifera,1.39559203701557,-1.7096925000000003,0.2901420415,2.6957853634999998,1.7530502380000001,4.7389776435,1.53,49.77,0.684402664002664,8.84853746253746,1.84601826744684,15.503087269873,1.4497999999999998,1.4735,0.4322,2.4093012494215644,230.7692308,0.747,13/11/2020,Paracou,13,2,107,BF,BF,23,2,17,3,Mid
197,138966,Protium,opacum subsp. rabelianum,8.0259114346937,-2.2689925,0.344929591,1.861012003,3.1743560005,5.380297595,1.58,50.53,0.754587066666667,5.697386,0.337014285714286,6.99859035714286,0.5660999999999996,0.5863,0.2736,1.1429093567251463,275.6410256,0.848,16/11/2020,Paracou,13,2,938,BF,BF,16,4,15,3,Sup
208,138955,Carapa,surinamensis,1.34452500728457,-1.7216775000000002,0.1378552035,0.678896108,1.1540573105,1.9708086219999998,1.78,48.11,0.682110232014689,8.16964046069104,0.592252664711353,4.77325023249159,5.843,6.0613,2.4323,1.4920034535213582,NA,0.828,16/11/2020,Paracou,13,2,926,BF,BF,18,2,16,3,Mid
213,138956,Eperua,falcata,2.72816829975833,-1.8834750000000002,0.4207275455,3.1336397015,6.297768052,9.8521353015,2.06,51.98,0.864383642129862,7.49362643965949,0.506624222047357,5.43674547535589,0.3929999999999998,0.3924,0.161,1.4372670807453418,467.9487179,0.817,16/11/2020,Paracou,13,2,927,BF,BF,16,2,14,3,Mid
221,138754,Pterocarpus,officinalis,2.18697937003721,-1.8635000000000002,0.2524197505,1.4663645005000001,2.28258273,4.0013669805,2.55,52.33,1.1002493765586,7.33594242964019,0.0396122194513716,8.26000014250089,1.3216999999999999,1.3676,0.5544,1.4668109668109666,298.0769231,0.804,16/11/2020,Paracou,13,2,720,BF,BF,18,3,15,3,Inf
222,138533,Eschweilera,coriacea,1.39982690287317,-1.9513900000000002,0.1779603565,0.9380244315,3.116096643,4.232081431,2.03,52.44,0.798,2.65728228571429,0.28601125,5.73565014285714,1.7405999999999997,1.7914,0.8188,1.187835857352223,400.6410256,0.759,16/11/2020,Paracou,13,2,499,BF,Generalist,28,4,23,3,Mid
223,138957,Symphonia,globulifera,1.43294753848299,-1.6837250000000001,0.257698944,2.7940570745,2.838728325,5.890484344,1.48,48.6,0.678642714570858,5.73281665240947,2.21707709580838,13.4537426575421,0.6801000000000004,0.6803,0.2265,2.003532008830022,192.3076923,0.811,16/11/2020,Paracou,13,2,928,BF,BF,21,4,21,4,Sup
224,138814,Hymenopus,heteromorphus,7.59565193391748,-1.464,0.3219537815,1.606783961,5.054583344,6.9833210865,1.07,50.91,0.467482517482518,2.14813415156272,1.04871253746254,4.39200813472242,0.8338000000000001,0.8536,0.3984,1.1425702811244982,115.3846154,0.798,16/11/2020,Paracou,13,2,782,BF,Generalist,18,2,16,2,Mid
225,138941,Eperua,falcata,0.54232753290836,-1.779605,0.268101026,2.259363074,3.9204540979999996,6.447918198,2.07,52.36,0.818637274549098,6.05639507586602,0.661584418837676,6.1729961351274,0.7126999999999999,0.7168,0.3389,1.1150781941575687,317.3076923,0.808,16/11/2020,Paracou,13,2,912,BF,BF,11,2,9,3,Mid
226,138828,Pterocarpus,officinalis,1.54707378718443,-1.755635,0.2621498865,1.0609857105,4.955396006,6.278531602999999,3.2,52,1.02298850574713,4.10023216962947,0.0345089955022489,9.84072977796816,0.883,0.912,0.3317,1.7494724148326803,310.8974359,0.832,16/11/2020,Paracou,13,2,797,BF,BF,18,2,15,2,Inf
227,138668,Pterocarpus,officinalis,1.42175400312209,-1.5618775,0.2882519175,1.238995214,2.8500863805,4.3773335115,2.79,51.23,1.16566866267465,1.0851120615911,0.015565119760479,11.3180141146279,0.8519000000000005,0.8763,0.3382,1.591070372560615,230.7692308,0.836,16/11/2020,Paracou,13,2,634,BF,BF,23,3,20,3,Sup
229,138769,Pterocarpus,officinalis,0.627165306282251,-1.4979575,0.241357346,1.213751549,3.9415565205,5.396665416499999,2.49,52.53,1.22734101151728,1.76392817798126,0.0304218828242364,12.083775806567,0.6350000000000007,0.6546,0.2314,1.828867761452031,243.5897436,0.828,16/11/2020,Paracou,13,2,737,BF,BF,25,4,25,4,Sup
209,137579,Symphonia,globulifera,0.998054995061871,-1.843525,0.37679932,3.3767732935000003,3.1180237285,6.871596342,1.32,51.08,0.571730527722111,5.37313226452906,2.2328299456055,11.9725354279989,0.9724000000000004,0.9184,0.2937,2.1270003404834865,253.2051282,0.782,19/11/2020,Paracou,13,1,782,BF,BF,30,5,22,4,Mid
210,137314,Chrysophyllum,prieurii,0.832749092447197,-2.2410275000000004,0.15219041100000003,0.81616212,4.662530734500001,5.6308832655,1.57,54.29,0.473121749290603,8.09953530295443,0.176128478431934,5.34160276128479,2.4684999999999997,2.4814,1.0989,1.258076258076258,217.9487179,0.81,19/11/2020,Paracou,13,1,514,BF,Generalist,18,3,16,3,Sup
211,137018,Conceveiba,guianensis,2.12929101602384,-1.8275450000000002,0.1402821725,0.5764127205,1.674508908,2.3912038005,2.03,48.6,1.08813113223278,9.79228214107053,0.0562424069177446,8.32775423425999,1.4520999999999997,1.456,0.5803,1.5090470446320867,NA,0.831,19/11/2020,Paracou,13,1,114,BF,Generalist,17,2,12,3,Sup
212,137209,Hymenopus,heteromorphus,10.9626944426996,-1.5458975000000001,0.4579482775,2.2551903615000004,7.467922605,10.181061245999999,1.12,41.52,0.461475591075591,2.3835024975025,0.730134151562723,4.96412623091195,0.34690000000000065,0.3286,0.1456,1.2568681318681318,195.5128205,0.801,19/11/2020,Paracou,13,1,408,BF,Generalist,16,2,14,2,Sup
214,137431,Hymenopus,heteromorphus,7.95367758158601,-1.51993,0.32704802899999996,1.929027346,5.3613860255,7.6174614,1.25,51.62,0.43010695970696,3.34304295704296,1.03782645925503,2.54704331382903,0.5836000000000006,0.5792,0.2726,1.12472487160675,224.3589744,0.819,19/11/2020,Paracou,13,1,634,BF,Generalist,27,3,22,3,Mid
215,137892,Hymenopus,heteromorphus,2.67057684945964,-1.5299175000000003,0.27439585899999996,1.2308809360000001,4.947780423,6.453057218,1.08,51.88,0.37633573093573103,6.07131468531469,1.22863565006422,2.12896139574711,0.8409999999999993,0.8254,0.3715,1.2218034993270526,246.7948718,0.821,19/11/2020,Paracou,13,1,1100,BF,Generalist,12,2,10,2,Mid
216,137869,Eschweilera,coriacea,0.881406965501612,-1.5219275,0.2079834585,1.2155209230000001,6.444081892,7.8675862735,1.45,51.87,0.627400767050192,2.13895547773887,0.0215350532409062,4.64941506467519,1.7547999999999995,1.7638,0.722,1.4429362880886427,525.6410256,0.814,19/11/2020,Paracou,13,1,1075,BF,Generalist,25,3,19,3,Mid
232,137980,Symphonia,globulifera,1.31748277856127,-1.6218025000000003,0.275237334,3.0916789145,2.3992823029999997,5.7661985515000005,1.38,50.08,0.586913086913087,8.80048180391037,1.79072052947053,11.3992508919652,1.2956999999999992,1.2344,0.3994,2.0906359539308963,256.4102564,0.761,19/11/2020,Paracou,13,1,2803,BF,BF,22,5,18,4,Mid
233,138018,Laetia,procera,1.43030422809118,-1.7676200000000002,0.1744205975,1.095355626,2.7639126640000002,4.0336888875,1.27,50.69,0.48095,9.46928228571429,2.46476125,2.75340014285714,3.3748999999999993,3.42,1.3208,1.5893397940642033,862.1794872,0.816,19/11/2020,Paracou,13,1,2841,BF,BF,22,4,20,4,Mid
234,137163,Conceveiba,guianensis,2.32082876551067,-1.915435,0.0736831515,0.39199971,1.7493411795,2.2150240405,1.43,44.94,0.664164164164164,13.9081904761905,0.443955205205205,2.79469483769484,8.504000000000001,8.5441,3.6817,1.3206942445066137,224.3589744,0.789,19/11/2020,Paracou,13,1,361,BF,Generalist,16,2,12,3,Inf
235,137064,Virola,michelii,0.0511348510436458,-2.290965,0.27074846249999995,1.2637453815,3.0896540175,4.624147861,1.78,58.19,0.808095952023988,6.37109673734561,0.301510494752624,4.33073477546941,1.6117000000000008,1.6675,0.7548,1.2091944886062531,NA,0.751,19/11/2020,Paracou,13,1,160,BF,Generalist,28,4,26,5,Mid
236,137855,Jacaranda,copaia subsp. copaia,0.672076438194288,-1.35214,0.43505987749999997,1.9463178415,2.289339358,4.670717077000001,2.33,49.75,0.856215676485272,3.47207417445261,1.45882301547678,3.65167263390628,0.4001000000000001,0.3995,0.1295,2.084942084942085,365.3846154,0.819,19/11/2020,Paracou,13,1,1061,BF,Generalist,24,4,20,3,Inf
237,137648,Chrysophyllum,prieurii,0.587159205944974,-2.35888,0.17159433149999997,0.7978135865,5.7252876245,6.6946955425,1.43,50.83,0.58,12.9992822857143,0.64526125,8.89065014285715,2.7902999999999993,2.8687,1.2347,1.3233983963715885,282.0512821,0.818,19/11/2020,Paracou,13,1,853,BF,Generalist,25,4,21,2,Inf
238,137705,Hymenopus,heteromorphus,2.51508952451595,-1.7955850000000002,0.248619903,1.3471581545,4.9055754105,6.5013534685,1.19,43.01,0.4804,4.61128228571429,0.23036125,2.56365014285714,0.36129999999999995,0.3698,0.1722,1.1475029036004647,441.9191919,0.828,19/11/2020,Paracou,13,1,910,BF,Generalist,15,3,14,2,Sup
238,137705,Hymenopus,heteromorphus,3.33484709167293,-1.7955850000000002,0.248619903,1.3471581545,4.9055754105,6.5013534685,1.19,43.01,0.4804,4.61128228571429,0.23036125,2.56365014285714,0.36129999999999995,0.3698,0.1722,1.1475029036004647,441.9191919,0.828,19/11/2020,Paracou,13,1,910,BF,Generalist,15,3,14,2,Sup
239,205863,Hymenopus,heteromorphus,1.23777944681966,-1.5798550000000002,0.290151773,1.5134763365000001,5.034125068,6.837753178,1.08,52.05,0.466516966067864,5.00427373823781,0.300260728542914,2.98892229826062,0.9150999999999998,0.9262,0.4341,1.1336097673347156,259.6153846,0.808,19/11/2020,Paracou,13,3,2921,BF,Generalist,16,3,16,3,Sup
241,146077,Jacaranda,copaia subsp. copaia,5.36652708360139,-1.4100675,0.411324034,2.0652307155000003,3.4137460835000004,5.8903008329999995,1.96,53.37,0.596895343014522,1.69382302024465,0.883085878818227,2.26304470992203,0.6337000000000002,0.6405,0.2395,1.674321503131524,301.2820513,0.796,30/11/2020,Paracou,15,1,770,BF,Generalist,27,5,26,4,Sup
242,146708,Bocoa,prouacensis,2.29958341260404,-1.8375325,0.2281031395,1.071579679,1.7459879114999999,3.0456707300000003,2.66,53.61,0.728043912175649,0.809662959794696,0.212935379241517,6.92180652979755,1.3346999999999998,1.339,0.637,1.1020408163265305,253.2051282,0.758,30/11/2020,Paracou,15,2,452,TF,Generalist,26,3,21,4,Sup
243,146701,Conceveiba,guianensis,2.03413121704484,-1.8175575000000002,0.1673840075,0.544046967,1.9693715095000002,2.680802484,1.71,42.79,0.834165834165834,6.427854431283,0.0436176323676324,6.6190311117454,3.5782000000000007,3.6653,1.6388,1.2365755430803023,NA,0.816,30/11/2020,Paracou,15,2,445,TF,Generalist,25,4,20,3,Sup
217,226808,Tachigali,melinonii,2.47786413900805,-1.6457725,0.661874157,2.076684586,5.7612417535,8.4998004965,3.55,53.27,0.758087066666667,3.122886,0.228314285714286,6.60359035714286,0.2372999999999994,0.2317,0.0988,1.3451417004048583,461.5384615,0.822,7/12/2020,Paracou,14,1,2936,TF,Generalist,22,4,18,4,Sup
218,237384,Casearia,javitensis,0.747964978527513,-1.8195550000000003,0.22197727550000002,0.7599395955,2.1299213115,3.1118381825,1.59,52.54,0.429467864869363,7.53608187718422,0.135111618286855,2.78141822979816,2.1212,2.1574,1.1255,0.916836961350511,NA,0.806,7/12/2020,Paracou,14,1,2954,TF,TF,12,2,9,3,Mid
219,143348,Tachigali,melinonii,1.10445325705875,-2.051265,0.512012679,2.5040693505,5.491306654,8.5073886835,3.21,46.79,0.773700216558387,2.63256971514243,0.21175840651103,7.74471799814379,0.34079999999999977,0.3506,0.1371,1.5572574762946756,128.2051282,0.788,7/12/2020,Paracou,14,3,118,BF,Generalist,24,4,16,3,Mid
220,180531,Tachigali,melinonii,2.34950191807265,-1.87948,0.4417800745,1.5285128135,6.058472098999999,8.028764987,3.26,53.43,0.724362181090545,2.64260358750804,0.341131815907954,9.25027528049739,0.3905000000000003,0.3679,0.1523,1.4156270518713068,160.2564103,0.843,7/12/2020,Paracou,14,3,2735,BF,Generalist,20,4,16,4,Mid
230,141512,Tachigali,melinonii,1.84441291701151,-1.8934625000000003,0.40026723399999997,1.539754189,4.40594009,6.345961513000001,2.66,47.74,0.607411116675013,3.85556563416553,0.159650726089134,6.19995006795908,0.6575999999999995,0.4986,0.2362,1.1109229466553767,314.1025641,0.829,7/12/2020,Paracou,14,1,363,BF,Generalist,32,5,20,4,Mid
231,141752,Chrysophyllum,prieurii,0.973693047093275,-1.9693675000000002,0.168647465,1.0326977325,4.7044028785,5.9057480765,2.09,52.6,0.7365,13.8292822857143,0.44081125,7.91565014285714,1.5067000000000004,1.534,0.5927,1.5881558967437153,176.2820513,0.819,7/12/2020,Paracou,14,1,603,BF,Generalist,25,4,18,3,Mid
240,141162,Eperua,falcata,1.21682224672222,-1.571865,0.1814837485,0.8596851405,2.618084881,3.6592537695,0.9,54.79,0.392667667667668,1.00528757328757,0.965226476476476,3.74439453739454,2.5833999999999993,2.6292,1.208,1.1764900662251656,211.5384615,0.794,7/12/2020,Paracou,14,1,4,BF,BF,21,3,16,4,Mid
244,145292,Tachigali,melinonii,1.65903567157716,-1.8275450000000002,0.5087408805,2.0635455455000002,5.512682865,8.0849692915,2.8,56.14,0.632765531062124,3.7738299456055,0.38002129258517,4.94979974234183,0.4129000000000005,0.4159,0.1898,1.1912539515279241,134.6153846,0.753,7/12/2020,Paracou,14,4,2537,BF,Generalist,26,4,16,4,Inf
8,149660,Iryanthera,hostmannii,1.06601058690418,-1.63978,0.4040343795,1.8340802429999998,3.445755423,5.683870044500001,1.33,54.26,0.467080647176412,9.34376766162373,0.164058970514743,3.14264606158459,1.451200000000001,1.4529,0.6661,1.181204023419907,92.94871795,0.76,27/10/2020,Paracou,15,4,960,BF,BF,12,2,11,3,Sup
21,149561,Iryanthera,hostmannii,0.793367524591962,-1.6837250000000001,0.3272778325,1.6463880875,4.575133778,6.5487996975,1.21,52.33,0.609683554609219,10.990420386227,0.0691793587174349,6.18634006474488,2.3112999999999992,2.308,1.0173,1.268750614371375,169.8717949,0.812,27/10/2020,Paracou,15,4,860,BF,BF,12,2,11,4,Sup
22,149441,Carapa,surinamensis,0.932999914722155,-1.7296675000000001,0.16907223500000002,0.913576719,1.5410165505000002,2.623665504,1.13,49.62,0.512476664164164,12.0955350805351,0.428419419419419,6.18014753214753,2.248100000000001,2.2701,0.8307,1.7327555074033945,NA,0.771,27/10/2020,Paracou,15,4,740,BF,BF,20,3,20,3,Sup
23,149447,Eperua,falcata,1.23794501250584,-1.6697425000000001,0.296463113,1.8136165745000001,3.9497141925,6.05979388,1.69,51.73,0.7049641875,3.48568954545455,0.152791,8.27896738461539,0.6895999999999995,0.6991,0.2913,1.3999313422588398,471.1538462,0.771,27/10/2020,Paracou,15,4,746,BF,BF,26,4,20,4,Sup
24,149545,Hymenopus,heteromorphus,2.73389791409329,-1.41606,0.173446275,0.850442243,4.5073372339999995,5.531225752,1.04,47.06,0.397169847804391,7.40862230085284,0.292006986027944,4.83205327805927,4.0111,4.082,1.9767,1.0650579248242018,169.8717949,0.814,27/10/2020,Paracou,15,4,844,BF,Generalist,18,3,16,3,Mid
26,149683,Hymenopus,heteromorphus,16.0589122982822,-1.4220525,0.467680921,2.2019985595,6.235570343,8.905249824,0.98,50.47,0.404643831331331,2.30349303849304,1.30229329329329,3.19190929390929,0.36270000000000024,0.3681,0.1794,1.051839464882943,253.2051282,0.807,27/10/2020,Paracou,15,4,984,BF,Generalist,16,3,14,3,Sup
27,149727,Bocoa,prouacensis,2.24874060861938,-1.779605,0.5705943685,3.2294052779999998,2.299445832,6.099445479,1.79,54.88,0.415471923461731,0.581730410659875,0.585783891945973,2.97820648785931,0.5221,0.5251,0.2696,0.9477002967359051,176.2820513,0.814,27/10/2020,Paracou,15,4,1029,BF,Generalist,26,2,24,3,Sup
28,149733,Eperua,falcata,1.9080843743079,-1.8854725,0.391677984,1.8645620539999999,5.6245308835,7.8807709215,1.84,52.9,0.717529129241517,4.66036880783887,0.730030938123753,4.29288162137264,0.6301999999999994,0.6578,0.313,1.101597444089457,509.6153846,0.807,27/10/2020,Paracou,15,4,1035,BF,BF,20,4,16,3,Mid
35,149111,Protium,opacum subsp. rabelianum,2.25807517277096,-1.9334125000000002,0.266242894,1.4731157229999998,2.6824866155000002,4.4218452325,1.46,50.98,0.617155609695153,12.9269760574258,0.746617691154423,3.42750363279899,1.6680000000000001,1.6753,0.7622,1.1979795329309892,458.3333333,0.83,27/10/2020,Paracou,15,4,408,BF,BF,18,3,15,3,Mid
36,149208,Carapa,surinamensis,2.31211551348437,-1.75164,0.1469308625,0.6914955705,1.0784066695,1.916833103,1.17,50.26,0.542421765734266,7.35608346199255,0.447793206793207,6.48248489971567,5.422600000000001,5.5131,2.464,1.2374594155844154,NA,0.806,27/10/2020,Paracou,15,4,506,BF,BF,17,4,16,3,Sup
37,227102,Pterocarpus,officinalis,1.47849796287044,-1.5658725,0.2819821645,1.342221577,2.5522245685,4.17642831,2.74,51.01,1.5374641875,4.69643954545455,0.057141,15.1289673846154,0.6015999999999995,0.60377,0.1883,2.2064259160913435,307.6923077,0.789,27/10/2020,Paracou,15,4,2809,BF,BF,16,3,15,4,Mid
38,148949,Pterocarpus,officinalis,2.41711434414322,-1.8375325,0.1705472185,0.870482339,2.5301982499999998,3.5712278079999997,2.54,52.29,1.05259567669173,6.14881157439052,0.058787969924812,11.5929497590129,1.5701999999999998,1.5837,0.6077,1.6060556195491198,275.6410256,0.791,27/10/2020,Paracou,15,4,246,BF,BF,17,4,14,4,Mid
39,148940,Pterocarpus,officinalis,1.9233740299735,-2.0013275000000004,0.26536477150000004,1.3841699155,2.9189729599999996,4.568507647,2.69,51.21,1.36264551025513,6.16652280685797,0.0493656828414207,13.6107727710009,1.4775,1.5478,0.4406,2.5129369042215166,317.3076923,0.778,27/10/2020,Paracou,15,4,237,BF,BF,18,4,15,3,Sup
40,149391,Bocoa,prouacensis,2.06771828498567,-1.9334125000000002,0.508829663,1.81999025,3.042857857,5.3716777705,2.31,52.28,0.786784011482776,0.603034992965098,0.211174238642037,11.1122989362111,1.0716999999999999,1.0673,0.3068,2.4788135593220337,173.0769231,0.819,27/10/2020,Paracou,15,4,690,BF,Generalist,14,3,12,3,Sup
29,145356,Poraqueiba,guianensis,1.79221451741401,-1.9893425,0.2172859325,1.105850618,2.8440890265,4.1672255765,1.12,51.49,0.563746060530265,3.19403656373641,0.346414207103552,3.58776126524801,1.2830000000000004,1.3275,0.5815,1.2828890799656059,391.025641,0.8,28/10/2020,Paracou,15,1,45,TF,TF,17,2,15,3,Mid
30,145769,Poraqueiba,guianensis,2.2750487994934,-1.9513900000000002,0.16756111,0.9244058340000001,3.9295617739999997,5.021528718,1.1,51.31,0.6054641875,4.63318954545455,0.593991,5.81396738461538,1.2018999999999993,1.2594,0.4836,1.6042183622828785,224.3589744,0.787,28/10/2020,Paracou,15,1,460,TF,TF,16,3,16,3,Mid
31,145376,Eschweilera,coriacea,4.47778854138196,-1.6777325,0.192899626,1.085873901,2.7972064254999998,4.075979952,1.49,48.54,0.55474155827914,2.79683796443676,0.391086543271636,5.32162819871474,1.0796999999999999,1.0849,0.3801,1.8542488818731913,394.2307692,0.818,28/10/2020,Paracou,15,1,65,TF,Generalist,16,3,14,3,Mid
32,148668,Tachigali,melinonii,1.67699039965801,-1.60782,0.4436317105,1.626653764,3.810252603,5.880538078,2.96,52.08,0.674115955588822,1.62369216113228,0.636717564870259,5.65765208045448,0.3567999999999998,0.368,0.1728,1.1296296296296295,266.025641,0.731,28/10/2020,Paracou,15,3,2684,TF,Generalist,26,3,24,3,Mid
33,148907,Gustavia,hexapetala,2.0702411996059,-1.915435,0.2888013315,1.2230834035,3.616187558,5.128072293500001,1.59,50.5,0.599364822677323,7.55588366179275,0.314626373626374,11.3576097748405,1.1856,1.2368,0.3802,2.2530247238295633,346.1538462,0.769,28/10/2020,Paracou,15,4,204,TF,TF,20,3,20,3,Sup
45,145931,Conceveiba,guianensis,2.03794711683253,-1.7935875000000001,0.259096823,0.962375475,2.118800457,3.3402727545,1.37,48.15,0.93709000748503,6.54534884775903,0.0293522954091816,5.91713311837863,2.4011000000000005,2.4412,1.0271,1.3767890176224322,269.2307692,0.781,28/10/2020,Paracou,15,1,623,BF,Generalist,12,4,11,4,Sup
46,145945,Symphonia,globulifera,1.78405748407701,-1.7456475,0.31500426299999995,2.273956136,2.5147444290000003,5.103704828,1.31,48.87,0.632566488035892,8.10911220882806,1.80308175473579,19.7447331850602,1.8714000000000004,1.8928,0.5258,2.599847850893876,269.2307692,0.807,28/10/2020,Paracou,15,1,637,BF,BF,25,4,18,3,Mid
47,145883,Symphonia,globulifera,1.67008678519149,-1.7376575,0.3865445215,3.788143279,1.878941876,6.0536296765,1.26,48.68,0.679784403096903,7.78065888656798,1.71877222777223,17.0669004841313,0.7241,0.7254,0.2293,2.163541212385521,240.3846154,0.785,28/10/2020,Paracou,15,1,575,BF,BF,32,4,25,3,Mid
48,145949,Jacaranda,copaia subsp. copaia,4.57686155639594,-1.3481450000000001,0.47721136350000004,1.7097542825,4.257318914,6.44428456,2.4,51.75,0.653637368815592,3.09489209940484,1.89104547726137,3.03395040941068,0.7741999999999996,0.7924,0.2769,1.8616829180209467,198.7179487,0.808,28/10/2020,Paracou,15,1,641,BF,Generalist,12,3,12,3,Sup
49,145666,Carapa,surinamensis,2.72010601675796,-1.7756100000000001,0.142833042,0.605801957,0.85282141,1.6014564085,1.4,49.41,0.622906920199501,9.65929131716164,1.44088877805486,6.19348367542682,6.043,6.2612,2.7571,1.2709368539407349,NA,0.764,28/10/2020,Paracou,15,1,357,BF,BF,16,3,14,3,Sup
50,147391,Gustavia,hexapetala,0.856390328529304,-2.131165,0.2709289295,1.149195266,4.074534453,5.4946586485,1.72,47.14,0.488936314870259,11.4605185084377,0.588314371257485,5.41314110241056,0.8311000000000002,0.8549,0.3272,1.6127750611246947,192.3076923,0.646,28/10/2020,Paracou,15,2,1136,TF,TF,12,3,10,3,Sup
51,147235,Dicorynia,guianensis,7.00346344925231,-1.603825,0.24956667700000001,1.1985151535,3.015691404,4.4637732345,1.74,51.84,0.4826641875,5.21843954545455,1.248491,3.54846738461538,1.2858,1.322,0.5156,1.5640031031807606,211.5384615,0.749,28/10/2020,Paracou,15,2,980,TF,TF,15,3,14,4,Sup
52,226846,Hymenopus,heteromorphus,2.45737803332354,-1.51194,0.259843533,1.4488507555,5.02469639,6.733390678,0.98,48.42,0.448168765586035,4.8917102697801,0.608469825436409,4.10021684250911,0.6585999999999999,0.6744,0.3169,1.1281161249605554,362.1794872,0.813,28/10/2020,Paracou,15,4,2803,BF,Generalist,15,4,12,3,Mid
53,149005,Bocoa,prouacensis,5.90335799923651,-1.8095675000000002,0.27351189200000003,1.387298814,1.2775880375000002,2.9383987434999996,1.81,54.71,0.4545891875,1.60943954545455,0.516491,2.47996738461538,1.7913000000000006,1.8178,0.9014,1.0166407810073221,179.4871795,0.753,28/10/2020,Paracou,15,4,302,BF,Generalist,15,2,14,3,Sup
34,102705,Protium,opacum subsp. rabelianum,5.14349395567132,-2.051265,0.169165744,1.1286983715,1.7782647295,3.0761288455,1.14,43.82,0.610769572286143,6.87187548319614,0.788885442721361,5.27160318620849,2.16,2.2053,1.0628,1.0749905908919832,608.974359,0.804,29/10/2020,Paracou,6,2,2358,BF,BF,23,4,20,4,Sup
41,181305,Protium,opacum subsp. rabelianum,3.41429714419358,-2.0033250000000002,0.1994355445,1.2478864255,1.8116604170000001,3.2589823865,1.46,50.67,0.880263528678304,4.1351017909771,0.180439900249377,10.1186707078458,2.3854000000000006,2.4108,1.1627,1.073449729078868,432.6923077,0.815,29/10/2020,Paracou,6,2,2924,BF,BF,18,2,15,3,Mid
42,102701,Protium,opacum subsp. rabelianum,2.80400739356089,-2.1930875000000003,0.189103003,1.080299801,1.8625979945000002,3.132000799,1.18,50.14,0.52849268018018,5.53897852397852,0.906397397397397,4.45642380842381,2.7027,2.774,1.2712,1.1821900566393957,621.7948718,0.837,29/10/2020,Paracou,6,2,2354,BF,BF,25,2,22,3,Mid
43,178746,Carapa,surinamensis,1.51665155525133,-1.6337875000000002,0.14284411200000002,0.629806868,0.990105521,1.762756501,1.43,51.05,0.582798590319361,12.0144107240065,0.345599800399202,4.40565607247044,11.763099999999998,11.9818,5.6629,1.1158417065461161,NA,0.814,29/10/2020,Paracou,6,2,2901,BF,BF,19,4,19,4,Sup
44,205764,Protium,opacum subsp. rabelianum,7.29310113783985,-2.1091925000000002,0.2765578065,1.4560409375,4.097344827500001,5.8299435715,1.22,48.5,0.609573761261261,8.92236190736191,0.329520520520521,6.645612997613,2.5918,2.6301,1.1582,1.270851321015369,NA,0.804,29/10/2020,Paracou,6,2,2961,BF,BF,15,4,14,4,Mid
60,205758,Conceveiba,guianensis,1.3641232662382,-1.915435,0.1386339335,0.514938015,1.670397421,2.3239693690000003,1.57,47.94,0.907371559059059,10.7591987441987,0.0613523523523523,4.85582320782321,1.5733999999999995,1.6057,0.6868,1.3379440885264997,326.9230769,0.778,29/10/2020,Paracou,6,2,2955,BF,Generalist,21,2,18,3,Mid
61,102799,Jacaranda,copaia subsp. copaia,2.34467912010071,-1.4020775,0.3245452745,1.415417382,3.8380023995,5.5779650565,2.94,51.39,0.995470981028457,2.65570598647483,1.56164852720919,6.85867936556704,0.5321000000000007,0.5563,0.1524,2.650262467191601,256.4102564,0.777,29/10/2020,Paracou,6,2,2866,TF,Generalist,16,3,16,3,Sup
64,205745,Symphonia,globulifera,2.47727213745782,-1.4939625000000003,0.216572197,2.019380744,0.6884029045,2.9243558455,1.39,49.87,0.480126813040586,12.8866127744511,2.07770886797833,6.97464107499287,1.7781000000000002,1.7966,0.5485,2.275478577939836,185.8974359,0.811,29/10/2020,Paracou,6,1,2924,BF,BF,12,4,10,3,Mid
65,179841,Tachigali,melinonii,2.41416849920421,-1.7756100000000001,0.327266049,1.335183459,3.5372477715,5.19969728,3.27,53.22,0.831164979114453,3.81141453634085,0.290841389187254,5.89332366630863,0.41219999999999946,0.4171,0.1961,1.1269760326364102,573.7179487,0.835,29/10/2020,Paracou,6,1,2874,BF,Generalist,24,4,18,3,Inf
66,101665,Protium,stevensonii,15.9138714466775,-2.1571325000000003,NA,NA,NA,NA,1.24,44.5,0.512843488410872,4.32905052526263,0.652190380904738,6.01659865647109,0.6176999999999992,0.6436,0.3306,0.9467634603750754,442.3076923,0.807,29/10/2020,Paracou,6,1,2359,BF,Generalist,18,2,15,3,Inf
67,101138,Eschweilera,coriacea,1.01849264372574,-1.5538875,0.26566626699999996,1.4369588085,4.5895163475,6.2921414235,1.53,53.59,0.587119268495428,1.12158204488778,1.59487709298183,5.0409878874243,2.5092999999999996,2.5549,1.212,1.108003300330033,288.4615385,0.819,29/10/2020,Paracou,6,1,538,TF,Generalist,20,3,16,4,Mid
68,101016,Bocoa,prouacensis,0.764905212096502,-1.82355,0.2403429645,1.2246306665,1.5828993295,3.0478729605000003,2.42,53.57,0.883320425815036,1.58621357285429,0.314235814086113,8.18721592529227,0.9906000000000006,0.9978,0.2849,NA,192.3076923,0.661,29/10/2020,Paracou,6,1,405,BF,Generalist,15,4,13,4,Sup
69,101485,Tachigali,melinonii,2.33048982835231,-2.1091925000000002,0.5688033015,1.9407632384999998,2.998025835,5.507592375,3.01,52.29,0.793190471430951,2.30373413293353,0.236196187620476,10.9880963089884,0.13680000000000003,0.1392,0.0648,1.1481481481481481,538.4615385,0.824,29/10/2020,Paracou,6,1,890,BF,Generalist,35,5,24,3,Inf
54,249664,Protium,opacum subsp. rabelianum,3.73545746561939,-2.035285,0.2045542345,1.3372487135,3.4569797485000002,4.998782696,1.18,48.7,0.568100388276553,9.45735425396247,1.85520140280561,3.62421581624788,0.7860999999999994,0.7872,0.3494,1.2530051516886092,455.1282051,0.829,30/10/2020,Paracou,6,1,2962,BF,BF,14,3,12,3,Sup
55,101083,Jacaranda,copaia subsp. copaia,9.24892295479084,NA,0.383943828,1.5842094405,4.9248328805,6.8929861495,1.79,52.55,0.473247305764411,4.05407473228526,1.62781052631579,2.7723983805668,0.44099999999999984,0.4445,0.1508,1.947612732095491,294.8717949,0.822,30/10/2020,Paracou,6,1,480,TF,Generalist,30,5,28,3,Mid
56,100766,Chrysophyllum,prieurii,2.01964224376942,-2.0432750000000004,0.1387089875,0.6841663915,4.367297769,5.1901731475,1.69,51.55,0.557743059029515,14.270574832871,0.27848024012006,3.22382929926502,2.367399999999999,2.412,1.1394,1.1169036334913112,157.0512821,0.804,30/10/2020,Paracou,6,1,149,TF,Generalist,24,3,17,3,Mid
57,100765,Conceveiba,guianensis,2.10142444890986,-1.691715,0.15822338600000002,0.601873459,2.5453275179999997,3.305424363,1.71,48.47,0.695421055916126,13.0288962011528,0.154708936595107,2.88264341948615,1.4860000000000007,1.4977,0.6843,1.1886599444688002,230.7692308,0.82,30/10/2020,Paracou,6,1,148,TF,Generalist,15,2,14,3,Sup
62,102878,Chrysophyllum,prieurii,3.40798780455475,-2.35888,0.1861876955,1.036178233,5.6405202469999995,6.862886175,1.48,55.41,0.464702431421446,7.65430378598957,0.371761596009975,5.81443130634951,1.8303999999999991,1.9036,0.9487,1.006535258775166,118.5897436,0.834,30/10/2020,Paracou,6,3,75,TF,Generalist,32,4,30,4,Sup
63,103035,Bocoa,prouacensis,2.70133910262778,-1.691715,0.2063630925,0.812842732,1.059612334,2.0788181595,2.35,53.16,0.533921871345029,0.566803007518797,0.441518080916577,8.11387504475475,1.2508999999999997,1.2204,0.5701,1.140677074197509,NA,0.823,30/10/2020,Paracou,6,3,236,TF,Generalist,16,3,14,3,Mid
70,103472,Conceveiba,guianensis,3.42763695158909,-1.5538875,0.1641124835,0.5933295255,3.0567108375,3.8141528465,2.03,48.16,0.969087066666667,10.367386,0.0346592857142857,8.25359035714286,3.912600000000001,4.0048,1.6349,1.449568780965197,NA,0.824,30/10/2020,Paracou,6,3,697,BF,Generalist,12,2,11,3,Mid
71,103306,Jacaranda,copaia subsp. copaia,2.75209036719759,NA,0.424135451,1.480993373,4.065846443,5.970975267,1.98,53.22,0.69763351694208,3.07224436654982,1.02440088704485,4.48782209027828,0.6126000000000005,0.6265,0.2234,1.8043867502238138,250,0.799,30/10/2020,Paracou,6,3,521,TF,Generalist,32,4,28,3,Mid
74,102971,Licania,membranacea,3.35319262873287,-1.939405,0.1818068645,0.7074893125,3.0945827085,3.983878885,1.25,49.9,0.405703511399567,6.81716025961058,1.49262534769275,12.1453722986948,1.1796999999999995,1.2386,0.4805,1.5777315296566077,NA,0.793,30/10/2020,Paracou,6,3,171,TF,TF,22,3,20,3,Mid
75,103117,Bocoa,prouacensis,2.11159822188251,-1.6657475,0.172988807,0.9352091135,0.9443616444999999,2.0525595655,1.81,55.08,0.476601969621098,1.01190385578368,0.284140496458974,3.89768688747407,1.2643999999999993,1.2732,0.5929,1.147411030527914,164.1414141,0.818,30/10/2020,Paracou,6,3,324,BF,Generalist,19,3,17,3,Mid
76,103259,Eschweilera,coriacea,1.22850106682317,-1.8015775000000003,0.16028205950000002,0.9799020620000001,3.1433361455,4.283520267,1.59,51.2,0.489187066666667,4.584636,0.131114285714286,4.96809035714286,1.6579999999999995,1.7018,0.8363,1.0349157001076168,330.1282051,0.818,30/10/2020,Paracou,6,3,473,BF,Generalist,18,3,18,4,Sup
77,103275,Laetia,procera,1.4396136108564,-1.8814775000000001,0.211595752,1.2912092755,5.4679834255,6.970788453,1.34,50.57,0.765852919586253,4.66805405405405,1.82218647218647,11.2898802373802,2.400899999999999,2.4311,0.9422,1.580237741456166,330.1282051,0.83,30/10/2020,Paracou,6,3,489,BF,BF,32,5,24,3,Inf
78,103288,Carapa,surinamensis,2.01346393553094,-1.7436500000000001,0.14592683950000002,0.6605141864999999,0.689533398,1.495974424,1.25,49.77,0.534019028609448,10.9155548902196,0.668527231251782,6.93472091531223,3.1529,3.2038,1.3696,1.3392231308411218,NA,0.827,30/10/2020,Paracou,6,3,502,BF,BF,26,4,21,3,Inf
79,103499,Jacaranda,copaia subsp. copaia,2.62344910285203,-1.3501425,0.410317053,1.80199693,5.0591104915,7.271424474,2.72,50.67,0.676910156510157,3.87675924075924,2.08977451120308,3.77931104609676,0.23459999999999948,0.2356,0.0655,2.596946564885496,150.6410256,0.829,30/10/2020,Paracou,6,3,726,TF,Generalist,17,2,14,3,Inf
72,104032,Conceveiba,guianensis,1.46775484204363,-1.68772,0.146079027,0.5805389519999999,2.2107011355,2.937319115,1.43,47.82,1.02208706666667,7.457386,0.0542142857142857,7.82859035714286,0.7887000000000004,0.7536,0.3013,1.501161632923996,221.1538462,0.819,3/11/2020,Paracou,6,4,105,BF,Generalist,12,2,10,3,Mid
73,104806,Carapa,surinamensis,2.78727391797541,-1.7336625,0.18265829449999998,0.7963289945,1.7562104134999998,2.735197702,1.46,50.51,0.586967517943582,7.7089494241362,1.3333643322126,5.581963302096,2.0035999999999996,1.9545,0.8157,1.3961015079073187,NA,0.824,3/11/2020,Paracou,6,4,2803,BF,BF,14,2,12,3,Mid
80,104037,Eschweilera,coriacea,0.999133447887106,-1.6857225000000002,0.24270982749999997,1.278446204,3.1854076454999998,4.706563677,1.69,51.61,0.420012066666667,3.475636,0.135214285714286,3.64809035714286,2.4644000000000004,2.494,1.2706,0.962852195813002,506.4102564,0.798,3/11/2020,Paracou,6,4,110,BF,Generalist,30,4,26,3,Inf
81,104123,Eschweilera,coriacea,0.870216161100333,-1.6617525000000002,0.304938256,1.6985750765,4.226253502,6.2297668344999995,1.5,51.03,0.571873003168251,2.75426313156578,0.0487386550418066,4.65816944186379,1.5475000000000003,1.5322,0.7145,1.1444366689993002,NA,0.823,3/11/2020,Paracou,6,4,196,BF,Generalist,15,3,15,3,Sup
82,104116,Conceveiba,guianensis,1.73783172438145,-1.915435,0.202156371,0.6938070375000001,2.0423467265,2.938310135,1.88,47.32,0.822087066666667,19.032386,0.222264285714286,3.32384035714286,0.9869999999999992,0.9612,0.3966,1.4236006051437216,115.3846154,0.834,3/11/2020,Paracou,6,4,189,BF,Generalist,14,2,14,3,Sup
83,104783,Eschweilera,coriacea,2.23180867271813,-1.4540125000000002,0.3041451895,1.3794697244999998,5.801830542499999,7.485445457,1.7,52.24,0.584463762310132,3.67364646970456,2.2482366406753,4.76448708777452,1.3929999999999998,1.3848,0.5089,1.7211632933778738,189.1025641,0.769,3/11/2020,Paracou,6,4,2351,BF,Generalist,14,2,10,3,Sup
84,236720,Conceveiba,guianensis,1.33301470456654,-1.8195550000000003,0.1353499755,0.45578007649999996,2.062308339,2.653438391,1.45,49.95,0.673760827494161,13.8011871871872,0.283547833547834,2.52611647361647,1.4230999999999998,1.4192,0.6017,1.358650490277547,NA,0.819,3/11/2020,Paracou,6,4,2969,BF,Generalist,12,3,12,3,Sup
85,104225,Eperua,falcata,1.21400648786581,-1.69571,0.229096548,1.6281240345,3.6839709765,5.541191559,2.14,51.81,0.872459526192859,6.57896496496496,0.108973258973259,9.66325361075361,0.8388,0.8417,0.3595,1.3413073713490962,423.0769231,0.761,3/11/2020,Paracou,6,4,298,BF,BF,30,4,15,3,Inf
86,104374,Chrysophyllum,prieurii,4.03989409115585,-1.907445,0.12384052200000001,0.6171564155,2.4678645364999996,3.208861474,1.93,51.67,0.911220236312198,3.91451422865702,0.100613365665787,13.413470151915,NA,NA,0.2834,NA,112.1794872,0.734,3/11/2020,Paracou,6,4,450,TF,Generalist,18,2,16,2,Mid
87,104726,Protium,stevensonii,6.42550684596758,-2.07923,0.2459111615,1.2419909585,4.151390511000001,5.639292631,1.14,45.01,0.482387066666667,3.235386,0.617864285714286,5.36859035714286,0.6330999999999998,0.6334,NA,NA,221.1538462,0.822,3/11/2020,Paracou,6,4,2050,TF,Generalist,20,3,16,3,Inf
88,203357,Virola,michelii,2.14565996692779,-1.723675,0.34261666550000003,1.6713479494999999,5.746271819,7.7602364345,2.11,53.23,0.678926529931633,5.18998099049525,1.0158722218252,5.79148610019295,0.7597000000000005,0.7656,0.3002,1.5502998001332442,272.4358974,0.815,3/11/2020,Paracou,6,4,2930,TF,Generalist,12,2,11,3,Mid
89,178762,Eschweilera,coriacea,0.934291771456379,-1.5898425,0.24826928599999998,1.2231281985,6.3168283215,7.788225806,2.03,50.99,0.734219956688323,2.68604297851075,3.45663596773042,6.38040015706432,0.9713000000000003,0.9808,0.3483,1.8159632500717773,320.5128205,0.814,3/11/2020,Paracou,6,4,2895,TF,Generalist,12,3,10,3,Mid
90,104801,Conceveiba,guianensis,1.29968727081395,-1.6218025000000003,0.175002054,0.5437003469999999,2.475299496,3.1940018965,1.96,48.48,1.01060828323313,8.68475551102205,0.0592327512167192,6.4565033638706,1.601799999999999,1.6491,0.6402,1.575913776944705,173.0769231,0.831,3/11/2020,Paracou,6,4,2653,BF,Generalist,NA,2,NA,3,NA
91,104363,Conceveiba,guianensis,2.37089838605502,-1.7716150000000002,0.12542028049999998,0.5077724895,1.6240055955,2.2571983655,1.65,48.18,0.91081004156276,7.72806583541147,0.0578197363733523,5.48487816173851,1.6944000000000008,1.6727,0.7144,1.3414053751399775,NA,0.8,3/11/2020,Paracou,6,4,439,TF,Generalist,21,4,18,3,Mid
92,104378,Chrysophyllum,prieurii,0.941058177659357,-2.442775,0.16125079850000001,0.8314139085,4.80576492,5.7984296275,2.06,53.17,0.676940948563794,9.03545691382766,0.263240767248783,7.30820677068423,3.4560999999999993,3.5123,1.6636,1.1112647270978602,266.025641,0.797,3/11/2020,Paracou,6,4,454,TF,Generalist,22,2,22,3,Sup
93,104500,Chrysophyllum,prieurii,1.3454933072953,-2.314935,0.1290669195,0.7169981535000001,4.442866502,5.2889315745,2.1,53.41,0.717445789561447,5.68522861430715,0.42692774958908,7.33725898663618,2.0635000000000003,2.0626,0.9552,1.1593383584589616,176.7676768,0.802,3/11/2020,Paracou,6,4,594,TF,Generalist,29,2,29,3,Sup
94,104355,Licania,membranacea,3.92759724557281,-1.90345,0.232575213,1.280719927,3.344658025,4.8579531645,1.75,47.4,0.6132002669336,6.27866466466467,0.313728013728014,8.97256292006292,1.2641999999999998,1.336,0.5452,1.450476889214967,NA,0.817,3/11/2020,Paracou,6,4,431,TF,TF,21,2,19,2,Mid
95,104215,Tachigali,melinonii,2.76802600447398,-1.7935875000000001,0.4914286755,1.889785552,3.1342071875,5.5154214145000005,2.62,53.36,0.698839966749792,0.613851371571072,0.0805628785179907,8.60208514428215,0.5144000000000002,0.5169,0.2418,1.1377171215880895,346.1538462,0.809,3/11/2020,Paracou,6,4,288,BF,Generalist,38,5,31,5,Mid
96,104562,Iryanthera,sagotiana,13.5212709823385,-1.5898425,0.34760063900000004,1.8727380325,5.9977193205,8.218057992,1.6,54.01,0.824736539746159,1.58455511022044,0.907178643000286,9.91341719152591,0.8244999999999996,0.8366,0.3239,1.5828959555418336,163.4615385,0.682,3/11/2020,Paracou,6,4,658,TF,TF,26,3,20,3,Sup
97,104319,Laetia,procera,1.80646328325044,-1.9793550000000002,0.183899436,1.3140429605000001,4.935295034999999,6.433237432,1.48,51.33,0.611863339986693,6.21994610778443,1.65979469632164,4.79674686341603,2.2061,2.2581,0.8881,1.5426190744285555,516.025641,0.807,3/11/2020,Paracou,6,4,395,BF,BF,32,5,26,5,Sup
98,145049,Iryanthera,sagotiana,0.677984513281894,-1.5998299999999999,0.31244607999999996,1.7376812094999998,6.774644008,8.8247712975,1.26,54.39,0.63045661005661,1.72865734265734,1.5103539317825,7.25633402311974,0.9222000000000001,0.9248,0.3666,1.5226404800872888,118.5897436,0.824,4/11/2020,Paracou,14,4,807,TF,TF,16,2,14,3,Inf
99,145228,Vouacapoua,americana,1.44363469604001,-2.1012025000000003,0.407560097,1.6789343015,5.907814423,7.994308821000001,2.19,53.96,0.770127321309285,0.98886372745491,0.253270827369024,5.419429215574,0.49710000000000054,0.4975,0.257,0.9357976653696497,NA,0.78,4/11/2020,Paracou,14,4,991,TF,TF,16,3,12,4,Inf
100,145138,Eschweilera,coriacea,0.927688649624878,-1.5738625000000002,0.20195873749999999,1.0200419185,3.7861027865,5.0081034424999995,1.48,51.69,0.889697369297369,1.05682917082917,1.82304124446982,11.1274628942486,2.9551,3.0119,1.1117,1.7092740847350905,246.7948718,0.824,4/11/2020,Paracou,14,4,897,TF,Generalist,25,3,21,2,Inf
101,145139,Poraqueiba,guianensis,1.73826009471166,-1.9973325000000002,0.2757853855,1.309822604,5.077607958,6.6632159474999995,1.12,51.68,0.664590181394575,5.62894258612082,0.406754154482562,6.4439244704372,1.9404000000000003,1.9568,0.8243,1.373893000121315,349.3589744,0.792,4/11/2020,Paracou,14,4,898,TF,TF,22,2,20,2,Mid
102,145294,Hymenopus,heteromorphus,4.200351846305,-1.51194,0.23556873,1.2330777849999999,4.3542901965,5.8229367115,1.27,50.93,0.420710290939318,2.7155970074813,1.9210616316352,2.30732205201283,1.0455000000000005,1.055,0.4548,1.3197009674582234,230.7692308,0.828,4/11/2020,Paracou,14,4,2539,TF,Generalist,22,2,18,3,Inf
103,145148,Eschweilera,coriacea,1.68926875871199,-1.5978325,0.16054691999999998,0.905751987,4.012971504,5.079270411,1.51,52.21,0.412924991658325,3.30143743743744,2.09320749320749,2.56690726440726,3.0965999999999996,3.1212,1.3033,1.394843857899179,278.8461538,0.812,4/11/2020,Paracou,14,4,907,TF,Generalist,18,2,14,3,Inf
104,143133,Casearia,javitensis,5.35786079235369,NA,NA,NA,NA,NA,2.12,49.04,0.747717772236077,1.03978653366584,0.95048806555041,8.33774599216245,0.6202000000000005,NA,NA,NA,NA,0.82,4/11/2020,Paracou,14,2,929,TF,TF,16,2,13,3,Inf
105,144423,Casearia,javitensis,2.82665601322099,-1.69571,0.2854519005,0.8973133945,2.5243250375,3.7070903325,1.56,53.08,0.424438190286094,4.505624750499,0.147419446820644,2.80547939834616,1.3756000000000004,1.3465,0.7079,0.9021048170645573,307.6923077,0.804,4/11/2020,Paracou,14,4,180,TF,TF,12,3,10,3,Mid
106,144254,Dicorynia,guianensis,7.2174952166888096,-1.4600050000000002,0.1613552355,1.0109027805,2.195857575,3.368115591,1.83,50.62,0.482513296721584,2.86833349975037,1.24250053491192,5.11591648241923,1.021,0.9128,0.351,1.6005698005698006,NA,0.806,4/11/2020,Paracou,14,4,11,TF,TF,8,2,8,3,Sup
108,144866,Vouacapoua,americana,7.69201300846017,-2.1012025000000003,0.29093254550000003,0.905520992,3.8659602215,5.0624137595,2.03,53.3,0.90299005672339006,1.76665265265265,0.208873158873159,2.41600636350636,0.5831999999999997,0.5751,0.3242,0.7739049969154842,NA,0.831,4/11/2020,Paracou,14,4,624,TF,TF,23,3,21,4,Mid
109,145008,Vouacapoua,americana,2.13581576334571,-2.1211775,0.3469663895,1.494819482,3.02764358,4.869429452,2,53.5,0.729451792562948,1.78677938969485,0.3494890302294,6.26672371900236,0.5946999999999996,0.5861,0.3202,0.830418488444722,NA,0.795,4/11/2020,Paracou,14,4,766,TF,TF,23,3,21,3,Sup
110,174162,Protium,stevensonii,7.26271517223436,-2.1651225,0.2453701115,1.0225801345,3.3801782885,4.6481285345,1.19,45.12,0.418177977677828,4.80848175912044,1.4976154779753,4.11378346541015,1.5352800000000002,1.5565,0.7543,1.063502585178311,407.0512821,0.801,4/11/2020,Paracou,14,4,2572,TF,Generalist,16,2,13,3,Mid
111,144753,Eschweilera,coriacea,1.93184834614195,-1.5279200000000002,0.220102185,0.995681331,5.3955428995000005,6.611326415,1.39,52.16,0.525535994677312,1.17303992015968,2.29801824921585,3.56121792130026,1.7603000000000009,1.6989,0.7521,1.2588751495811727,314.1025641,0.784,4/11/2020,Paracou,14,4,511,TF,Generalist,20,5,17,5,Sup
112,144939,Vouacapoua,americana,1.52569937866684,-1.9453975000000001,0.3635367765,1.4086207305,3.8572248055,5.629382312500001,2.09,54.14,0.769587066666667,1.230886,0.572364285714286,4.01009035714286,0.4218000000000002,0.4187,0.2136,0.9602059925093632,NA,0.823,4/11/2020,Paracou,14,4,697,TF,TF,15,2,12,3,Mid
113,144945,Gustavia,hexapetala,5.42011841742956,-1.7736125,0.3094478035,1.1482268415,4.1750679035000005,5.6327425485,2.24,50.31,0.770930670660676,8.68435946080879,0.156080165466087,10.6875590186149,1.7026000000000003,1.6986,0.4942,2.437070012140834,304.4871795,0.788,4/11/2020,Paracou,14,4,703,TF,TF,13,2,11,3,Mid
114,144726,Licania,membranacea,5.30631446120161,-2.1451475,0.29421893200000004,1.7094025015,4.2853364295,6.2889578625,1.26,50.39,0.391516308512411,8.49813693153423,1.02835011065896,5.5358224459199,0.7660999999999998,0.7705,0.363,1.1225895316804406,NA,0.837,4/11/2020,Paracou,14,4,484,TF,TF,27,4,25,3,Sup
115,205904,Tachigali,melinonii,3.06641547001102,-1.7716150000000002,0.4096374115,1.7521158505,4.4145624445,6.576315707,3.18,52.55,0.723777622610141,2.38342743142145,0.414478090488066,6.79659885999288,0.3521000000000001,0.3116,0.1406,1.216216216216216,384.6153846,0.693,4/11/2020,Paracou,14,4,3013,TF,Generalist,25,3,23,3,Mid
107,142693,Poraqueiba,guianensis,2.9904218852317,-1.83953,0.1966357355,1.115899073,3.1032927519999998,4.4158275605,0.86,52.82,0.468389651143382,6.98286029043565,0.339473495958223,4.04465734315759,2.2627000000000006,2.2573,0.9832,1.2958706265256303,358.974359,0.825,5/11/2020,Paracou,14,2,487,TF,TF,24,4,24,4,Sup
117,142689,Eschweilera,coriacea,3.03688706780644,-1.4380325,0.221642189,1.0637910119999998,4.9811311485,6.266564349499999,1.15,52.51,0.391295770895771,2.4888971028971,1.7603539317825,3.35448587127159,2.9502999999999995,3.0216,1.2982,1.3275304267447232,237.1794872,0.755,5/11/2020,Paracou,14,2,483,TF,Generalist,16,3,11,3,Inf
118,142325,Eschweilera,coriacea,1.31500183576555,-1.5878450000000002,0.11954487,0.7314954545000001,3.6949934190000002,4.546033743000001,1.52,52.75,0.449064405652535,1.65225536159601,1.76345564659779,4.21430459565372,2.2585999999999995,2.2711,0.9865,1.302179422199696,189.1025641,0.837,5/11/2020,Paracou,14,2,114,TF,Generalist,16,3,12,3,Inf
119,142517,Carapa,surinamensis,2.2911408870301,-1.6977075000000001,0.130115578,0.573400012,1.08083358,1.7843491705,1.22,50.95,0.471394157903522,9.49663094641963,0.368066385292224,4.70164282137492,6.4289,6.5701,2.4308,1.7028550271515552,NA,0.818,5/11/2020,Paracou,14,2,310,BF,BF,15,4,15,4,Sup
120,142667,Iryanthera,hostmannii,0.759170046857876,-1.5598800000000002,0.22132815449999999,1.0852256224999999,2.560894257,3.867448034,1.3,53.1,0.744725253532835,4.23405087281795,0.02222372639829,12.9911125757036,2.6356,2.7163,1.0459,1.5970934123721194,99.35897436,0.816,5/11/2020,Paracou,14,2,461,BF,BF,12,2,11,3,Sup
121,142472,Iryanthera,sagotiana,1.74310237166373,-1.4819775000000002,0.2759185155,1.3017882410000001,3.77000639,5.3477131465,1.37,52.87,0.800387454120788,2.65954554554555,0.958823108823109,14.3879783354783,1.1741000000000001,1.1667,0.4727,1.468161624709118,51.28205128,0.801,5/11/2020,Paracou,14,2,265,TF,TF,14,2,12,3,Mid
122,143155,Eschweilera,coriacea,1.83227859156341,-1.71968,0.1426103695,0.9556155035,2.8850597000000002,3.983285573,0.86,49.05,0.328844756179025,2.24637875751503,1.64515459490409,2.83976989693673,1.3123000000000005,1.3192,0.4678,1.8200085506626762,NA,0.792,5/11/2020,Paracou,14,2,953,BF,Generalist,8,3,8,3,Sup
123,142984,Iryanthera,hostmannii,1.40041232294664,-1.6198050000000002,0.32169896,1.5210368355,3.4328532285,5.275589024,1.33,50.62,0.604076874480466,10.2816817955112,0.0999144994656216,8.2479704310652,1.0418000000000003,1.0601,0.4885,1.1701125895598774,134.6153846,0.814,5/11/2020,Paracou,14,2,779,BF,BF,10,2,7,4,Mid
124,142990,Eschweilera,coriacea,1.56116386628098,-1.6337875000000002,0.223612391,1.3421661105,4.340639026,5.906417527,1.44,52.79,0.480667734401068,3.73912512512513,2.03289718289718,2.51560596310596,2.780999999999999,2.822,1.4052,1.0082550526615428,471.1538462,0.813,5/11/2020,Paracou,14,2,785,BF,Generalist,23,3,18,4,Mid
125,143065,Eperua,falcata,1.04796991129922,-1.8375325,0.33011547750000003,2.050657586,5.556037135,7.9368101985,1.85,52.92,0.845972136325852,4.92507331670823,0.128842180263627,5.57465372283577,0.7437000000000005,0.752,0.3724,1.0193340494092373,528.8461538,0.739,5/11/2020,Paracou,14,2,861,BF,BF,29,4,27,4,Mid
126,142950,Vouacapoua,americana,2.53237326538484,-2.29496,0.35322807050000005,1.275505457,4.3190339705,5.947767498,1.96,52.49,0.679587066666667,2.933386,0.548864285714286,4.12134035714286,0.8483999999999998,0.8366,0.4407,0.8983435443612435,NA,0.831,5/11/2020,Paracou,14,2,745,TF,TF,22,2,18,3,Mid
127,142685,Eschweilera,coriacea,0.874238095163191,-1.56787,0.135477486,0.725958545,3.4313226334999998,4.292758665,1.27,52.06,0.767052960745176,1.78731137724551,2.23314798973482,7.49859317080126,2.6297999999999995,2.6377,1.0341,1.5507204332269608,403.8461538,0.824,5/11/2020,Paracou,14,2,479,TF,Generalist,16,4,13,4,Mid
128,142527,Protium,opacum subsp. rabelianum,3.37522070829383,-2.075235,0.2093235095,1.060842208,2.7037041295,3.9738698465,1.47,49.83,0.827087066666667,8.027386,0.0910642857142857,10.9835903571429,0.8693,0.8606,0.349,1.4659025787965618,384.6153846,0.778,5/11/2020,Paracou,14,2,320,BF,BF,28,4,24,4,Mid
129,142291,Virola,michelii,5.15592242831623,-1.75164,0.385003576,1.8161548884999998,2.535440275,4.73659874,1.43,53.38,0.498734535738143,7.68776152304609,0.604072430575437,5.09878793300888,0.9219999999999997,0.9315,0.4033,1.3096950161170344,205.1282051,0.765,5/11/2020,Paracou,14,2,80,TF,Generalist,24,4,24,4,Sup
130,142646,Casearia,javitensis,3.49984736119214,-2.131165,0.1796662335,0.7219084315,1.9519520815,2.853526747,0.92,51.45,0.461242688010672,3.52314757378689,0.0330758236260988,4.91479775602087,1.1584000000000003,0.5791,0.5821,NA,407.0512821,0.801,5/11/2020,Paracou,14,2,440,TF,TF,13,2,10,3,Mid
131,142662,Laetia,procera,1.48493893883209,-1.963375,0.1726137055,1.2342689070000001,4.139716036499999,5.5465986485,1.68,50.79,0.673924028681007,9.22199699849925,1.7534910312299,5.7014410776817,2.2317,2.2531,0.936,1.4071581196581195,650.6410256,0.818,5/11/2020,Paracou,14,2,456,BF,BF,34,4,31,4,Sup
132,143007,Eperua,falcata,2.19726046374908,-1.7216775000000002,0.27843192250000004,1.838854648,5.863625227,7.980911798,1.95,52.54,0.844698813700919,5.12018646616541,0.0974078052273541,7.34194522019334,0.5979000000000001,0.6017,0.2786,1.1597272074659009,512.8205128,0.785,5/11/2020,Paracou,14,2,802,BF,BF,26,4,23,4,Mid
133,143035,Virola,surinamensis,5.80321712574748,-1.71968,0.495977035,2.6323030775,7.7742702575000004,10.90255037,1.45,52.39,0.936491804373227,5.07499849774662,0.0136597753773517,14.4953333571786,0.8621999999999996,0.9097,0.3209,1.8348395138672482,NA,0.826,5/11/2020,Paracou,14,2,831,BF,BF,36,5,31,5,Mid
135,143058,Jacaranda,copaia subsp. copaia,9.31729114886209,NA,0.3761604115,1.5869389,2.7494402605,4.7125395725,1.75,54.28,0.45380635713097,3.41301647528707,1.43870622637472,4.08146815491049,0.8835000000000006,0.913,0.4585,0.9912758996728462,269.2307692,0.81,5/11/2020,Paracou,14,2,854,BF,Generalist,29,4,27,4,Sup
134,141912,Bocoa,prouacensis,1.98602447304041,-1.8315400000000002,0.17120866699999998,1.088512412,0.8902674015,2.1499884810000003,2.3,53.64,0.521087066666667,0.565886,0.683864285714286,8.04359035714286,0.6733000000000002,0.9538,0.4268,1.23477038425492,217.9487179,0.829,6/11/2020,Paracou,14,1,763,BF,Generalist,23,5,20,5,Sup
136,141725,Symphonia,globulifera,2.44379777633826,-1.6577575,0.497614153,5.3149894115,2.4460529725,8.258656537,1.5,48.96,0.570943481889501,7.39347621432148,1.27127119250304,10.7296848844696,0.5689000000000002,0.5593,0.207,1.7019323671497588,137.8205128,0.782,6/11/2020,Paracou,14,1,576,BF,BF,39,4,30,4,Inf
137,143297,Bocoa,prouacensis,0.948448663577321,-1.464,0.27884477399999996,1.7775934755,1.030532021,3.086970271,1.83,51.39,1.02861568234902,0.32421021021021,0.194959244959245,13.076667024167,0.42129999999999956,0.407,0.1396,1.9154727793696273,NA,0.82,6/11/2020,Paracou,14,3,67,BF,Generalist,22,3,18,3,Inf
138,141168,Laetia,procera,2.47037331380196,-1.7456475,0.150675805,0.906621933,2.480291942,3.5375896805,1.44,50.52,0.507094160827494,12.6700560560561,1.81943371943372,5.68927963677964,4.282500000000001,4.3345,1.7737,1.4437616282347636,NA,0.842,6/11/2020,Paracou,14,1,10,BF,BF,26,4,22,4,Mid
139,141172,Symphonia,globulifera,3.81383691357254,-1.7376575,0.3204487715,3.1673313380000003,2.5333709,6.0211510090000004,0.95,48.98,0.625525354698715,8.55021131697546,1.80006438228772,16.5634355104085,1.4579999999999993,1.4531,0.5437,1.6726135736619463,198.7179487,0.798,6/11/2020,Paracou,14,1,14,BF,BF,27,4,23,5,Mid
141,141732,Tachigali,melinonii,3.12651835463911,-1.8575075,0.5904713305,2.0032616705,2.7093868325,5.3031198335,2.8,51.92,0.660587066666667,1.892386,0.165814285714286,9.67859035714286,0.2629999999999999,0.2674,0.1146,1.333333333333334,310.8974359,0.787,6/11/2020,Paracou,14,1,583,BF,Generalist,34,5,26,4,Inf
142,141516,Chrysophyllum,prieurii,3.28781635017457,-1.2982075000000002,0.2279974265,0.7801871819999999,2.2720504110000004,3.2802350195,1.15,53.34,0.474712927883018,0.821421734795613,0.752107961828799,3.52102727531691,1.8290999999999995,1.842,0.7909,1.3289922872676696,185.8974359,0.822,6/11/2020,Paracou,14,1,367,BF,Generalist,18,3,14,3,Inf
143,143313,Protium,opacum subsp. rabelianum,5.23773955572151,-1.9234250000000002,0.20699293600000002,1.2213031540000001,2.5667031375000002,3.9949992275,1.32,49.46,0.598988078588079,9.29309290709291,0.574289995718567,7.24134900813472,1.6469999999999994,1.659,0.71,1.3366197183098594,NA,0.831,6/11/2020,Paracou,14,3,83,BF,BF,18,3,14,3,Inf
144,143306,Carapa,surinamensis,1.29035187368191,-1.763625,0.1754985385,0.8970454615,1.8833859355,2.9559299350000003,1.3,49.43,0.793793273393273,5.31207392607393,0.498865420293992,10.3632271300128,3.8415999999999997,3.909,1.4664,1.6657119476268412,NA,0.83,6/11/2020,Paracou,14,3,76,BF,BF,24,5,24,4,Sup
145,141465,Protium,stevensonii,2.14115017459136,-2.091215,0.34593597200000004,1.5191184795,3.6645099004999997,5.5295643514999995,1.34,47.34,0.517881771094403,2.00790576441103,0.120415324024347,7.98856176154673,0.4745999999999997,0.4686,0.2279,1.056164984642387,435.8974359,0.831,6/11/2020,Paracou,14,1,316,TF,Generalist,14,2,12,3,Mid
146,142036,Licania,membranacea,4.51787261716089,-1.8814775000000001,0.3971866295,1.8619883485,4.8350996955,7.094274673499999,1.21,50.31,0.408812066666667,5.547386,2.02036428571429,9.00859035714286,0.9266999999999994,0.9432,0.4496,1.097864768683274,NA,0.797,6/11/2020,Paracou,14,1,887,TF,TF,18,3,14,3,Inf
151,141222,Poraqueiba,guianensis,1.33504389277156,-2.0572575,0.1990926235,1.089156934,3.838488915,5.126738473,0.95,43.42,0.514587066666667,4.194886,0.729864285714286,6.11859035714286,2.1961000000000004,2.241,0.876,1.5582191780821921,275.6410256,0.828,6/11/2020,Paracou,14,1,64,TF,TF,20,3,17,3,Mid
152,141631,Casearia,javitensis,4.17955029463933,-2.1211775,0.23884244100000002,0.8053141855,2.2732423195,3.317398946,1.31,59.99,0.358337066666667,10.897386,0.173064285714286,2.42109035714286,1.7852999999999994,1.791,0.9693,0.8477251624883935,328.2828283,0.727,6/11/2020,Paracou,14,1,482,TF,TF,13,2,13,2,Sup
153,141607,Dicorynia,guianensis,6.94441667734922,-1.69571,0.2122405155,1.446032969,3.2714835310000003,4.9297570155,1.9,51.73,0.556973120425815,1.13810978043912,0.157998289136014,5.49260514684916,1.0381,0.9955,0.4264,1.3346622889305817,368.5897436,0.834,6/11/2020,Paracou,14,1,458,TF,TF,40,5,31,4,Mid
154,141857,Iryanthera,sagotiana,1.44613644533359,-1.6178075,0.26269221249999997,1.2952377880000001,3.3806354065,4.9385654070000005,1.27,47.46,0.429557509157509,7.05033566433567,1.38797630940488,2.20988047666619,0.6863999999999999,0.6431,0.2269,1.8342882327016308,75.75757576,0.805,6/11/2020,Paracou,14,1,708,TF,TF,17,2,14,3,Mid
155,141969,Bocoa,prouacensis,6.96038428832797,-1.4440250000000001,0.1745803695,0.6184135505,2.171483282,2.9644772015000003,2.15,62.76,0.421651241046144,1.13881659170415,0.477625472977797,3.98159955736418,2.8051999999999992,2.7082,1.359,0.9927888153053718,NA,0.752,6/11/2020,Paracou,14,1,820,TF,Generalist,19,3,18,4,Mid
