Code,DateField,Plot,Subplot,idTree,FieldNbr,Species_Name,Forest,TreeHeight,TreeDawkins,BranchHeight,BranchDawkins,CrownPosition,CommentField,CommentLab,Site,Genus,Species,Habitat,FW,SW,DW,Comment_Lab,LSWC,FvFm,LA,gmin,Ptlp
245,2021-03-01T00:00:00Z,3,1,4451,22,Jac.cop,Bafog,26,5,24,4,sup,,,Bafog,Jacaranda,copaia,TF,0.7118,0.7356,0.2895,,1.54093264248705,822,10.92924225,6.821482903,
246,2021-03-01T00:00:00Z,3,1,15283,32,Esc.cor,Bafog,13,3,14,4,middle,,,Bafog,Eschweilera,coriacea,TF,0.748,0.7643,0.3496,,1.18621281464531,812,58.35262271,2.005877323,-1.00058
247,2021-03-01T00:00:00Z,3,9,41396,63,Vou.ame,Bafog,12,2,10,3,inf,,,Bafog,Vouacapoua,americana,TF,0.5585,0.58,0.3083,,0.881284463185209,828,38.63055026,3.32482477,-1.3860975
248,2021-03-01T00:00:00Z,3,17,41678,70,Cas.jav,Bafog,16,2,14,2,middle,,,Bafog,Casearia,javitensis,TF,0.768,0.8628,0.292,,1.95479452054795,765,45.68677103,7.395667267,-0.9186825
249,2021-03-01T00:00:00Z,3,17,41670,62,Con.gui,Bafog,7,3,6,3,middle,etete,,Bafog,Conceveiba,guianensis,TF,5.3164,5.6581,2.0834,,1.71580109436498,816,277.9322398,3.503858293,-1.6457725
250,2021-03-01T00:00:00Z,3,17,41655,47,Gus.hex,Bafog,13,2,11,2,middle,,,Bafog,Gustavia,hexapetala,TF,1.3294,1.391,0.4691,,1.9652526113835,783,91.80220299,1.774180447,-1.7696175
251,2021-03-01T00:00:00Z,3,17,41659,51,Vir.mic,Bafog,24,4,18,3,middle,,,Bafog,Virola,michelii,TF,1.0982,1.1682,0.4617,,1.53021442495127,736,42.92573572,8.727872496,-1.683725
252,2021-03-01T00:00:00Z,3,18,15399,29,Iry.sag,Bafog,20,2,16,2,inf,,,Bafog,Iryanthera,sagotiana,TF,0.576,0.5722,0.2184,,1.61996336996337,809,27.82265101,1.371742335,-1.6138125
253,2021-03-01T00:00:00Z,3,18,41699,55,Lic.mem,Bafog,23,2,19,2,middle,,,Bafog,Licania,membranacea,TF,1.1858,1.251,0.4649,,1.69090126909013,816,82.13369662,3.976642976,-1.8934625
254,2021-03-01T00:00:00Z,3,18,4543,16,Con.gui,Bafog,16,3,16,3,sup,,,Bafog,Conceveiba,guianensis,TF,2.1148,2.2069,0.9199,,1.39906511577345,777,85.81362374,2.564300424,-1.8734875
255,2021-03-01T00:00:00Z,3,18,15406,40,Pro.ste,Bafog,18,3,16,2,middle,,,Bafog,Protium,stevensonii,TF,0.8927,0.9206,0.4712,,0.953735144312394,835,42.42316112,7.289698829,
256,2021-03-01T00:00:00Z,3,10,41416,53,Chr.pri,Bafog,20,2,18,2,inf,,,Bafog,Chrysophyllum,prieurii,TF,2.9312,3.2176,1.3887,,1.31698711024699,775,73.36951304,19.14562773,-2.115185
257,2021-03-01T00:00:00Z,3,10,41420,57,Pro.ste,Bafog,16,2,13,2,sup,,,Bafog,Protium,stevensonii,TF,0.7731,0.8111,0.348,,1.33074712643678,830,48.59302277,3.157043437,-2.1571325
258,2021-03-01T00:00:00Z,3,10,15353,36,Esc.cor,Bafog,21,3,18,3,middle,,,Bafog,Eschweilera,coriacea,TF,1.7274,1.8119,0.7549,,1.40018545502716,789,99.64697813,1.930369925,-1.6457725
259,2021-03-01T00:00:00Z,3,3,41201,44,Dic.gui,Bafog,18,2,16,3,middle,,,Bafog,Dicorynia,guianensis,TF,2.0386,2.1763,0.805,,1.70347826086957,788,82.40227471,4.423291287,-1.49596
260,2021-03-01T00:00:00Z,3,12,3145,8,Iry.sag,Bafog,16,3,16,3,sup,,,Bafog,Iryanthera,sagotiana,TF,1.1354,1.1625,0.4611,,1.52114508783344,819,52.97689757,3.152383564,-1.6018275
261,2021-03-01T00:00:00Z,3,12,41508,74,Tac.mel,Bafog,19,3,15,3,middle,,erreur bota,Bafog,Tachigali,melinonii,TF,0.606199999999999,0.6354,0.2865,,1.21780104712042,795,33.4583101,3.155526319,
262,2021-03-01T00:00:00Z,3,4,15306,27,Esc.cor,Bafog,18,3,14,2,inf,,,Bafog,Eschweilera,coriacea,TF,1.7937,1.8576,0.7143,,1.60058798824024,824,90.22750604,1.260178037,-1.6977075
263,2021-03-01T00:00:00Z,3,4,4472,5,Por.gui,Bafog,19,2,15,3,middle,,,Bafog,Poraqueiba,guianensis,TF,1.8637,1.9693,0.8217,,1.39661677011075,823,71.31469356,2.75774181,-1.8095675
264,2021-03-01T00:00:00Z,3,5,5136,24,Esc.cor,Bafog,23,3,18,3,inf,,,Bafog,Eschweilera,coriacea,BF,1.3483,1.4108,0.5941,,1.37468439656624,740,85.23207752,1.779210437,-1.6657475
265,2021-03-01T00:00:00Z,3,5,41257,35,Iry.hos,Bafog,12,3,11,3,middle,,,Bafog,Iryanthera,hostmannii,BF,1.0487,1.0839,0.4137,,1.62001450326323,745,30.76050552,3.594979118,
266,2021-03-01T00:00:00Z,3,5,41269,49,Vir.mic,Bafog,18,2,16,2,middle,,,Bafog,Virola,michelii,BF,0.4531,0.4763,0.1557,,2.05908798972383,805,48.57903591,3.922315412,-1.6577575
267,2021-03-01T00:00:00Z,3,12,41499,61,Iry.hos,Bafog,11,2,11,2,sup,,,Bafog,Iryanthera,hostmannii,BF,0.7092,0.7205,0.2562,,1.81225604996097,813,37.74955908,1.448602516,-1.4420275
268,2021-03-02T00:00:00Z,3,33,15511,22,Tac.mel,Bafog,24,2,18,2,inf,,,Bafog,Tachigali,melinonii,TF,0.3575,0.3239,0.1403,,1.30862437633642,830,19.77852647,4.261836488,-1.196335
269,2021-03-02T00:00:00Z,3,41,42545,36,Dic.gui,Bafog,16,2,15,2,sup,,,Bafog,Dicorynia,guianensis,TF,0.9642,0.8529,0.3308,,1.57829504232164,826,34.29617385,11.89108407,-1.2862225
270,2021-03-02T00:00:00Z,3,33,15517,31,Esc.cor,Bafog,18,2,16,2,middle,,,Bafog,Eschweilera,coriacea,TF,2.1137,2.0666,0.8264,,1.50072604065828,780,57.02177608,3.180323964,-1.6178075
271,2021-03-02T00:00:00Z,3,25,3316,14,Dic.gui,Bafog,30,5,26,4,middle,,,Bafog,Dicorynia,guianensis,TF,1.8335,1.7333,0.7917,,1.18933939623595,842,68.38321757,11.03739711,-1.24827
272,2021-03-02T00:00:00Z,3,26,3320,1,Por.gui,Bafog,21,3,20,3,sup,,,Bafog,Poraqueiba,guianensis,TF,1.0571,1.0315,0.4072,,1.53315324165029,837,46.48487679,5.04614153,-1.98335
273,2021-03-02T00:00:00Z,3,34,42291,46,Dic.gui,Bafog,14,2,11,2,inf,erreur bota,erreur bota,,,,,1.887,1.8619,0.7687,,1.42214127748146,833,61.57616717,3.274118193,
274,2021-03-02T00:00:00Z,3,34,3433,8,Esc.cor,Bafog,23,3,20,3,middle,,,Bafog,Eschweilera,coriacea,TF,1.1366,1.2278,0.553,,1.22025316455696,823,97.18143114,1.546773105,-1.6417775
275,2021-03-02T00:00:00Z,3,34,3431,5,Por.gui,Bafog,20,2,20,2,sup,,,Bafog,Poraqueiba,guianensis,TF,3.0516,3.0723,1.2208,,1.51662844036697,827,64.23480097,4.626582484,-1.8974575
276,2021-03-02T00:00:00Z,3,26,15469,42,Con.gui,Bafog,20,2,16,3,middle,,,Bafog,Conceveiba,guianensis,TF,4.9068,4.9793,2.2084,,1.25470929179496,822,175.0524994,5.504476921,-1.467995
277,2021-03-02T00:00:00Z,3,34,3436,12,Pro.ste,Bafog,22,3,18,3,middle,,,Bafog,Protium,stevensonii,TF,1.1402,1.1106,0.5134,,1.16322555512271,791,53.39195975,4.304087085,-2.1890925
278,2021-03-02T00:00:00Z,3,34,3443,22,Hym.het,Bafog,26,3,22,2,inf,,,Bafog,Hymenopus,heteromorphus,TF,0.886,0.8847,0.4222,,1.09545239223117,832,47.98846753,3.736605841,-1.6297925
279,2021-03-02T00:00:00Z,3,34,15420,27,Tac.mel,Bafog,33,5,28,3,inf,,,Bafog,Tachigali,melinonii,TF,0.424600000000001,0.3944,0.1895,,1.08126649076517,822,12.9531747,4.187390355,-1.8015775
280,2021-03-02T00:00:00Z,3,35,3445,1,Hym.het,Bafog,22,2,20,2,middle,,,Bafog,Hymenopus,heteromorphus,TF,2.4001,2.4601,0.9937,,1.47569689040958,829,124.7532938,2.273588701,-1.3541375
281,2021-03-02T00:00:00Z,3,34,3438,15,Por.gui,Bafog,20,3,16,3,middle,,,Bafog,Poraqueiba,guianensis,TF,1.7893,1.8171,0.6854,,1.65115261161366,825,37.58435023,8.410448919,-1.995335
282,2021-03-02T00:00:00Z,3,41,3519,2,Pro.ste,Bafog,20,3,18,2,middle,,,Bafog,Protium,stevensonii,TF,0.9981,1.01,0.376,,1.68617021276596,759,35.5357001,7.038622408,-2.4727375
283,2021-03-02T00:00:00Z,3,41,42555,46,Dic.gui,Bafog,18,2,16,2,sup,,,Bafog,Dicorynia,guianensis,TF,1.1445,1.1691,0.411,,1.84452554744526,840,143.8767788,6.078017352,-1.523925
284,2021-03-02T00:00:00Z,3,41,42558,41,Dic.gui,Bafog,18,2,15,2,middle,,,Bafog,Dicorynia,guianensis,TF,1.1347,1.1299,0.4399,,1.56853830416004,826,115.3509235,5.396245905,-1.45601
285,2021-03-02T00:00:00Z,3,41,5145,16,Por.gui,Bafog,18,2,15,2,inf,,,Bafog,Poraqueiba,guianensis,TF,1.8811,1.9425,0.8201,,1.3686135837093,816,67.81469804,4.355607612,-1.859505
286,2021-03-02T00:00:00Z,3,41,15563,29,Hym.het,Bafog,18,3,15,3,middle,,,Bafog,Hymenopus,heteromorphus,TF,2.6413,2.694,1.1875,,1.26863157894737,806,109.1206815,2.437721626,-1.675735
287,2021-03-02T00:00:00Z,3,49,15646,20,Esc.cor,Bafog,20,3,9,2,inf,,,Bafog,Eschweilera,coriacea,TF,4.0522,4.1251,1.6553,,1.49205582069715,813,143.0653389,3.499199655,-1.4460225
288,2021-03-02T00:00:00Z,3,49,15656,35,Hym.het,Bafog,18,2,16,2,middle,,,Bafog,Hymenopus,heteromorphus,TF,0.9613,0.972,0.4146,,1.34442836468886,831,86.21392535,2.840721907,-1.5738625
289,2021-03-02T00:00:00Z,3,41,15562,27,Lic.mem,Bafog,24,5,22,4,middle,,,Bafog,Licania,membranacea,TF,1.5038,1.5686,0.7558,,1.07541677692511,809,46.71542068,26.69126719,-2.24702
290,2021-03-02T00:00:00Z,3,41,15560,24,Hym.het,Bafog,17,4,14,3,middle,,,Bafog,Hymenopus,heteromorphus,TF,2.3441,2.3732,0.8952,,1.65102770330652,822,104.7701962,2.483314693,-1.6817275
291,2021-03-03T00:00:00Z,3,60,15763,21,Esc.cor,Bafog,17,3,16,3,middle,,,Bafog,Eschweilera,coriacea,BF,3.3691,3.3128,1.3825,,1.39623869801085,819,,,-1.595835
292,2021-03-03T00:00:00Z,3,60,15761,14,Iry.hos,Bafog,15,2,11,3,middle,,,Bafog,Iryanthera,hostmannii,BF,1.4955,1.4814,0.6118,,1.42137953579601,812,,,-1.388095
293,2021-03-03T00:00:00Z,3,60,15768,30,Iry.hos,Bafog,18,3,15,3,middle,fruit,,Bafog,Iryanthera,hostmannii,BF,1.5064,1.5004,0.5342,,1.80868588543617,832,,,-1.412065
294,2021-03-03T00:00:00Z,3,60,3759,11,Esc.cor,Bafog,24,3,22,2,middle,,,Bafog,Eschweilera,coriacea,BF,3.0321,3.0423,1.2453,,1.44302577692122,829,,,-1.6457725
295,2021-03-03T00:00:00Z,3,60,43207,36,Car.sur,Bafog,20,4,18,3,sup,,,Bafog,Carapa,surinamensis,BF,5.3088,5.3335,1.9643,,1.71521661660643,824,,,-1.619805
296,2021-03-03T00:00:00Z,3,61,15775,23,Hym.het,Bafog,23,3,17,2,inf,,,Bafog,Hymenopus,heteromorphus,BF,2.4534,2.3279,0.8377,,1.77891846723171,824,,,-1.63179
297,2021-03-03T00:00:00Z,3,60,15765,26,Con.gui,Bafog,20,2,19,2,sup,,,Bafog,Conceveiba,guianensis,BF,1.4883,1.5177,0.6006,,1.52697302697303,793,,,-1.683725
298,2021-03-03T00:00:00Z,3,61,15776,24,Jac.cop,Bafog,24,2,24,3,sup,,,Bafog,Jacaranda,copaia,BF,0.6701,0.6472,0.2575,,1.51339805825243,841,,,
298,2021-03-03T00:00:00Z,3,61,15776,24,Jac.cop,Bafog,24,2,24,3,sup,,,Bafog,Jacaranda,copaia,BF,0.6701,0.6472,0.2575,,1.51339805825243,841,,,-1.4779825
299,2021-03-03T00:00:00Z,3,53,3659,9,Tac.mel,Bafog,27,4,20,3,inf,,,Bafog,Tachigali,melinonii,BF,0.225000000000001,0.2153,0.088,,1.44659090909091,797,,,-2.0772325
300,2021-03-03T00:00:00Z,3,61,3762,2,Esc.cor,Bafog,25,2,20,2,inf,,,Bafog,Eschweilera,coriacea,BF,0.9044,0.8265,0.3489,,1.36887360275151,783,,,-1.5578825
301,2021-03-03T00:00:00Z,3,52,5107,15,Esc.cor,Bafog,18,3,14,2,inf,,,Bafog,Eschweilera,coriacea,BF,2.6328,2.6679,1.0724,,1.48778440880269,827,,,-1.5458975
302,2021-03-03T00:00:00Z,3,52,42935,80,Con.gui,Bafog,15,2,15,2,sup,,,Bafog,Conceveiba,guianensis,BF,2.1353,2.2254,0.9232,,1.41052859618718,799,,,-1.795585
303,2021-03-03T00:00:00Z,3,44,4667,3,Hym.het,Bafog,18,2,18,2,sup,,,Bafog,Hymenopus,heteromorphus,BF,2.1311,2.2856,0.8516,,1.6838891498356,780,,,-1.7296675
304,2021-03-03T00:00:00Z,3,44,42653,57,Sym.glo,Bafog,15,3,15,3,sup,,,Bafog,Symphonia,globulifera,BF,0.5701,0.5751,0.1785,,2.2218487394958,821,,,-1.55189
305,2021-03-03T00:00:00Z,3,44,15582,17,Esc.cor,Bafog,14,2,12,2,inf,,,Bafog,Eschweilera,coriacea,BF,0.915299999999999,0.9473,0.3641,,1.60175775885746,816,,,-1.420055
306,2021-03-03T00:00:00Z,3,44,15586,24,Vir.mic,Bafog,26,4,23,4,sup,,,Bafog,Virola,michelii,BF,1.2964,1.3418,0.5454,,1.46021268793546,816,,,-1.69571
307,2021-03-03T00:00:00Z,3,37,42419,50,Vir.mic,Bafog,14,3,12,2,inf,,,Bafog,Virola,michelii,BF,0.9795,0.9322,0.3476,,1.68181818181818,819,,,-1.539905
308,2021-03-03T00:00:00Z,3,37,42426,57,Iry.hos,Bafog,11,2,9,2,inf,,,Bafog,Iryanthera,hostmannii,BF,1.7027,1.7457,0.7015,,1.48852459016393,819,,,-1.36812
309,2021-03-03T00:00:00Z,3,37,4636,13,Esc.cor,Bafog,26,4,24,4,middle,,,Bafog,Eschweilera,coriacea,BF,3.5213,3.4996,1.531,,1.28582625734814,834,,,-1.3781075
310,2021-03-03T00:00:00Z,3,37,4632,3,Esc.cor,Bafog,20,3,18,2,inf,,,Bafog,Eschweilera,coriacea,BF,2.4406,2.5276,1.1056,,1.28617945007236,752,,,-1.5059475
311,2021-03-03T00:00:00Z,3,37,3475,17,Lae.pro,Bafog,28,5,26,5,sup,,,Bafog,Laetia,procera,BF,2.2352,2.3774,0.9248,,1.57071799307959,782,,,-2.1032
312,2021-03-03T00:00:00Z,3,36,15532,27,Hym.het,Bafog,16,3,12,2,inf,,,Bafog,Hymenopus,heteromorphus,BF,2.4271,2.6084,1.1221,,1.32457000267356,800,,,-1.667745
313,2021-03-04T00:00:00Z,3,21,4556,1,Hym.het,Bafog,15,2,13,2,inf,TMS BF1,,Bafog,Hymenopus,heteromorphus,BF,1.9651,2.0523,0.7932,,1.58736762481089,838,121.34009,3.556011964,-1.5419025
314,2021-03-04T00:00:00Z,3,45,5095,10,Esc.cor,Bafog,17,3,15,2,middle,moche,,Bafog,Eschweilera,coriacea,BF,2.9326,2.9557,1.2925,,1.2868085106383,751,117.3926609,3.761002573,-1.5458975
315,2021-03-04T00:00:00Z,3,36,3466,17,Esc.cor,Bafog,18,3,14,3,inf,D1 rare 78,,Bafog,Eschweilera,coriacea,BF,1.7016,1.7169,0.783,,1.19272030651341,815,117.3268016,2.292559166,-1.44003
316,2021-03-04T00:00:00Z,3,20,41772,49,Vir.mic,Bafog,11,3,10,3,middle,,,Bafog,Virola,michelii,BF,1.4531,1.4907,0.5586,,1.66863587540279,820,64.08340258,5.85039032,-1.34415
317,2021-03-04T00:00:00Z,3,21,41790,78,Chr.pri,Bafog,12,1,10,1,sup,,,Bafog,Chrysophyllum,prieurii,BF,6.4003,6.508,2.4783,,1.62599362466207,831,246.1275857,13.11457765,-1.8135625
318,2021-03-04T00:00:00Z,3,21,3258,3,Lae.pro,Bafog,28,4,28,4,sup,,,Bafog,Laetia,procera,BF,1.4373,1.4713,0.6062,,1.42708677004289,805,45.85321727,2.46900944,-2.07124
318,2021-03-04T00:00:00Z,3,21,3258,3,Lae.pro,Bafog,28,4,28,4,sup,,,Bafog,Laetia,procera,BF,1.4373,1.4713,0.6062,,1.42708677004289,805,45.85321727,2.46900944,-2.0173075
319,2021-03-04T00:00:00Z,3,15,15386,32,Lic.mem,Bafog,18,2,16,2,middle,,,Bafog,Licania,membranacea,TF,1.834,2.0055,0.8793,,1.28079153872399,908,58.64604702,6.426741493,-2.0252975
320,2021-03-04T00:00:00Z,3,14,4518,2,Jac.cop,Bafog,24,3,20,3,inf,,,Bafog,Jacaranda,copaia,TF,0.4229,0.4323,0.1609,,1.68676196395277,892,27.2480831,3.118657891,-1.4659975
321,2021-03-04T00:00:00Z,3,14,41539,35,Tac.mel,Bafog,30,5,25,3,inf,,,Bafog,Tachigali,melinonii,TF,0.4847,0.498,0.2401,,1.07413577675968,774,15.08188516,3.88305035,-1.499955
321,2021-03-04T00:00:00Z,3,14,41539,35,Tac.mel,Bafog,30,5,25,3,inf,,,Bafog,Tachigali,melinonii,TF,0.4847,0.498,0.2401,,1.07413577675968,774,15.08188516,3.88305035,-1.9613775
322,2021-03-04T00:00:00Z,3,6,3060,8,Tac.mel,Bafog,30,5,28,5,sup,,,Bafog,Tachigali,melinonii,TF,0.4909,0.4831,0.237,,1.03839662447257,834,14.2415315,3.035935668,-1.6937125
323,2021-03-04T00:00:00Z,3,14,,,Tac.mel,Bafog,29,5,22,4,middle,1 tacmel supplémentaire non renseigne,,Bafog,Tachigali,melinonii,TF,0.1668,0.1714,0.0795,,1.1559748427673,836,9.714350531,4.816842614,-1.74365
324,2021-03-04T00:00:00Z,3,6,15309,17,Chr.pri,Bafog,17,2,14,2,middle,,,Bafog,Chrysophyllum,prieurii,TF,4.3263,4.5033,1.8621,,1.41839858224585,826,91.89509847,1.544962656,-2.1091925
325,2021-03-04T00:00:00Z,3,8,15322,27,Pro.ste,Bafog,15,2,14,2,middle,,,Bafog,Protium,stevensonii,TF,0.904999999999999,0.9313,0.4937,,0.886368239821754,840,31.09320142,17.60484471,-2.21506
326,2021-03-04T00:00:00Z,3,8,3096,15,Pro.ste,Bafog,26,3,20,2,middle,,,Bafog,Protium,stevensonii,TF,0.539300000000001,0.5537,0.3082,,0.796560674886437,837,40.00416394,6.654341939,-2.46275
327,2021-03-04T00:00:00Z,3,8,15326,31,Vir.mic,Bafog,22,2,20,2,sup,,,Bafog,Virola,michelii,TF,0.745800000000001,0.798,0.2721,,1.93274531422271,811,57.18503684,4.37983885,-2.0173075
328,2021-03-04T00:00:00Z,3,24,41941,68,Gus.hex,Bafog,13,3,12,2,sup,,,Bafog,Gustavia,hexapetala,TF,2.3466,2.4362,0.9188,,1.65150195907706,803,65.05065871,3.239326394,-2.019305
329,2021-03-05T00:00:00Z,5,58,26512,2,Vir.sur,Bafog,16,3,13,2,middle,,,Bafog,Virola,surinamensis,BF,1.5986,1.6051,0.5933,,1.70537670655655,796,65.34446609,5.42286613,-1.388095
330,2021-03-05T00:00:00Z,5,57,265510,57,Chr.pri,Bafog,15,2,12,2,inf,,,Bafog,Chrysophyllum,prieurii,BF,1.7812,1.8103,0.7661,,1.36300744028195,826,61.65016904,6.479841387,-1.9214275
331,2021-03-05T00:00:00Z,5,48,26207,30,Vir.sur,Bafog,32,5,25,2,inf,,,Bafog,Virola,surinamensis,BF,1.2393,1.2683,0.4444,,1.8539603960396,814,63.16179152,3.183336311,-1.7935875
332,2021-03-05T00:00:00Z,5,38,25882,4,Pte.off,Bafog,38,5,30,3,middle,,,Bafog,Pterocarpus,officinalis,BF,0.5388,0.5552,0.2055,,1.70170316301703,834,64.47955854,4.375465272,-1.547895
333,2021-03-05T00:00:00Z,5,37,25869,15,Iry.hos,Bafog,14,2,12,3,sup,,,Bafog,Iryanthera,hostmannii,BF,0.6363,0.6416,0.2795,,1.29552772808587,793,66.2067199,2.717551991,-1.4260475
334,2021-03-05T00:00:00Z,5,37,25857,2,Sym.glo,Bafog,38,5,31,3,middle,,,Bafog,Symphonia,globulifera,BF,1.5408,1.5575,0.5165,,2.01548886737657,851,31.30059012,3.296779086,-1.6457725
335,2021-03-05T00:00:00Z,5,48,26196,9,Pte.off,Bafog,23,2,21,3,middle,,,Bafog,Pterocarpus,officinalis,BF,0.411100000000001,0.4154,0.1639,,1.53447223917023,820,22.59167105,2.987352077,-1.56787
336,2021-03-05T00:00:00Z,5,48,26197,11,Sym.glo,Bafog,22,3,20,2,inf,,,Bafog,Symphonia,globulifera,BF,1.3701,1.3706,0.3523,,2.89043428895827,813,64.65007231,2.654736001,-1.531915
337,2021-03-05T00:00:00Z,5,49,26235,20,Sym.glo,Bafog,20,2,16,2,inf,,,Bafog,Symphonia,globulifera,BF,1.493,1.5109,0.4344,,2.47813075506446,799,43.29579546,2.825690484,-1.5259225
338,2021-03-05T00:00:00Z,5,49,26224,9,Pte.off,Bafog,23,2,20,2,sup,,,Bafog,Pterocarpus,officinalis,BF,0.4688,0.4689,0.1835,,1.55531335149864,870,30.14547146,3.991840176,-1.87149
339,2021-03-05T00:00:00Z,5,49,26221,6,Vir.sur,Bafog,34,5,30,4,sup,,,Bafog,Virola,surinamensis,BF,2.0188,2.0636,0.791,,1.60884955752212,833,26.98596417,10.41381635,-1.5898425
340,2021-03-05T00:00:00Z,5,60,26562,32,Tac.mel,Bafog,25,4,23,2,middle,,,Bafog,Tachigali,melinonii,BF,0.212399999999999,0.2197,0.103,,1.13300970873786,823,23.75887637,3.945749844,-1.7056975
341,2021-03-05T00:00:00Z,5,60,26555,19,Pte.off,Bafog,18,3,16,2,middle,,,Bafog,Pterocarpus,officinalis,BF,0.738399999999999,0.7613,0.2603,,1.92470226661544,798,27.17382166,3.025202472,-1.63978
342,2021-03-05T00:00:00Z,5,50,26257,43,Pte.off,Bafog,26,3,22,2,inf,,,Bafog,Pterocarpus,officinalis,BF,0.661899999999999,0.6865,0.2574,,1.66705516705517,837,41.07823186,2.068091204,-1.436035
343,2021-03-05T00:00:00Z,5,40,25945,7,Lae.pro,Bafog,20,2,18,2,sup,,,Bafog,Laetia,procera,BF,4.1952,4.3101,1.6718,,1.5781193922718,865,105.9832835,4.364939025,-1.811565
344,2021-03-05T00:00:00Z,5,50,26245,12,Lae.pro,Bafog,25,4,25,4,sup,,,Bafog,Laetia,procera,BF,1.8524,1.9258,0.7633,,1.52299227040482,823,52.43649795,4.206456381,-1.8375325
345,2021-03-05T00:00:00Z,5,50,26247,15,Vir.sur,Bafog,28,4,24,3,inf,,,Bafog,Virola,surinamensis,BF,0.867699999999999,0.8713,0.3456,,1.52112268518519,779,29.03614152,5.08479506,-1.8615025
346,2021-03-05T00:00:00Z,5,49,26228,13,Sym.glo,Bafog,23,4,23,4,sup,,,Bafog,Symphonia,globulifera,BF,1.9791,2.0093,0.6857,,1.93029021437947,834,34.67426029,3.487546367,-1.7696175
347,2021-03-05T00:00:00Z,5,39,25915,8,Sym.glo,Bafog,34,5,29,4,inf,,,Bafog,Symphonia,globulifera,BF,1.4676,1.4929,0.524,,1.84904580152672,808,24.12301627,5.735952011,-1.6817275
348,2021-03-05T00:00:00Z,5,39,2529,39,Pte.off,Bafog,15,2,13,2,middle,,,Bafog,Pterocarpus,officinalis,BF,0.428700000000001,0.4435,0.1584,,1.79987373737374,869,24.85960754,2.178161114,-1.659755
349,2021-03-05T00:00:00Z,5,49,26218,3,Sym.glo,Bafog,35,5,29,3,middle,,,Bafog,Symphonia,globulifera,BF,1.4901,1.5237,0.4639,,2.28454408277646,871,60.10976889,2.073346706,-1.7216775
350,2021-03-05T00:00:00Z,5,47,26186,40,Iry.hos,Bafog,12,2,10,2,middle,,,Bafog,Iryanthera,hostmannii,BF,2.1981,2.2627,0.9762,,1.31786519155911,834,57.11465392,4.783588599,
351,2021-03-08T00:00:00Z,2,5,33274,38,Vou.ame,Bafog,14,2,12,2,middle,,,Bafog,Vouacapoua,americana,TF,1.2658,1.3277,0.6458,,1.05589965933726,792,55.25070603,8.229378227,-1.8575075
352,2021-03-08T00:00:00Z,2,5,840,17,Dic.gui,Bafog,23,3,15,3,middle,,,Bafog,Dicorynia,guianensis,TF,1.0413,1.0913,0.4272,,1.55454119850187,846,94.77194251,4.328074322,-1.3061975
353,2021-03-08T00:00:00Z,2,6,10608,24,Vou.ame,Bafog,22,2,20,3,middle,,,Bafog,Vouacapoua,americana,TF,0.541599999999999,0.5575,0.2778,,1.00683945284377,823,54.48971965,7.350989816,-1.6457725
354,2021-03-08T00:00:00Z,2,6,848,10,Vir.mic,Bafog,22,2,20,3,middle,,,Bafog,Virola,michelii,TF,1.4081,1.4731,0.4888,,2.01370703764321,806,64.41122954,3.839538572,-1.47998
355,2021-03-08T00:00:00Z,2,14,34450,41,Con.gui,Bafog,15,2,14,2,sup,,,Bafog,Conceveiba,guianensis,TF,1.1302,1.1854,0.3361,,2.52692650996727,827,137.1656329,14.78894603,-2.07124
356,2021-03-08T00:00:00Z,2,14,10660,23,Iry.sag,Bafog,15,3,13,2,middle,,,Bafog,Iryanthera,sagotiana,TF,0.9131,0.9222,0.2912,,2.1668956043956,826,46.62529989,1.486977765,-1.4460225
357,2021-03-08T00:00:00Z,2,15,33463,36,Gus.hex,Bafog,13,3,12,3,middle,,,Bafog,Gustavia,hexapetala,TF,0.7621,0.7864,0.2406,,2.26849542809643,760,64.7434693,4.629286856,-1.9414025
358,2021-03-08T00:00:00Z,2,6,852,15,Vou.ame,Bafog,26,5,21,3,sup,,,Bafog,Vouacapoua,americana,TF,0.9214,0.9452,0.4238,,1.23029731005191,829,46.12973385,2.310426184,-1.7416525
359,2021-03-08T00:00:00Z,2,4,820,9,Con.gui,Bafog,14,3,14,3,middle,,,Bafog,Conceveiba,guianensis,TF,1.3046,1.3776,0.5683,,1.42407179306704,807,116.1504733,4.959834581,-1.6657475
360,2021-03-08T00:00:00Z,2,2,783,10,Boc.pro,Bafog,15,2,13,2,middle,,,Bafog,Bocoa,prouacensis,TF,1.2942,1.3527,0.6192,,1.18459302325581,836,52.72453669,4.425596528,-1.5538875
361,2021-03-08T00:00:00Z,2,3,3826,9,Vir.mic,Bafog,29,5,21,3,middle,,,Bafog,Virola,michelii,TF,0.452999999999999,0.4938,0.1909,,1.58669460450498,782,19.99188038,5.771722745,-1.63179
362,2021-03-08T00:00:00Z,2,3,33255,48,Iry.sag,Bafog,14,2,12,2,sup,,,Bafog,Iryanthera,sagotiana,TF,0.8409,0.8388,0.3435,,1.44192139737991,767,37.65280776,1.950403391,-1.6377825
363,2021-03-08T00:00:00Z,2,3,246162,66,Cas.jav,Bafog,11,2,11,2,sup,,,Bafog,Casearia,javitensis,TF,0.8627,0.9039,0.4589,,0.969710176509044,822,50.15321623,3.121399452,
363,2021-03-08T00:00:00Z,2,3,246162,66,Cas.jav,Bafog,11,2,11,2,sup,,,Bafog,Casearia,javitensis,TF,0.8627,0.9039,0.4589,,0.969710176509044,822,50.15321623,3.121399452,-1.8015775
364,2021-03-08T00:00:00Z,2,10,925,24,Vou.ame,Bafog,32,5,25,3,middle,,,Bafog,Vouacapoua,americana,TF,0.3432,0.3551,0.1678,,1.11620977353993,789,25.83458039,3.856252431,-1.8455225
365,2021-03-08T00:00:00Z,2,10,908,1,Boc.pro,Bafog,12,2,12,2,sup,,,Bafog,Bocoa,prouacensis,TF,2.0405,2.1031,0.863,,1.4369640787949,767,55.91051318,5.672452084,-1.3301675
366,2021-03-08T00:00:00Z,2,1,33221,45,Vou.ame,Bafog,14,2,12,2,middle,,,Bafog,Vouacapoua,americana,TF,1.2492,1.3229,0.5701,,1.32047009296615,812,36.88133501,5.049017067,-1.827545
367,2021-03-09T00:00:00Z,2,10,911,5,Vir.mic,Bafog,28,4,23,2,inf,,,Bafog,Virola,michelii,TF,0.973099999999999,0.9908,0.3496,,1.83409610983982,821,30.86546498,9.474659309,-1.5179325
368,2021-03-09T00:00:00Z,2,10,10635,29,Chr.pri,Bafog,18,2,16,4,sup,,,Bafog,Chrysophyllum,prieurii,TF,2.0075,2.2079,0.8918,,1.4757793227181,821,84.58882528,3.545981503,-1.963375
369,2021-03-09T00:00:00Z,2,18,33521,46,Gus.hex,Bafog,13,2,11,2,inf,,,Bafog,Gustavia,hexapetala,TF,1.2066,1.2069,0.364,,2.31565934065934,828,60.55743937,12.44577816,-1.7376575
370,2021-03-09T00:00:00Z,2,18,33527,52,Gus.hex,Bafog,10,3,9,4,middle,,,Bafog,Gustavia,hexapetala,TF,1.3378,1.344,0.426,,2.15492957746479,696,44.96789141,8.869065688,-1.93541
371,2021-03-09T00:00:00Z,2,19,1074,23,Jac.cop,Bafog,28,3,25,2,inf,,,Bafog,Jacaranda,copaia,TF,0.3987,0.3996,0.1277,,2.12920908379013,865,22.96802866,8.454174494,
371,2021-03-09T00:00:00Z,2,19,1074,23,Jac.cop,Bafog,28,3,25,2,inf,,,Bafog,Jacaranda,copaia,TF,0.3987,0.3996,0.1277,,2.12920908379013,865,22.96802866,8.454174494,-1.3621275
372,2021-03-09T00:00:00Z,2,19,1073,22,Boc.pro,Bafog,24,2,21,3,middle,,,Bafog,Bocoa,prouacensis,TF,1.4108,1.4257,0.5732,,1.48726448011165,821,51.23682797,2.784142712,-1.420055
373,2021-03-09T00:00:00Z,2,20,1082,9,Boc.pro,Bafog,24,3,20,4,inf,,,Bafog,Bocoa,prouacensis,TF,1.6521,1.6932,0.7603,,1.22701565171643,860,88.17487657,3.405640607,-1.7536375
374,2021-03-09T00:00:00Z,2,27,33661,49,Chr.pri,Bafog,18,2,17,3,inf,,,Bafog,Chrysophyllum,prieurii,TF,3.3445,3.4671,1.3737,,1.52391351823542,841,217.4212497,20.46398219,-1.87149
375,2021-03-09T00:00:00Z,2,19,1061,9,Vir.mic,Bafog,23,3,20,2,inf,,,Bafog,Virola,michelii,TF,0.578200000000001,0.6048,0.2617,,1.31104317921284,770,34.52743347,10.45962131,-1.587845
376,2021-03-09T00:00:00Z,2,28,33692,51,Chr.pri,Bafog,14,5,12,4,inf,,,Bafog,Chrysophyllum,prieurii,TF,4.5714,4.8469,2.1993,,1.20383758468604,865,62.13089388,11.11039475,-2.0532625
377,2021-03-09T00:00:00Z,2,44,10873,37,Boc.pro,Bafog,12,1,11,2,middle,,,Bafog,Bocoa,prouacensis,TF,2.9889,3.1848,1.1677,herbivory,1.72741286289287,870,125.7062708,18.40606741,-1.44802
378,2021-03-09T00:00:00Z,2,36,10818,24,Vir.mic,Bafog,32,5,22,4,inf,,,Bafog,Virola,michelii,TF,0.512499999999999,0.5325,0.2255,,1.36141906873614,892,40.46100527,2.155309388,-1.7376575
379,2021-03-09T00:00:00Z,2,37,33880,50,Gus.hex,Bafog,14,2,13,3,sup,,,Bafog,Gustavia,hexapetala,TF,1.6502,1.7643,0.5658,,2.11823966065748,796,88.26302408,2.246312593,-2.011315
380,2021-03-09T00:00:00Z,2,52,34229,44,Cas.jav,Bafog,11,2,10,2,middle,,,Bafog,Casearia,javitensis,TF,0.9838,1.0194,0.523,,0.949139579349904,847,84.7662972,3.704104618,-1.899455
381,2021-03-09T00:00:00Z,2,43,34016,33,Vou.ame,Bafog,12,2,10,2,middle,,,Bafog,Vouacapoua,americana,TF,0.297799999999999,0.315,0.1595,,0.974921630094044,823,41.23537116,1.842645611,-1.8575075
382,2021-03-09T00:00:00Z,2,51,1681,22,Boc.pro,Bafog,25,2,22,2,middle,,,Bafog,Bocoa,prouacensis,TF,0.880699999999999,0.9005,0.4861,,0.85249948570253,843,46.74071801,2.685967441,-1.9973325
383,2021-03-09T00:00:00Z,2,57,1787,4,Chr.pri,Bafog,19,4,16,3,inf,,,Bafog,Chrysophyllum,prieurii,TF,3.4954,3.7201,1.4676,,1.53481875170346,875,205.0050067,2.32298486,
383,2021-03-09T00:00:00Z,2,57,1787,4,Chr.pri,Bafog,19,4,16,3,inf,,,Bafog,Chrysophyllum,prieurii,TF,3.4954,3.7201,1.4676,,1.53481875170346,875,205.0050067,2.32298486,-2.05526
384,2021-03-10T00:00:00Z,5,16,25140,1,Tac.mel,Bafog,38,5,16,3,inf,,,Bafog,Tachigali,melinonii,BF,0.348100000000001,0.3453,0.1506,,1.29282868525896,829,19.96486682,3.342246696,-1.5938375
385,2021-03-10T00:00:00Z,5,15,25118,23,Lae.pro,Bafog,25,4,21,4,middle,,,Bafog,Laetia,procera,BF,1.738,1.78,0.6901,,1.5793363280684,795,50.02755871,3.451607037,-1.84752
386,2021-03-10T00:00:00Z,5,6,24822,23,Tac.mel,Bafog,35,4,25,5,inf,,,Bafog,Tachigali,melinonii,BF,0.299200000000001,0.2959,0.1379,,1.14575779550399,809,13.26012217,6.714687965,-1.71968
387,2021-03-10T00:00:00Z,5,4,24775,48,Gus.hex,Bafog,13,2,11,2,middle,,,Bafog,Gustavia,hexapetala,TF,1.3441,1.346,0.434,,2.10138248847926,803,52.13104997,4.620925549,-1.683725
388,2021-03-10T00:00:00Z,5,4,373422,71,Gus.hex,Bafog,12,2,11,2,middle,,,Bafog,Gustavia,hexapetala,TF,1.3385,1.335,0.3484,,2.83180252583238,822,99.90859051,1.16711322,-1.83953
389,2021-03-10T00:00:00Z,5,5,24790,12,Pte.off,Bafog,30,5,28,4,middle,,,Bafog,Pterocarpus,officinalis,BF,1.11,1.1645,0.4325,,1.69248554913295,814,36.28706452,8.868189055,-1.4340375
390,2021-03-10T00:00:00Z,5,7,24845,30,Con.gui,Bafog,13,2,13,2,sup,,,Bafog,Conceveiba,guianensis,BF,4.5771,4.5989,1.9846,,1.3172931573113,823,170.9277831,5.66650566,
390,2021-03-10T00:00:00Z,5,7,24845,30,Con.gui,Bafog,13,2,13,2,sup,,,Bafog,Conceveiba,guianensis,BF,4.5771,4.5989,1.9846,,1.3172931573113,823,170.9277831,5.66650566,
390,2021-03-10T00:00:00Z,5,7,24845,30,Con.gui,Bafog,13,2,13,2,sup,,,Bafog,Conceveiba,guianensis,BF,4.5771,4.5989,1.9846,,1.3172931573113,823,170.9277831,5.66650566,-1.627795
391,2021-03-10T00:00:00Z,5,7,24842,21,Sym.glo,Bafog,30,5,25,2,inf,,,Bafog,Symphonia,globulifera,BF,1.1218,1.1302,0.366,,2.0879781420765,829,22.14053536,4.661672255,-1.651765
392,2021-03-10T00:00:00Z,5,17,25187,28,Pte.off,Bafog,26,4,25,2,inf,,,Bafog,Pterocarpus,officinalis,BF,0.5969,0.6479,0.2239,,1.89370254577937,816,51.62764876,10.33767748,-1.4220525
393,2021-03-10T00:00:00Z,5,19,25264,34,Vir.mic,Bafog,21,3,20,3,middle,,,Bafog,Virola,michelii,BF,3.592,3.8345,1.3439,,1.8532628915842,789,70.42873263,2.253107102,-1.464
394,2021-03-10T00:00:00Z,5,26,25514,29,Lae.pro,Bafog,28,5,28,4,sup,,,Bafog,Laetia,procera,BF,1.681,1.7948,0.7042,,1.54870775347913,804,68.07351305,6.275893323,
394,2021-03-10T00:00:00Z,5,26,25514,29,Lae.pro,Bafog,28,5,28,4,sup,,,Bafog,Laetia,procera,BF,1.681,1.7948,0.7042,,1.54870775347913,804,68.07351305,6.275893323,-1.8734875
395,2021-03-10T00:00:00Z,5,26,25526,53,Chr.pri,Bafog,13,4,11,4,middle,,,Bafog,Chrysophyllum,prieurii,BF,1.7315,1.873,0.7649,,1.44868610275853,796,102.1116683,11.34268931,-2.0332875
396,2021-03-10T00:00:00Z,5,26,25510,20,Jac.cop,Bafog,24,4,21,3,inf,,,Bafog,Jacaranda,copaia,BF,0.725299999999999,0.7419,0.2681,,1.76725102573667,757,11.68685415,13.11773195,-1.3821025
397,2021-03-10T00:00:00Z,5,9,24905,33,Vir.mic,Bafog,27,3,23,3,sup,,,Bafog,Virola,michelii,BF,0.794700000000001,0.8475,0.3096,,1.73740310077519,768,55.31546397,7.240061659,-1.5538875
398,2021-03-10T00:00:00Z,5,36,373525,76,Vir.mic,Bafog,14,2,12,2,inf,,,Bafog,Virola,michelii,BF,1.0377,1.1142,0.4488,,1.48262032085562,774,37.71796388,7.128748417,-1.467995
399,2021-03-10T00:00:00Z,5,36,25823,4,Vir.sur,Bafog,35,5,28,2,inf,,,Bafog,Virola,surinamensis,BF,1.3976,1.4355,0.5053,,1.8408866020186,798,46.8245006,4.715198886,-1.5938375
400,2021-03-10T00:00:00Z,5,19,25255,22,Sym.glo,Bafog,24,4,18,4,inf,,,Bafog,Symphonia,globulifera,BF,0.587100000000001,0.601,0.197,,2.0507614213198,762,27.28652305,4.158442664,-1.5658725
401,2021-03-10T00:00:00Z,5,47,26169,8,Con.gui,Bafog,24,3,20,2,inf,,,Bafog,Conceveiba,guianensis,BF,2.0411,2.1616,0.7236,,1.98728579325594,798,215.1018727,3.446250776,-1.483975
402,2021-03-10T00:00:00Z,5,18,25232,49,Con.gui,Bafog,18,2,17,2,sup,,,Bafog,Conceveiba,guianensis,BF,1.0281,1.0823,0.4299,,1.51756222377297,796,104.8529682,2.327593394,-1.563875
403,2021-03-11T00:00:00Z,5,46,26147,21,Vir.mic,Bafog,24,3,20,2,inf,,,Bafog,Virola,michelii,BF,1.2627,1.2985,0.4329,,1.999537999538,873,72.77135647,4.623360611,-1.55988
404,2021-03-11T00:00:00Z,5,46,26148,28,Tac.mel,Bafog,22,3,18,3,sup,,,Bafog,Tachigali,melinonii,BF,0.4482,0.4578,0.1995,,1.29473684210526,826,31.31137135,6.406883784,-1.603825
405,2021-03-11T00:00:00Z,5,45,26127,44,Jac.cop,Bafog,8,2,6,2,inf,,,Bafog,Jacaranda,copaia,BF,0.5329,0.5344,0.1763,,2.03119682359614,831,18.09057622,6.656670823,-1.31219
406,2021-03-11T00:00:00Z,5,35,25790,7,Lae.pro,Bafog,32,5,27,4,middle,lianes,,Bafog,Laetia,procera,BF,1.1306,1.1554,0.4453,,1.5946552885695,812,68.06906749,1.715534888,-1.67973
407,2021-03-11T00:00:00Z,5,45,26107,10,Lae.pro,Bafog,22,4,20,4,middle,,,Bafog,Laetia,procera,BF,4.2402,4.3024,1.5299,,1.81220994836264,833,79.64801611,11.63632402,-1.5698675
408,2021-03-11T00:00:00Z,5,78,27157,12,Tac.mel,Bafog,26,4,22,2,inf,,,Bafog,Tachigali,melinonii,BF,0.2113,0.2046,0.0901,,1.2708102108768,830,18.34612762,4.961254472,-1.6218025
409,2021-03-11T00:00:00Z,5,78,27154,3,Pte.off,Bafog,22,4,16,4,middle,,,Bafog,Pterocarpus,officinalis,BF,0.805200000000001,0.8268,0.3255,,1.54009216589862,849,28.89013123,3.229642923,-1.619805
410,2021-03-11T00:00:00Z,5,88,27466,22,Vir.sur,Bafog,28,3,26,2,inf,,,Bafog,Virola,surinamensis,BF,3.6766,3.7325,1.2126,,2.07809665182253,771,161.4257659,2.421960308,-1.452015
411,2021-03-11T00:00:00Z,5,78,27164,34,Pte.off,Bafog,20,2,16,2,inf,,,Bafog,Pterocarpus,officinalis,BF,0.329499999999999,0.3176,0.1194,,1.65996649916248,857,23.16267041,3.141546438,-1.6737375
412,2021-03-11T00:00:00Z,5,88,27459,7,Vir.sur,Bafog,32,3,28,4,middle,ficelle + sac,,Bafog,Virola,surinamensis,BF,1.6309,1.6564,0.6985,,1.3713672154617,808,48.13407712,4.282368038,-1.63978
413,2021-03-11T00:00:00Z,5,98,373740,43,Tac.mel,Bafog,27,4,20,4,middle,,,Bafog,Tachigali,melinonii,BF,0.2661,0.2698,0.1217,,1.21692686935086,789,14.81160596,4.605319268,-1.8635
414,2021-03-11T00:00:00Z,5,98,27776,36,Iry.hos,Bafog,9,2,9,2,sup,,,Bafog,Iryanthera,hostmannii,BF,1.3423,1.3607,0.5431,,1.50543178051924,814,78.54450017,4.847343788,-1.460005
415,2021-03-11T00:00:00Z,5,97,27754,36,Iry.hos,Bafog,10,3,10,3,sup,,,Bafog,Iryanthera,hostmannii,BF,1.939,2.0055,0.7424,,1.70137392241379,525,56.121856,2.669502418,-1.4979575
416,2021-03-12T00:00:00Z,5,41,25976,16,Cas.jav,Bafog,21,2,19,2,sup,TMS ; doute bota,,Bafog,Casearia,javitensis,TF,1.4162,1.5712,0.4382,,2.58557736193519,851,79.52941251,15.17943884,-1.428045
417,2021-03-12T00:00:00Z,5,32,25699,21,Iry.sag,Bafog,22,2,18,2,inf,,,Bafog,Iryanthera,sagotiana,TF,1.1195,1.1305,0.4441,,1.5455978383247,895,71.05980244,2.251529163,-1.4300425
418,2021-03-12T00:00:00Z,5,21,25328,8,Pro.ste,Bafog,26,4,19,3,middle,,,Bafog,Protium,stevensonii,TF,0.675100000000001,0.6817,0.2985,,1.28375209380235,826,67.98458177,4.437445456,-1.8335375
419,2021-03-12T00:00:00Z,5,22,25386,58,Hym.het,Bafog,16,2,13,2,inf,,,Bafog,Hymenopus,heteromorphus,TF,0.925099999999999,0.938,0.4223,,1.22116978451338,860,30.51612596,4.140286387,-1.420055
420,2021-03-12T00:00:00Z,5,23,25395,11,Pro.ste,Bafog,21,4,19,4,middle,,,Bafog,Protium,stevensonii,TF,1.2991,1.3264,0.6352,,1.08816120906801,808,55.48839709,7.880405807,-1.9613775
421,2021-03-12T00:00:00Z,5,23,25405,28,Pro.ste,Bafog,24,3,22,2,middle,,,Bafog,Protium,stevensonii,TF,0.613100000000001,0.6185,0.3081,,1.00746510873093,799,22.5176213,16.49937775,-1.9094425
422,2021-03-12T00:00:00Z,5,52,26307,21,Pro.ste,Bafog,24,3,17,2,inf,,,Bafog,Protium,stevensonii,TF,0.788600000000001,0.7994,0.4503,,0.775260937153009,869,34.21394367,10.05444314,-2.1211775
423,2021-03-12T00:00:00Z,5,63,26670,55,Cas.jav,Bafog,8,2,8,2,sup,,,Bafog,Casearia,javitensis,TF,2.6839,2.8454,1.4373,,0.979684129965908,890,125.0369273,6.883587152,
423,2021-03-12T00:00:00Z,5,63,26670,55,Cas.jav,Bafog,8,2,8,2,sup,,,Bafog,Casearia,javitensis,TF,2.6839,2.8454,1.4373,,0.979684129965908,890,125.0369273,6.883587152,
423,2021-03-12T00:00:00Z,5,63,26670,55,Cas.jav,Bafog,8,2,8,2,sup,,,Bafog,Casearia,javitensis,TF,2.6839,2.8454,1.4373,,0.979684129965908,890,125.0369273,6.883587152,
424,2021-03-12T00:00:00Z,5,74,27038,42,Cas.jav,Bafog,7,3,7,3,sup,,,Bafog,Casearia,javitensis,TF,1.0789,1.1111,0.5263,,1.11115333460004,846,75.50832681,3.326866291,-1.5698675
425,2021-03-12T00:00:00Z,5,64,26707,42,Chr.pri,Bafog,26,3,24,4,middle,doute bota,,Bafog,Chrysophyllum,prieurii,TF,0.366400000000001,0.3893,0.1738,,1.23993095512083,711,41.67430425,2.414027188,
426,2021-03-12T00:00:00Z,5,84,27354,69,Jac.cop,Bafog,18,3,17,3,middle,,,Bafog,Jacaranda,copaia,TF,0.296299999999999,0.3018,0.0763,,2.95543905635649,843,22.38725109,7.847650245,-1.2023275
427,2021-03-15T16:46:50Z,5,61,26575,16,Hym.het,Bafog,16,2,16,2,sup,,,Bafog,Hymenopus,heteromorphus,TF,1.1927,1.2168,0.5351,,1.27396748271351,823,36.45267155,4.227523583,-2.163125
428,2021-03-15T16:46:50Z,5,81,27215,10,Con.gui,Bafog,13,3,13,3,sup,,,Bafog,Conceveiba,guianensis,TF,2.2687,2.3749,0.9506,,1.4983168525142,839,55.73217684,4.836485548,-1.8734875
429,2021-03-15T16:46:50Z,5,81,27233,39,Cas.jav,Bafog,15,4,15,4,sup,,,Bafog,Casearia,javitensis,TF,0.3832,0.4099,0.2094,,0.957497612225406,815,31.33166365,14.6851911,-2.147145
430,2021-03-15T16:46:50Z,5,93,27624,13,Chr.pri,Bafog,24,3,20,3,sup,,,Bafog,Chrysophyllum,prieurii,TF,1.0199,1.019,0.4701,,1.16762390980642,805,36.43595787,31.93831993,
431,2021-03-15T16:46:50Z,5,93,27632,21,Gus.hex,Bafog,18,2,15,2,inf,,,Bafog,Gustavia,hexapetala,TF,2.1823,2.1906,0.627,,2.49377990430622,810,75.50478851,1.522647496,-1.8495175
432,2021-03-15T16:46:50Z,5,66,26771,15,Con.gui,Bafog,24,2,18,3,inf,,,Bafog,Conceveiba,guianensis,TF,2.3746,2.3163,1.0183,,1.27467347540018,819,107.5344296,3.807095695,
432,2021-03-15T16:46:50Z,5,66,26771,15,Con.gui,Bafog,24,2,18,3,inf,,,Bafog,Conceveiba,guianensis,TF,2.3746,2.3163,1.0183,,1.27467347540018,819,107.5344296,3.807095695,-2.035285
433,2021-03-15T16:46:50Z,5,47,26174,16,Lae.pro,Bafog,34,5,34,5,sup,fruits,,Bafog,Laetia,procera,BF,0.849500000000001,0.8868,0.3612,,1.45514950166113,809,33.66396997,7.704983412,
433,2021-03-15T16:46:50Z,5,47,26174,16,Lae.pro,Bafog,34,5,34,5,sup,fruits,,Bafog,Laetia,procera,BF,0.849500000000001,0.8868,0.3612,,1.45514950166113,809,33.66396997,7.704983412,
433,2021-03-15T16:46:50Z,5,47,26174,16,Lae.pro,Bafog,34,5,34,5,sup,fruits,,Bafog,Laetia,procera,BF,0.849500000000001,0.8868,0.3612,,1.45514950166113,809,33.66396997,7.704983412,-2.011315
434,2021-03-15T16:46:50Z,5,37,25856,1,Tac.mel,Bafog,39,5,30,4,inf,,,Bafog,Tachigali,melinonii,BF,0.158899999999999,0.1602,0.0761,,1.10512483574244,730,18.24687379,3.596217823,-1.683725
435,2021-03-15T16:46:50Z,5,49,26217,2,Vir.sur,Bafog,35,5,30,4,middle,,,Bafog,Virola,surinamensis,BF,1.0644,1.0811,0.4119,,1.62466618111192,795,27.02563143,12.28746804,-1.7056975
436,2021-03-15T16:46:50Z,5,38,25880,2,Vir.sur,Bafog,36,5,30,4,inf,,,Bafog,Virola,surinamensis,BF,2.0222,2.0158,0.8116,,1.48373583045835,723,27.90090438,28.47006065,-1.6297925
437,2021-03-15T16:46:50Z,5,38,25888,10,Vir.sur,Bafog,28,3,24,3,middle,,,Bafog,Virola,surinamensis,BF,0.916799999999999,0.9396,0.2957,,2.17754480892797,816,45.21254062,3.294477974,-1.5938375
438,2021-03-16T16:30:31Z,5,60,26559,28,Tac.mel,Bafog,14,2,14,2,sup,,,Bafog,Tachigali,melinonii,BF,0.3112,0.3127,0.1305,,1.39616858237548,815,27.22404585,2.545827916,-1.595835
439,2021-03-16T16:30:31Z,5,70,26915,52,Tac.mel,Bafog,17,3,15,2,middle,,,Bafog,Tachigali,melinonii,BF,0.1462,0.1548,0.0725,,1.1351724137931,831,19.93298433,3.035404191,-1.5259225
440,2021-03-16T16:30:31Z,5,90,373713,42,Con.gui,Bafog,13,1,13,2,sup,,,Bafog,Conceveiba,guianensis,BF,1.3661,1.3495,0.527,,1.5607210626186,820,113.5550325,1.692948044,-1.5099425
441,2021-03-16T16:30:31Z,5,69,26866,29,Lae.pro,Bafog,24,4,24,4,sup,,,Bafog,Laetia,procera,BF,2.9641,3.0557,1.1844,,1.57995609591354,839,69.9504347,5.00067123,-1.6377825
442,2021-03-16T16:30:31Z,5,99,27788,14,Pro.ste,Bafog,23,3,23,3,sup,,,Bafog,Protium,stevensonii,BF,1.1537,1.1515,0.5364,,1.14671886651752,842,41.26326929,2.597978075,-1.9334125
443,2021-03-16T16:30:31Z,5,99,27799,27,Iry.hos,Bafog,14,2,14,3,sup,,,Bafog,Iryanthera,hostmannii,BF,2.1436,2.1726,0.752,,1.88909574468085,816,75.79613873,1.402742803,-1.56787
444,2021-03-16T16:30:31Z,5,19,25275,50,Con.gui,Bafog,17,2,15,2,inf,,,Bafog,Conceveiba,guianensis,TF,1.4241,1.4717,0.5734,,1.56662016044646,797,138.8789838,1.59277447,-1.4819775
445,2021-03-16T16:30:31Z,5,18,25207,10,Pro.ste,Bafog,24,3,18,3,sup,,,Bafog,Protium,stevensonii,BF,1.1646,1.1975,0.5885,,1.03483432455395,782,47.6472535,7.584009889,-1.7496425
446,2021-03-16T16:30:31Z,5,24,25442,25,Chr.pri,Bafog,16,2,14,2,inf,,,Bafog,Chrysophyllum,prieurii,TF,3.3692,3.554,1.5553,,1.28508969330676,774,90.69287305,5.461083898,-1.6657475
447,2021-03-16T16:30:31Z,5,4,24752,8,Jac.cop,Bafog,28,4,24,5,middle,,,Bafog,Jacaranda,copaia,TF,0.313599999999999,0.3231,0.114,,1.83421052631579,764,14.84825155,7.707003833,
447,2021-03-16T16:30:31Z,5,4,24752,8,Jac.cop,Bafog,28,4,24,5,middle,,,Bafog,Jacaranda,copaia,TF,0.313599999999999,0.3231,0.114,,1.83421052631579,764,14.84825155,7.707003833,
447,2021-03-16T16:30:31Z,5,4,24752,8,Jac.cop,Bafog,28,4,24,5,middle,,,Bafog,Jacaranda,copaia,TF,0.313599999999999,0.3231,0.114,,1.83421052631579,764,14.84825155,7.707003833,
448,2021-03-16T16:30:31Z,5,3,24733,39,Hym.het,Bafog,12,2,11,2,middle,,,Bafog,Hymenopus,heteromorphus,TF,1.199,1.2838,0.5071,,1.53165056201933,793,73.13197067,2.792630198,-1.5498925
449,2021-03-16T16:30:31Z,5,22,25360,10,Jac.cop,Bafog,22,4,20,4,sup,,,Bafog,Jacaranda,copaia,TF,0.632800000000001,0.6534,0.244,,1.67786885245902,843,17.54032278,5.456687307,
449,2021-03-16T16:30:31Z,5,22,25360,10,Jac.cop,Bafog,22,4,20,4,sup,,,Bafog,Jacaranda,copaia,TF,0.632800000000001,0.6534,0.244,,1.67786885245902,843,17.54032278,5.456687307,
449,2021-03-16T16:30:31Z,5,22,25360,10,Jac.cop,Bafog,22,4,20,4,sup,,,Bafog,Jacaranda,copaia,TF,0.632800000000001,0.6534,0.244,,1.67786885245902,843,17.54032278,5.456687307,
450,2021-03-16T16:30:31Z,5,64,26697,14,Jac.cop,Bafog,28,5,24,4,sup,,,Bafog,Jacaranda,copaia,TF,0.6311,0.6462,0.2782,,1.32278936017254,837,15.14583412,10.69556935,-1.4100675
451,2021-03-17T00:00:00Z,3,57,4699,12,Por.gui,Bafog,24,4,15,3,middle,,,Bafog,Poraqueiba,guianensis,TF,2.6397,2.7454,1.2103,,1.26836321573164,822,87.456627,3.909963758,
451,2021-03-17T00:00:00Z,3,57,4699,12,Por.gui,Bafog,24,4,15,3,middle,,,Bafog,Poraqueiba,guianensis,TF,2.6397,2.7454,1.2103,,1.26836321573164,822,87.456627,3.909963758,-1.7256725
452,2021-03-17T00:00:00Z,3,58,15745,28,Hym.het,Bafog,16,2,14,2,middle,,,Bafog,Hymenopus,heteromorphus,TF,2.3057,2.4391,1.0966,,1.22423855553529,813,80.44516169,2.63988519,-1.6257975
453,2021-03-17T00:00:00Z,3,58,15746,29,Boc.pro,Bafog,23,3,17,3,inf,,,Bafog,Bocoa,prouacensis,TF,2.1192,2.1853,0.8957,,1.43976777939042,776,79.17618993,4.841358987,-1.555885
454,2021-03-17T00:00:00Z,3,57,3709,4,Esc.cor,Bafog,13,3,12,3,middle,,,Bafog,Eschweilera,coriacea,TF,2.6521,2.7022,1.1449,,1.36020613153987,886,165.9438617,1.513608915,-1.4699925
455,2021-03-17T00:00:00Z,3,58,3736,18,Por.gui,Bafog,23,4,16,3,middle,,,Bafog,Poraqueiba,guianensis,TF,1.711,1.6967,0.6917,,1.45294202689027,883,71.78942295,3.520895709,-1.795585
456,2021-03-17T00:00:00Z,3,50,3624,4,Esc.cor,Bafog,24,2,22,3,middle,,,Bafog,Eschweilera,coriacea,TF,3.1836,3.3076,1.5179,,1.17906317939258,777,96.37434354,3.314684627,-1.8215525
457,2021-03-17T00:00:00Z,3,59,3744,6,Hym.het,Bafog,23,3,19,3,inf,,,Bafog,Hymenopus,heteromorphus,TF,2.2876,2.3754,1.0327,,1.30018398373196,842,95.68958685,6.267212675,-1.6238
458,2021-03-17T00:00:00Z,3,59,3751,13,Por.gui,Bafog,21,3,16,3,middle,,,Bafog,Poraqueiba,guianensis,TF,3.291,3.4154,1.5086,,1.26395333421716,835,100.9434649,4.087932778,-1.6497675
459,2021-03-17T00:00:00Z,3,50,3630,11,Esc.cor,Bafog,13,3,13,3,sup,,,Bafog,Eschweilera,coriacea,TF,2.4264,2.5201,1.1405,,1.20964489259097,872,145.5874306,2.400749531,-1.4899675
460,2021-03-17T00:00:00Z,3,59,15759,29,Por.gui,Bafog,27,4,25,4,sup,,,Bafog,Poraqueiba,guianensis,TF,3.0628,3.1995,1.327,,1.41107761868877,844,128.8965366,2.387087857,-1.995335
461,2021-03-17T00:00:00Z,3,51,3636,3,Por.gui,Bafog,14,3,12,2,inf,,,Bafog,Poraqueiba,guianensis,TF,3.3141,3.4825,1.5658,,1.22410269510793,867,123.9484315,1.374406457,-1.7456475
462,2021-03-17T00:00:00Z,3,54,43001,55,Con.gui,Bafog,13,2,13,2,sup,,,Bafog,Conceveiba,guianensis,TF,3.6493,3.8892,1.6262,,1.39158775058418,831,156.466058,6.472112491,-1.60782
463,2021-03-17T00:00:00Z,3,54,42991,45,Boc.pro,Bafog,18,3,12,3,middle,,,Bafog,Bocoa,prouacensis,TF,0.9139,0.9702,0.4855,,0.998352214212152,764,83.21340212,5.246635168,-1.65576
464,2021-03-17T00:00:00Z,3,54,43017,72,Jac.cop,Bafog,21,3,20,3,sup,,,Bafog,Jacaranda,copaia,TF,0.710899999999999,0.7429,0.2808,,1.64565527065527,863,26.86637268,5.73599635,
464,2021-03-17T00:00:00Z,3,54,43017,72,Jac.cop,Bafog,21,3,20,3,sup,,,Bafog,Jacaranda,copaia,TF,0.710899999999999,0.7429,0.2808,,1.64565527065527,863,26.86637268,5.73599635,
464,2021-03-17T00:00:00Z,3,54,43017,72,Jac.cop,Bafog,21,3,20,3,sup,,,Bafog,Jacaranda,copaia,TF,0.710899999999999,0.7429,0.2808,,1.64565527065527,863,26.86637268,5.73599635,
465,2021-03-17T00:00:00Z,3,12,41503,65,Jac.cop,Bafog,9,3,9,3,sup,pas BF,,Bafog,Jacaranda,copaia,TF,0.357199999999999,0.3989,0.1338,,1.9813153961136,746,26.5257156,15.38961429,-1.52792
466,2021-03-17T00:00:00Z,3,12,15361,24,Vir.mic,Bafog,28,3,25,2,inf,en limite BF,,Bafog,Virola,michelii,BF,0.584800000000001,0.611,0.284,,1.15140845070423,761,44.85463055,11.06102568,-1.64777
467,2021-03-18T14:42:33Z,2,1,33216,40,Cas.jav,Bafog,13,2,10,2,sup,,,Bafog,Casearia,javitensis,TF,1.8013,1.8531,0.9604,,0.929508538109121,822,81.39444659,2.39452527,-1.88747
468,2021-03-18T14:42:33Z,2,1,33214,38,Con.gui,Bafog,12,2,12,2,sup,,,Bafog,Conceveiba,guianensis,TF,2.4358,2.5098,1.176,,1.13418367346939,824,112.6704097,2.231299054,-1.60782
469,2021-03-18T14:42:33Z,2,8,10616,29,Boc.pro,Bafog,18,3,15,3,middle,,,Bafog,Bocoa,prouacensis,TF,1.2014,1.2357,0.5678,,1.17629446988376,835,62.66758132,3.127806018,-1.60782
470,2021-03-18T14:42:33Z,2,8,3856,4,Jac.cop,Bafog,28,4,28,4,sup,,,Bafog,Jacaranda,copaia,TF,0.4125,0.4334,0.1935,,1.23979328165375,795,14.56476674,8.073148649,
470,2021-03-18T14:42:33Z,2,8,3856,4,Jac.cop,Bafog,28,4,28,4,sup,,,Bafog,Jacaranda,copaia,TF,0.4125,0.4334,0.1935,,1.23979328165375,795,14.56476674,8.073148649,
471,2021-03-18T14:42:33Z,2,15,33461,34,Cas.jav,Bafog,17,4,17,4,sup,,,Bafog,Casearia,javitensis,TF,1.6833,1.8245,0.9168,,0.990074171029669,795,129.176909,4.770520418,
471,2021-03-18T14:42:33Z,2,15,33461,34,Cas.jav,Bafog,17,4,17,4,sup,,,Bafog,Casearia,javitensis,TF,1.6833,1.8245,0.9168,,0.990074171029669,795,129.176909,4.770520418,
472,2021-03-18T14:42:33Z,2,16,1012,17,Boc.pro,Bafog,14,1,14,2,sup,,,Bafog,Bocoa,prouacensis,TF,0.5313,0.5571,0.2643,,1.10783200908059,794,58.86370284,6.634210443,-1.63179
473,2021-03-18T14:42:33Z,4,16,4215,6,Lic.mem,Bafog,12,1,11,2,middle,,,Bafog,Licania,membranacea,TF,0.655899999999999,0.7063,0.3201,,1.20649796938457,824,23.49337287,8.341654255,-1.723675
