Code,Plot,Subplot,idTree,FieldNbr,Forest,TreeHeight,TreeDawkins,BranchHeight,BranchDawkins,CrownPosition,CommentField,CommentLab,Genus,Species,spName,Habitat,pref Habitat,FW,SW,DW,Comment_Lab,LSWC,FvFm,LA,gmin,Ptlp,Leaf area,Midrib VLA,2VLA,3VLA,MajVLA
245,3,1,4451,22,Bafog,26,5,24,4,sup,,,Jacaranda,copaia,Jacaranda_copaia subsp. copaia,TF,Generalist,0.7118,0.7356,0.2895,,1.540932642,822,10.92924225,6.821482903,,15.7244873,0.449338814,1.840841991,3.656380265,5.94656107
246,3,1,15283,32,Bafog,13,3,14,4,middle,,,Eschweilera,coriacea,Eschweilera_coriacea,TF,Generalist,0.748,0.7643,0.3496,,1.186212815,812,58.35262271,2.005877323,-1.00058,81.35071874,0.206848603,1.183539595,2.425534911,3.815923109
247,3,9,41396,63,Bafog,12,2,10,3,inf,,,Vouacapoua,americana,Vouacapoua_americana,TF,TF,0.5585,0.58,0.3083,,0.881284463,828,38.63055026,3.32482477,-1.3860975,57.39597511,0.320011999,1.423894545,4.111879628,5.855786172
248,3,17,41678,70,Bafog,16,2,14,2,middle,,,Casearia,javitensis,Casearia_javitensis,TF,TF,0.768,0.8628,0.292,,1.954794521,765,45.68677103,7.395667267,-0.9186825,43.3434302,0.298126354,1.282003792,2.79179134,4.371921485
249,3,17,41670,62,Bafog,7,3,6,3,middle,etete,,Conceveiba,guianensis,Conceveiba_guianensis,TF,Generalist,5.3164,5.6581,2.0834,,1.715801094,816,277.9322398,3.503858293,-1.6457725,251.4719882,0.094322854,0.558646963,1.505514887,2.158484704
250,3,17,41655,47,Bafog,13,2,11,2,middle,,,Gustavia,hexapetala,Gustavia_hexapetala,TF,TF,1.3294,1.391,0.4691,,1.965252611,783,91.80220299,1.774180447,-1.7696175,128.6574848,0.17993635,0.872708303,1.06097671,2.113621363
251,3,17,41659,51,Bafog,24,4,18,3,middle,,,Virola,michelii,Virola_michelii,TF,Generalist,1.0982,1.1682,0.4617,,1.530214425,736,42.92573572,8.727872496,-1.683725,62.43577362,0.236962405,1.579771075,3.387549718,5.204283198
252,3,18,15399,29,Bafog,20,2,16,2,inf,,,Iryanthera,sagotiana,Iryanthera_sagotiana,TF,TF,0.576,0.5722,0.2184,,1.61996337,809,27.82265101,1.371742335,-1.6138125,36.20013128,0.32296116,1.70968892,3.961355699,5.994005778
253,3,18,41699,55,Bafog,23,2,19,2,middle,,,Licania,membranacea,Licania_membranacea,TF,TF,1.1858,1.251,0.4649,,1.690901269,816,82.13369662,3.976642976,-1.8934625,120.5083736,0.143708778,0.660431261,6.273883749,7.078023788
254,3,18,4543,16,Bafog,16,3,16,3,sup,,,Conceveiba,guianensis,Conceveiba_guianensis,TF,Generalist,2.1148,2.2069,0.9199,,1.399065116,777,85.81362374,2.564300424,-1.8734875,120.6091542,0.175168683,0.74969489,1.903400105,2.828263678
255,3,18,15406,40,Bafog,18,3,16,2,middle,,,Protium,stevensonii,Protium_stevensonii,TF,Generalist,0.8927,0.9206,0.4712,,0.953735144,835,42.42316112,7.289698829,,61.57103335,0.246854555,1.025018365,2.382870289,3.654743208
256,3,10,41416,53,Bafog,20,2,18,2,inf,,,Chrysophyllum,prieurii,Chrysophyllum_prieurii,TF,Generalist,2.9312,3.2176,1.3887,,1.31698711,775,73.36951304,19.14562773,-2.115185,70.85278042,0.241277613,1.337181761,2.208861336,3.78732071
257,3,10,41420,57,Bafog,16,2,13,2,sup,,,Protium,stevensonii,Protium_stevensonii,TF,Generalist,0.7731,0.8111,0.348,,1.330747126,830,48.59302277,3.157043437,-2.1571325,70.78680467,0.248421123,1.216157808,1.566503127,3.031082058
258,3,10,15353,36,Bafog,21,3,18,3,middle,,,Eschweilera,coriacea,Eschweilera_coriacea,TF,Generalist,1.7274,1.8119,0.7549,,1.400185455,789,99.64697813,1.930369925,-1.6457725,141.3162436,0.152741021,0.889901062,1.466508216,2.509150298
259,3,3,41201,44,Bafog,18,2,16,3,middle,,,Dicorynia,guianensis,Dicorynia_guianensis,TF,TF,2.0386,2.1763,0.805,,1.703478261,788,82.40227471,4.423291287,-1.49596,119.9482159,0.156683352,1.132250977,2.348448063,3.637382392
260,3,12,3145,8,Bafog,16,3,16,3,sup,,,Iryanthera,sagotiana,Iryanthera_sagotiana,TF,TF,1.1354,1.1625,0.4611,,1.521145088,819,52.97689757,3.152383564,-1.6018275,73.58045952,0.228983457,1.369379481,3.608846468,5.207209407
261,3,12,41508,74,Bafog,19,3,15,3,middle,,erreur bota,Tachigali,melinonii,Tachigali_melinonii,TF,Generalist,0.6062,0.6354,0.2865,,1.217801047,795,33.4583101,3.155526319,,48.89117392,0.25007784,1.1971391,3.528420418,4.975637357
262,3,4,15306,27,Bafog,18,3,14,2,inf,,,Eschweilera,coriacea,Eschweilera_coriacea,TF,Generalist,1.7937,1.8576,0.7143,,1.600587988,824,90.22750604,1.260178037,-1.6977075,127.6908591,0.187759572,0.930377771,2.008761995,3.126899338
263,3,4,4472,5,Bafog,19,2,15,3,middle,,,Poraqueiba,guianensis,Poraqueiba_guianensis,TF,TF,1.8637,1.9693,0.8217,,1.39661677,823,71.31469356,2.75774181,-1.8095675,99.51603902,0.16518074,0.688407588,3.816633896,4.670222223
264,3,5,5136,24,Bafog,23,3,18,3,inf,,,Eschweilera,coriacea,Eschweilera_coriacea,BF,Generalist,1.3483,1.4108,0.5941,,1.374684397,740,85.23207752,1.779210437,-1.6657475,124.0598404,0.157814179,0.971776269,1.755710659,2.885301106
265,3,5,41257,35,Bafog,12,3,11,3,middle,,,Iryanthera,hostmannii,Iryanthera_hostmannii,BF,BF,1.0487,1.0839,0.4137,,1.620014503,745,30.76050552,3.594979118,,40.59533463,0.374979679,1.728558663,3.670173772,5.773712114
266,3,5,41269,49,Bafog,18,2,16,2,middle,,,Virola,michelii,Virola_michelii,BF,Generalist,0.4531,0.4763,0.1557,,2.05908799,805,48.57903591,3.922315412,-1.6577575,70.49786102,0.251165245,1.676556369,2.346609722,4.274331336
267,3,12,41499,61,Bafog,11,2,11,2,sup,,,Iryanthera,hostmannii,Iryanthera_hostmannii,BF,BF,0.7092,0.7205,0.2562,,1.81225605,813,37.74955908,1.448602516,-1.4420275,50.66094258,0.270402247,1.247705797,1.703601772,3.221709816
268,3,33,15511,22,Bafog,24,2,18,2,inf,,,Tachigali,melinonii,Tachigali_melinonii,TF,Generalist,0.3575,0.3239,0.1403,,1.308624376,830,19.77852647,4.261836488,-1.196335,25.05015924,0.376950406,1.45296868,4.46007962,6.289998706
269,3,41,42545,36,Bafog,16,2,15,2,sup,,,Dicorynia,guianensis,Dicorynia_guianensis,TF,TF,0.9642,0.8529,0.3308,,1.578295042,826,34.29617385,11.89108407,-1.2862225,49.99943358,0.2833532,1.806486249,3.921951406,6.011790855
270,3,33,15517,31,Bafog,18,2,16,2,middle,,,Eschweilera,coriacea,Eschweilera_coriacea,TF,Generalist,2.1137,2.0666,0.8264,,1.500726041,780,57.02177608,3.180323964,-1.6178075,82.95569318,0.193903642,1.140414513,3.032829827,4.367147982
271,3,25,3316,14,Bafog,30,5,26,4,middle,,,Dicorynia,guianensis,Dicorynia_guianensis,TF,TF,1.8335,1.7333,0.7917,,1.189339396,842,68.38321757,11.03739711,-1.24827,95.44351736,0.177666414,1.261604327,2.731965569,4.17123631
272,3,26,3320,1,Bafog,21,3,20,3,sup,,,Poraqueiba,guianensis,Poraqueiba_guianensis,TF,TF,1.0571,1.0315,0.4072,,1.533153242,837,46.48487679,5.04614153,-1.98335,63.20935258,0.22277448,0.917239443,5.542237129,6.682251052
273,3,34,42291,46,Bafog,14,2,11,2,inf,erreur bota,erreur bota,,,,,,1.887,1.8619,0.7687,,1.422141277,833,61.57616717,3.274118193,,,,,,
274,3,34,3433,8,Bafog,23,3,20,3,middle,,,Eschweilera,coriacea,Eschweilera_coriacea,TF,Generalist,1.1366,1.2278,0.553,,1.220253165,823,97.18143114,1.546773105,-1.6417775,137.6263821,0.176825915,0.937949942,2.490885408,3.605661265
275,3,34,3431,5,Bafog,20,2,20,2,sup,,,Poraqueiba,guianensis,Poraqueiba_guianensis,TF,TF,3.0516,3.0723,1.2208,,1.51662844,827,64.23480097,4.626582484,-1.8974575,92.82967196,0.197386841,0.873189248,3.718514023,4.789090111
276,3,26,15469,42,Bafog,20,2,16,3,middle,,,Conceveiba,guianensis,Conceveiba_guianensis,TF,Generalist,4.9068,4.9793,2.2084,,1.254709292,822,175.0524994,5.504476921,-1.467995,159.2562961,0.151443344,0.701698101,1.412441509,2.265582954
277,3,34,3436,12,Bafog,22,3,18,3,middle,,,Protium,stevensonii,Protium_stevensonii,TF,Generalist,1.1402,1.1106,0.5134,,1.163225555,791,53.39195975,4.304087085,-2.1890925,77.71120925,0.221786171,1.132956093,1.910321145,3.265063409
278,3,34,3443,22,Bafog,26,3,22,2,inf,,,Hymenopus,heteromorphus,Hymenopus_heteromorphus,TF,Generalist,0.886,0.8847,0.4222,,1.095452392,832,47.98846753,3.736605841,-1.6297925,66.02222777,0.215676364,1.524869976,4.169367319,5.909913659
279,3,34,15420,27,Bafog,33,5,28,3,inf,,,Tachigali,melinonii,Tachigali_melinonii,TF,Generalist,0.4246,0.3944,0.1895,,1.081266491,822,12.9531747,4.187390355,-1.8015775,18.81565887,0.470290348,1.645644463,5.00630263,7.122237441
280,3,35,3445,1,Bafog,22,2,20,2,middle,,,Hymenopus,heteromorphus,Hymenopus_heteromorphus,TF,Generalist,2.4001,2.4601,0.9937,,1.47569689,829,124.7532938,2.273588701,-1.3541375,179.8263876,0.137151842,1.052682223,6.910060412,8.099894477
281,3,34,3438,15,Bafog,20,3,16,3,middle,,,Poraqueiba,guianensis,Poraqueiba_guianensis,TF,TF,1.7893,1.8171,0.6854,,1.651152612,825,37.58435023,8.410448919,-1.995335,54.26649636,0.241382444,0.943430708,5.942873781,7.127686934
282,3,41,3519,2,Bafog,20,3,18,2,middle,,,Protium,stevensonii,Protium_stevensonii,TF,Generalist,0.9981,1.01,0.376,,1.686170213,759,35.5357001,7.038622408,-2.4727375,47.71689964,0.284547975,1.335576505,2.305217971,3.925342451
283,3,41,42555,46,Bafog,18,2,16,2,sup,,,Dicorynia,guianensis,Dicorynia_guianensis,TF,TF,1.1445,1.1691,0.411,,1.844525547,840,143.8767788,6.078017352,-1.523925,208.9876317,0.130582644,1.024308456,2.443123837,3.598014936
284,3,41,42558,41,Bafog,18,2,15,2,middle,,,Dicorynia,guianensis,Dicorynia_guianensis,TF,TF,1.1347,1.1299,0.4399,,1.568538304,826,115.3509235,5.396245905,-1.45601,163.8155997,0.142843184,0.954191125,2.446948817,3.543983126
285,3,41,5145,16,Bafog,18,2,15,2,inf,,,Poraqueiba,guianensis,Poraqueiba_guianensis,TF,TF,1.8811,1.9425,0.8201,,1.368613584,816,67.81469804,4.355607612,-1.859505,98.97967997,0.184207255,0.84145399,4.076029398,5.101690644
286,3,41,15563,29,Bafog,18,3,15,3,middle,,,Hymenopus,heteromorphus,Hymenopus_heteromorphus,TF,Generalist,2.6413,2.694,1.1875,,1.268631579,806,109.1206815,2.437721626,-1.675735,158.1950641,0.150195268,1.136422247,4.556309442,5.842926957
287,3,49,15646,20,Bafog,20,3,9,2,inf,,,Eschweilera,coriacea,Eschweilera_coriacea,TF,Generalist,4.0522,4.1251,1.6553,,1.492055821,813,143.0653389,3.499199655,-1.4460225,209.0089428,0.131234464,0.704200203,1.143494433,1.9789291
288,3,49,15656,35,Bafog,18,2,16,2,middle,,,Hymenopus,heteromorphus,Hymenopus_heteromorphus,TF,Generalist,0.9613,0.972,0.4146,,1.344428365,831,86.21392535,2.840721907,-1.5738625,123.055544,0.177725949,1.243694309,6.501581589,7.923001847
289,3,41,15562,27,Bafog,24,5,22,4,middle,,,Licania,membranacea,Licania_membranacea,TF,TF,1.5038,1.5686,0.7558,,1.075416777,809,46.71542068,26.69126719,-2.24702,67.81913503,0.195522117,1.433447205,4.407683216,6.036652537
290,3,41,15560,24,Bafog,17,4,14,3,middle,,,Hymenopus,heteromorphus,Hymenopus_heteromorphus,TF,Generalist,2.3441,2.3732,0.8952,,1.651027703,822,104.7701962,2.483314693,-1.6817275,149.5037498,0.153594349,1.208677714,5.591125312,6.953397376
291,3,60,15763,21,Bafog,17,3,16,3,middle,,,Eschweilera,coriacea,Eschweilera_coriacea,BF,Generalist,3.3691,3.3128,1.3825,,1.396238698,819,,,-1.595835,179.8856528,0.139785607,0.844214897,2.718263655,3.702264158
292,3,60,15761,14,Bafog,15,2,11,3,middle,,,Iryanthera,hostmannii,Iryanthera_hostmannii,BF,BF,1.4955,1.4814,0.6118,,1.421379536,812,,,-1.388095,84.79286843,0.223698874,1.197488981,2.72841352,4.149601376
293,3,60,15768,30,Bafog,18,3,15,3,middle,fruit,,Iryanthera,hostmannii,Iryanthera_hostmannii,BF,BF,1.5064,1.5004,0.5342,,1.808685885,832,,,-1.412065,85.6504715,0.232934367,1.153159102,1.109327255,2.495420724
294,3,60,3759,11,Bafog,24,3,22,2,middle,,,Eschweilera,coriacea,Eschweilera_coriacea,BF,Generalist,3.0321,3.0423,1.2453,,1.443025777,829,,,-1.6457725,88.21712754,0.195595783,1.074740716,2.643870894,3.914207393
295,3,60,43207,36,Bafog,20,4,18,3,sup,,,Carapa,surinamensis,Carapa_surinamensis,BF,BF,5.3088,5.3335,1.9643,,1.715216617,824,,,-1.619805,202.0735743,0.15333692,0.995949382,2.692105472,3.841391774
296,3,61,15775,23,Bafog,23,3,17,2,inf,,,Hymenopus,heteromorphus,Hymenopus_heteromorphus,BF,Generalist,2.4534,2.3279,0.8377,,1.778918467,824,,,-1.63179,191.268475,0.130598648,1.106538067,4.931482324,6.168619039
297,3,60,15765,26,Bafog,20,2,19,2,sup,,,Conceveiba,guianensis,Conceveiba_guianensis,BF,Generalist,1.4883,1.5177,0.6006,,1.526973027,793,,,-1.683725,27.57552664,0.300192439,1.33355614,2.199107317,3.832855897
298,3,61,15776,24,Bafog,24,2,24,3,sup,,,Jacaranda,copaia,Jacaranda_copaia subsp. copaia,BF,Generalist,0.6701,0.6472,0.2575,,1.513398058,841,,,,58.99951003,0.251166307,0.911851562,1.93336466,3.096382529
298,3,61,15776,24,Bafog,24,2,24,3,sup,,,Jacaranda,copaia,Jacaranda_copaia subsp. copaia,BF,Generalist,0.6701,0.6472,0.2575,,1.513398058,841,,,-1.4779825,58.99951003,0.251166307,0.911851562,1.93336466,3.096382529
299,3,53,3659,9,Bafog,27,4,20,3,inf,,,Tachigali,melinonii,Tachigali_melinonii,BF,Generalist,0.225,0.2153,0.088,,1.446590909,797,,,-2.0772325,21.61759412,0.412563725,1.72196364,4.805075961,6.939603326
300,3,61,3762,2,Bafog,25,2,20,2,inf,,,Eschweilera,coriacea,Eschweilera_coriacea,BF,Generalist,0.9044,0.8265,0.3489,,1.368873603,783,,,-1.5578825,112.2821651,0.178880324,1.073994023,3.234850811,4.487725157
301,3,52,5107,15,Bafog,18,3,14,2,inf,,,Eschweilera,coriacea,Eschweilera_coriacea,BF,Generalist,2.6328,2.6679,1.0724,,1.487784409,827,,,-1.5458975,132.318362,0.177751651,0.972599184,2.787565342,3.937916176
302,3,52,42935,80,Bafog,15,2,15,2,sup,,,Conceveiba,guianensis,Conceveiba_guianensis,BF,Generalist,2.1353,2.2254,0.9232,,1.410528596,799,,,-1.795585,122.3061259,0.15476482,0.726739199,2.053142435,2.934646454
303,3,44,4667,3,Bafog,18,2,18,2,sup,,,Hymenopus,heteromorphus,Hymenopus_heteromorphus,BF,Generalist,2.1311,2.2856,0.8516,,1.68388915,780,,,-1.7296675,31.18411858,0.382735098,3.774415833,2.149554386,6.306705317
304,3,44,42653,57,Bafog,15,3,15,3,sup,,,Symphonia,globulifera,Symphonia_globulifera,BF,BF,0.5701,0.5751,0.1785,,2.221848739,821,,,-1.55189,132.8596176,0.1500514,1.281879594,3.996350791,5.428281785
305,3,44,15582,17,Bafog,14,2,12,2,inf,,,Eschweilera,coriacea,Eschweilera_coriacea,BF,Generalist,0.9153,0.9473,0.3641,,1.601757759,816,,,-1.420055,85.51305731,0.227895915,1.112574512,2.993502592,4.333973019
306,3,44,15586,24,Bafog,26,4,23,4,sup,,,Virola,michelii,Virola_michelii,BF,Generalist,1.2964,1.3418,0.5454,,1.460212688,816,,,-1.69571,73.57190291,0.261584337,1.305616731,,
307,3,37,42419,50,Bafog,14,3,12,2,inf,,,Virola,michelii,Virola_michelii,BF,Generalist,0.9795,0.9322,0.3476,,1.681818182,819,,,-1.539905,28.32745252,0.435896288,1.980642693,3.374462904,5.791001885
308,3,37,42426,57,Bafog,11,2,9,2,inf,,,Iryanthera,hostmannii,Iryanthera_hostmannii,BF,BF,1.7027,1.7457,0.7015,,1.48852459,819,,,-1.36812,70.77812917,0.216058789,1.063591803,2.686773265,3.966423857
309,3,37,4636,13,Bafog,26,4,24,4,middle,,,Eschweilera,coriacea,Eschweilera_coriacea,BF,Generalist,3.5213,3.4996,1.531,,1.285826257,834,,,-1.3781075,124.7204824,0.168617363,0.988331034,1.602514808,2.759463205
310,3,37,4632,3,Bafog,20,3,18,2,inf,,,Eschweilera,coriacea,Eschweilera_coriacea,BF,Generalist,2.4406,2.5276,1.1056,,1.28617945,752,,,-1.5059475,128.2863059,0.155390422,0.898752556,1.574655865,2.628798843
311,3,37,3475,17,Bafog,28,5,26,5,sup,,,Laetia,procera,Laetia_procera,BF,BF,2.2352,2.3774,0.9248,,1.570717993,782,,,-2.1032,109.0212588,0.205074745,1.155749676,6.674885792,8.035710214
312,3,36,15532,27,Bafog,16,3,12,2,inf,,,Hymenopus,heteromorphus,Hymenopus_heteromorphus,BF,Generalist,2.4271,2.6084,1.1221,,1.324570003,800,,,-1.667745,157.4390996,0.145129423,1.158361109,5.552043465,6.855533997
313,3,21,4556,1,Bafog,15,2,13,2,inf,TMS BF1,,Hymenopus,heteromorphus,Hymenopus_heteromorphus,BF,Generalist,1.9651,2.0523,0.7932,,1.587367625,838,121.34009,3.556011964,-1.5419025,176.2061167,0.149827858,0.941276602,5.299033077,6.390137537
314,3,45,5095,10,Bafog,17,3,15,2,middle,moche,,Eschweilera,coriacea,Eschweilera_coriacea,BF,Generalist,2.9326,2.9557,1.2925,,1.286808511,751,117.3926609,3.761002573,-1.5458975,173.2862858,0.145492794,0.918175046,1.442346351,2.506014191
315,3,36,3466,17,Bafog,18,3,14,3,inf,D1 rare 78,,Eschweilera,coriacea,Eschweilera_coriacea,BF,Generalist,1.7016,1.7169,0.783,,1.192720307,815,117.3268016,2.292559166,-1.44003,173.2119414,0.123183189,0.86519839,1.321028714,2.309410293
316,3,20,41772,49,Bafog,11,3,10,3,middle,,,Virola,michelii,Virola_michelii,BF,Generalist,1.4531,1.4907,0.5586,,1.668635875,820,64.08340258,5.85039032,-1.34415,89.23854441,0.212429433,1.348423176,,
317,3,21,41790,78,Bafog,12,1,10,1,sup,,,Chrysophyllum,prieurii,Chrysophyllum_prieurii,BF,Generalist,6.4003,6.508,2.4783,,1.625993625,831,246.1275857,13.11457765,-1.8135625,247.595374,0.131172454,0.726147929,2.727313185,3.584633569
318,3,21,3258,3,Bafog,28,4,28,4,sup,,,Laetia,procera,Laetia_procera,BF,BF,1.4373,1.4713,0.6062,,1.42708677,805,45.85321727,2.46900944,-2.07124,62.57072764,0.26404709,1.703569706,5.559669403,7.527286199
318,3,21,3258,3,Bafog,28,4,28,4,sup,,,Laetia,procera,Laetia_procera,BF,BF,1.4373,1.4713,0.6062,,1.42708677,805,45.85321727,2.46900944,-2.0173075,62.57072764,0.26404709,1.703569706,5.559669403,7.527286199
319,3,15,15386,32,Bafog,18,2,16,2,middle,,,Licania,membranacea,Licania_membranacea,TF,TF,1.834,2.0055,0.8793,,1.280791539,908,58.64604702,6.426741493,-2.0252975,81.25509804,0.215999349,0.768855909,5.234495492,6.21935075
320,3,14,4518,2,Bafog,24,3,20,3,inf,,,Jacaranda,copaia,Jacaranda_copaia subsp. copaia,TF,Generalist,0.4229,0.4323,0.1609,,1.686761964,892,27.2480831,3.118657891,-1.4659975,39.43289106,0.28585498,1.231683085,2.482594439,4.000132505
321,3,14,41539,35,Bafog,30,5,25,3,inf,,,Tachigali,melinonii,Tachigali_melinonii,TF,Generalist,0.4847,0.498,0.2401,,1.074135777,774,15.08188516,3.88305035,-1.499955,18.13745186,0.386294854,1.669173123,4.752289008,6.807756985
321,3,14,41539,35,Bafog,30,5,25,3,inf,,,Tachigali,melinonii,Tachigali_melinonii,TF,Generalist,0.4847,0.498,0.2401,,1.074135777,774,15.08188516,3.88305035,-1.9613775,18.13745186,0.386294854,1.669173123,4.752289008,6.807756985
322,3,6,3060,8,Bafog,30,5,28,5,sup,,,Tachigali,melinonii,Tachigali_melinonii,TF,Generalist,0.4909,0.4831,0.237,,1.038396624,834,14.2415315,3.035935668,-1.6937125,20.78260076,0.474518709,1.714754731,4.633056386,6.822329827
323,3,14,,,Bafog,29,5,22,4,middle,1 tacmel supplémentaire non renseigne,,Tachigali,melinonii,Tachigali_melinonii,TF,Generalist,0.1668,0.1714,0.0795,,1.155974843,836,9.714350531,4.816842614,-1.74365,10.34668275,0.56111579,2.043172962,5.09508766,7.699376412
324,3,6,15309,17,Bafog,17,2,14,2,middle,,,Chrysophyllum,prieurii,Chrysophyllum_prieurii,TF,Generalist,4.3263,4.5033,1.8621,,1.418398582,826,91.89509847,1.544962656,-2.1091925,92.060519,0.210253044,1.251572975,1.645971986,3.107798005
325,3,8,15322,27,Bafog,15,2,14,2,middle,,,Protium,stevensonii,Protium_stevensonii,TF,Generalist,0.905,0.9313,0.4937,,0.88636824,840,31.09320142,17.60484471,-2.21506,41.35053279,0.332060755,1.409685748,2.132892371,3.874638874
326,3,8,3096,15,Bafog,26,3,20,2,middle,,,Protium,stevensonii,Protium_stevensonii,TF,Generalist,0.5393,0.5537,0.3082,,0.796560675,837,40.00416394,6.654341939,-2.46275,57.80827618,0.268121818,1.234412465,1.298897232,2.801431515
327,3,8,15326,31,Bafog,22,2,20,2,sup,,,Virola,michelii,Virola_michelii,TF,Generalist,0.7458,0.798,0.2721,,1.932745314,811,57.18503684,4.37983885,-2.0173075,83.11545368,0.206607667,1.289266036,3.623156464,5.119030167
328,3,24,41941,68,Bafog,13,3,12,2,sup,,,Gustavia,hexapetala,Gustavia_hexapetala,TF,TF,2.3466,2.4362,0.9188,,1.651501959,803,65.05065871,3.239326394,-2.019305,90.28416416,0.20015741,1.005337306,1.015934844,2.22142956
329,5,58,26512,2,Bafog,16,3,13,2,middle,,,Virola,surinamensis,Virola_surinamensis,BF,BF,1.5986,1.6051,0.5933,,1.705376707,796,65.34446609,5.42286613,-1.388095,91.52847164,0.239011681,1.533674581,4.657167143,6.429853405
330,5,57,265510,57,Bafog,15,2,12,2,inf,,,Chrysophyllum,prieurii,Chrysophyllum_prieurii,BF,Generalist,1.7812,1.8103,0.7661,,1.36300744,826,61.65016904,6.479841387,-1.9214275,61.70443808,0.295407469,2.258158461,3.20759328,5.76115921
331,5,48,26207,30,Bafog,32,5,25,2,inf,,,Virola,surinamensis,Virola_surinamensis,BF,BF,1.2393,1.2683,0.4444,,1.853960396,814,63.16179152,3.183336311,-1.7935875,88.2846329,0.25708883,1.729264128,5.542160931,7.528513889
332,5,38,25882,4,Bafog,38,5,30,3,middle,,,Pterocarpus,officinalis,Pterocarpus_officinalis,BF,BF,0.5388,0.5552,0.2055,,1.701703163,834,64.47955854,4.375465272,-1.547895,93.55779189,0.194315823,0.792567149,2.908860758,3.89574373
333,5,37,25869,15,Bafog,14,2,12,3,sup,,,Iryanthera,hostmannii,Iryanthera_hostmannii,BF,BF,0.6363,0.6416,0.2795,,1.295527728,793,66.2067199,2.717551991,-1.4260475,93.29209081,0.208085657,1.071613192,1.105218389,2.384917238
334,5,37,25857,2,Bafog,38,5,31,3,middle,,,Symphonia,globulifera,Symphonia_globulifera,BF,BF,1.5408,1.5575,0.5165,,2.015488867,851,31.30059012,3.296779086,-1.6457725,44.89380882,0.307350895,1.952353438,2.942827857,5.202532191
335,5,48,26196,9,Bafog,23,2,21,3,middle,,,Pterocarpus,officinalis,Pterocarpus_officinalis,BF,BF,0.4111,0.4154,0.1639,,1.534472239,820,22.59167105,2.987352077,-1.56787,28.96697372,0.264851649,1.874696298,1.543283217,3.682831165
336,5,48,26197,11,Bafog,22,3,20,2,inf,,,Symphonia,globulifera,Symphonia_globulifera,BF,BF,1.3701,1.3706,0.3523,,2.890434289,813,64.65007231,2.654736001,-1.531915,93.92906954,0.181289006,1.634960489,2.146189201,3.962438696
337,5,49,26235,20,Bafog,20,2,16,2,inf,,,Symphonia,globulifera,Symphonia_globulifera,BF,BF,1.493,1.5109,0.4344,,2.478130755,799,43.29579546,2.825690484,-1.5259225,58.92404619,0.244146718,2.48294539,1.931049735,4.658141842
338,5,49,26224,9,Bafog,23,2,20,2,sup,,,Pterocarpus,officinalis,Pterocarpus_officinalis,BF,BF,0.4688,0.4689,0.1835,,1.555313351,870,30.14547146,3.991840176,-1.87149,43.74139614,0.224467575,1.77209776,3.948603024,5.94516836
339,5,49,26221,6,Bafog,34,5,30,4,sup,,,Virola,surinamensis,Virola_surinamensis,BF,BF,2.0188,2.0636,0.791,,1.608849558,833,26.98596417,10.41381635,-1.5898425,39.29360204,0.399629228,2.438965901,8.409050882,11.24764601
340,5,60,26562,32,Bafog,25,4,23,2,middle,,,Tachigali,melinonii,Tachigali_melinonii,BF,Generalist,0.2124,0.2197,0.103,,1.133009709,823,23.75887637,3.945749844,-1.7056975,30.83938689,0.33940776,1.475034667,3.746701834,5.561144261
341,5,60,26555,19,Bafog,18,3,16,2,middle,,,Pterocarpus,officinalis,Pterocarpus_officinalis,BF,BF,0.7384,0.7613,0.2603,,1.924702267,798,27.17382166,3.025202472,-1.63978,39.4430079,0.28293362,1.246439623,3.355463486,4.884836728
342,5,50,26257,43,Bafog,26,3,22,2,inf,,,Pterocarpus,officinalis,Pterocarpus_officinalis,BF,BF,0.6619,0.6865,0.2574,,1.667055167,837,41.07823186,2.068091204,-1.436035,59.59745725,0.236822391,1.044646139,3.13445039,4.41591892
343,5,40,25945,7,Bafog,20,2,18,2,sup,,,Laetia,procera,Laetia_procera,BF,BF,4.1952,4.3101,1.6718,,1.578119392,865,105.9832835,4.364939025,-1.811565,149.3308434,0.145293455,0.856803593,3.487024986,4.489122035
344,5,50,26245,12,Bafog,25,4,25,4,sup,,,Laetia,procera,Laetia_procera,BF,BF,1.8524,1.9258,0.7633,,1.52299227,823,52.43649795,4.206456381,-1.8375325,75.64204171,0.211083455,1.180197452,4.27891292,5.670193827
345,5,50,26247,15,Bafog,28,4,24,3,inf,,,Virola,surinamensis,Virola_surinamensis,BF,BF,0.8677,0.8713,0.3456,,1.521122685,779,29.03614152,5.08479506,-1.8615025,38.49958454,0.390034644,2.034654093,5.887372573,8.312061309
346,5,49,26228,13,Bafog,23,4,23,4,sup,,,Symphonia,globulifera,Symphonia_globulifera,BF,BF,1.9791,2.0093,0.6857,,1.930290214,834,34.67426029,3.487546367,-1.7696175,50.06763949,0.268006602,2.435529483,3.041764573,5.745300658
347,5,39,25915,8,Bafog,34,5,29,4,inf,,,Symphonia,globulifera,Symphonia_globulifera,BF,BF,1.4676,1.4929,0.524,,1.849045802,808,24.12301627,5.735952011,-1.6817275,30.98613139,0.352498847,3.673262045,2.894230323,6.919991214
348,5,39,2529,39,Bafog,15,2,13,2,middle,,,Pterocarpus,officinalis,Pterocarpus_officinalis,BF,BF,0.4287,0.4435,0.1584,,1.799873737,869,24.85960754,2.178161114,-1.659755,36.19336172,0.281773915,1.598238379,4.433703186,6.313715479
349,5,49,26218,3,Bafog,35,5,29,3,middle,,,Symphonia,globulifera,Symphonia_globulifera,BF,BF,1.4901,1.5237,0.4639,,2.284544083,871,60.10976889,2.073346706,-1.7216775,83.18848114,0.193164585,2.719539956,2.881294031,5.793998572
350,5,47,26186,40,Bafog,12,2,10,2,middle,,,Iryanthera,hostmannii,Iryanthera_hostmannii,BF,BF,2.1981,2.2627,0.9762,,1.317865192,834,57.11465392,4.783588599,,78.39021009,0.222143128,1.230963992,1.859845159,3.312952279
351,2,5,33274,38,Bafog,14,2,12,2,middle,,,Vouacapoua,americana,Vouacapoua_americana,TF,TF,1.2658,1.3277,0.6458,,1.055899659,792,55.25070603,8.229378227,-1.8575075,82.47211145,0.233824328,0.916345365,3.326017756,4.476187448
352,2,5,840,17,Bafog,23,3,15,3,middle,,,Dicorynia,guianensis,Dicorynia_guianensis,TF,TF,1.0413,1.0913,0.4272,,1.554541199,846,94.77194251,4.328074322,-1.3061975,134.13896,0.169056352,1.109645794,1.469868067,2.748570212
353,2,6,10608,24,Bafog,22,2,20,3,middle,,,Vouacapoua,americana,Vouacapoua_americana,TF,TF,0.5416,0.5575,0.2778,,1.006839453,823,54.48971965,7.350989816,-1.6457725,79.42820608,0.20000124,1.078864443,3.103703922,4.382569605
354,2,6,848,10,Bafog,22,2,20,3,middle,,,Virola,michelii,Virola_michelii,TF,Generalist,1.4081,1.4731,0.4888,,2.013707038,806,64.41122954,3.839538572,-1.47998,89.6288522,0.254269531,1.200986896,1.511693816,2.966950243
355,2,14,34450,41,Bafog,15,2,14,2,sup,,,Conceveiba,guianensis,Conceveiba_guianensis,TF,Generalist,1.1302,1.1854,0.3361,,2.52692651,827,137.1656329,14.78894603,-2.07124,201.4815206,0.118798115,0.65083166,1.103201169,1.872830944
356,2,14,10660,23,Bafog,15,3,13,2,middle,,,Iryanthera,sagotiana,Iryanthera_sagotiana,TF,TF,0.9131,0.9222,0.2912,,2.166895604,826,46.62529989,1.486977765,-1.4460225,63.81408765,0.229511137,1.314285793,4.935552332,6.479349262
357,2,15,33463,36,Bafog,13,3,12,3,middle,,,Gustavia,hexapetala,Gustavia_hexapetala,TF,TF,0.7621,0.7864,0.2406,,2.268495428,760,64.7434693,4.629286856,-1.9414025,93.75094289,0.184129324,1.022174147,1.407593224,2.613896694
358,2,6,852,15,Bafog,26,5,21,3,sup,,,Vouacapoua,americana,Vouacapoua_americana,TF,TF,0.9214,0.9452,0.4238,,1.23029731,829,46.12973385,2.310426184,-1.7416525,63.5034269,0.241710559,1.227922375,2.803663856,4.27329679
359,2,4,820,9,Bafog,14,3,14,3,middle,,,Conceveiba,guianensis,Conceveiba_guianensis,TF,Generalist,1.3046,1.3776,0.5683,,1.424071793,807,116.1504733,4.959834581,-1.6657475,168.5395647,0.135829943,0.667737347,1.586706237,2.390273527
360,2,2,783,10,Bafog,15,2,13,2,middle,,,Bocoa,prouacensis,Bocoa_prouacensis,TF,Generalist,1.2942,1.3527,0.6192,,1.184593023,836,52.72453669,4.425596528,-1.5538875,50.38020544,0.219681565,1.129084398,1.533843421,2.882609383
361,2,3,3826,9,Bafog,29,5,21,3,middle,,,Virola,michelii,Virola_michelii,TF,Generalist,0.453,0.4938,0.1909,,1.586694605,782,19.99188038,5.771722745,-1.63179,28.98327846,0.366728717,2.086971149,3.218562521,5.672262387
362,2,3,33255,48,Bafog,14,2,12,2,sup,,,Iryanthera,sagotiana,Iryanthera_sagotiana,TF,TF,0.8409,0.8388,0.3435,,1.441921397,767,37.65280776,1.950403391,-1.6377825,51.08592675,0.281405061,1.76611,3.561899533,5.609414594
363,2,3,246162,66,Bafog,11,2,11,2,sup,,,Casearia,javitensis,Casearia_javitensis,TF,TF,0.8627,0.9039,0.4589,,0.969710177,822,50.15321623,3.121399452,,50.20010751,0.280003065,1.296888993,2.794152335,4.371044392
363,2,3,246162,66,Bafog,11,2,11,2,sup,,,Casearia,javitensis,Casearia_javitensis,TF,TF,0.8627,0.9039,0.4589,,0.969710177,822,50.15321623,3.121399452,-1.8015775,50.20010751,0.280003065,1.296888993,2.794152335,4.371044392
364,2,10,925,24,Bafog,32,5,25,3,middle,,,Vouacapoua,americana,Vouacapoua_americana,TF,TF,0.3432,0.3551,0.1678,,1.116209774,789,25.83458039,3.856252431,-1.8455225,33.93255768,0.398865104,1.631975484,4.025802973,6.05664356
365,2,10,908,1,Bafog,12,2,12,2,sup,,,Bocoa,prouacensis,Bocoa_prouacensis,TF,Generalist,2.0405,2.1031,0.863,,1.436964079,767,55.91051318,5.672452084,-1.3301675,56.53714751,0.223802612,1.059815858,2.535185649,3.81880412
366,2,1,33221,45,Bafog,14,2,12,2,middle,,,Vouacapoua,americana,Vouacapoua_americana,TF,TF,1.2492,1.3229,0.5701,,1.320470093,812,36.88133501,5.049017067,-1.827545,49.99065565,0.315693744,1.474438148,3.457959596,5.248091488
367,2,10,911,5,Bafog,28,4,23,2,inf,,,Virola,michelii,Virola_michelii,TF,Generalist,0.9731,0.9908,0.3496,,1.83409611,821,30.86546498,9.474659309,-1.5179325,44.73483119,0.322182576,1.759442403,2.077953208,4.159578187
368,2,10,10635,29,Bafog,18,2,16,4,sup,,,Chrysophyllum,prieurii,Chrysophyllum_prieurii,TF,Generalist,2.0075,2.2079,0.8918,,1.475779323,821,84.58882528,3.545981503,-1.963375,81.84189529,0.222022835,1.257130312,1.637612467,3.116765613
369,2,18,33521,46,Bafog,13,2,11,2,inf,,,Gustavia,hexapetala,Gustavia_hexapetala,TF,TF,1.2066,1.2069,0.364,,2.315659341,828,60.55743937,12.44577816,-1.7376575,87.60517843,0.236969165,0.986599948,1.64966757,2.873236683
370,2,18,33527,52,Bafog,10,3,9,4,middle,,,Gustavia,hexapetala,Gustavia_hexapetala,TF,TF,1.3378,1.344,0.426,,2.154929577,696,44.96789141,8.869065688,-1.93541,61.20640087,0.231972616,1.026717337,1.01788989,2.276579843
371,2,19,1074,23,Bafog,28,3,25,2,inf,,,Jacaranda,copaia,Jacaranda_copaia subsp. copaia,TF,Generalist,0.3987,0.3996,0.1277,,2.129209084,865,22.96802866,8.454174494,,33.07279809,0.309019234,1.19722352,3.436646075,4.942888829
371,2,19,1074,23,Bafog,28,3,25,2,inf,,,Jacaranda,copaia,Jacaranda_copaia subsp. copaia,TF,Generalist,0.3987,0.3996,0.1277,,2.129209084,865,22.96802866,8.454174494,-1.3621275,33.07279809,0.309019234,1.19722352,3.436646075,4.942888829
372,2,19,1073,22,Bafog,24,2,21,3,middle,,,Bocoa,prouacensis,Bocoa_prouacensis,TF,Generalist,1.4108,1.4257,0.5732,,1.48726448,821,51.23682797,2.784142712,-1.420055,48.51996344,0.253777354,1.2641801,1.097621761,2.615579215
373,2,20,1082,9,Bafog,24,3,20,4,inf,,,Bocoa,prouacensis,Bocoa_prouacensis,TF,Generalist,1.6521,1.6932,0.7603,,1.227015652,860,88.17487657,3.405640607,-1.7536375,85.60643035,0.170420433,0.936184926,2.066515529,3.173120887
374,2,27,33661,49,Bafog,18,2,17,3,inf,,,Chrysophyllum,prieurii,Chrysophyllum_prieurii,TF,Generalist,3.3445,3.4671,1.3737,,1.523913518,841,217.4212497,20.46398219,-1.87149,215.592584,0.130181678,0.791094495,1.45162908,2.372905254
375,2,19,1061,9,Bafog,23,3,20,2,inf,,,Virola,michelii,Virola_michelii,TF,Generalist,0.5782,0.6048,0.2617,,1.311043179,770,34.52743347,10.45962131,-1.587845,46.13360754,0.304986994,1.793729948,1.973021837,4.071738778
376,2,28,33692,51,Bafog,14,5,12,4,inf,,,Chrysophyllum,prieurii,Chrysophyllum_prieurii,TF,Generalist,4.5714,4.8469,2.1993,,1.203837585,865,62.13089388,11.11039475,-2.0532625,59.42149784,0.232481313,1.450580134,1.572698593,3.25576004
377,2,44,10873,37,Bafog,12,1,11,2,middle,,,Bocoa,prouacensis,Bocoa_prouacensis,TF,Generalist,2.9889,3.1848,1.1677,herbivory,1.727412863,870,125.7062708,18.40606741,-1.44802,127.3530039,0.135468397,0.817277866,1.273336601,2.226082863
378,2,36,10818,24,Bafog,32,5,22,4,inf,,,Virola,michelii,Virola_michelii,TF,Generalist,0.5125,0.5325,0.2255,,1.361419069,892,40.46100527,2.155309388,-1.7376575,59.64867433,0.29200626,1.766809185,1.519332569,3.578148014
379,2,37,33880,50,Bafog,14,2,13,3,sup,,,Gustavia,hexapetala,Gustavia_hexapetala,TF,TF,1.6502,1.7643,0.5658,,2.118239661,796,88.26302408,2.246312593,-2.011315,123.5456612,0.174832533,0.764473066,2.071606403,3.010912002
380,2,52,34229,44,Bafog,11,2,10,2,middle,,,Casearia,javitensis,Casearia_javitensis,TF,TF,0.9838,1.0194,0.523,,0.949139579,847,84.7662972,3.704104618,-1.899455,82.2382138,0.240663617,1.046330375,2.178826439,3.465820432
381,2,43,34016,33,Bafog,12,2,10,2,middle,,,Vouacapoua,americana,Vouacapoua_americana,TF,TF,0.2978,0.315,0.1595,,0.97492163,823,41.23537116,1.842645611,-1.8575075,56.18610439,0.30095691,1.332215046,3.481167559,5.114339515
382,2,51,1681,22,Bafog,25,2,22,2,middle,,,Bocoa,prouacensis,Bocoa_prouacensis,TF,Generalist,0.8807,0.9005,0.4861,,0.852499486,843,46.74071801,2.685967441,-1.9973325,46.55817805,0.280405325,1.361606367,1.545130706,3.187142399
383,2,57,1787,4,Bafog,19,4,16,3,inf,,,Chrysophyllum,prieurii,Chrysophyllum_prieurii,TF,Generalist,3.4954,3.7201,1.4676,,1.534818752,875,205.0050067,2.32298486,,203.8269915,0.127798452,0.823649533,1.431375461,2.382823446
383,2,57,1787,4,Bafog,19,4,16,3,inf,,,Chrysophyllum,prieurii,Chrysophyllum_prieurii,TF,Generalist,3.4954,3.7201,1.4676,,1.534818752,875,205.0050067,2.32298486,-2.05526,203.8269915,0.127798452,0.823649533,1.431375461,2.382823446
384,5,16,25140,1,Bafog,38,5,16,3,inf,,,Tachigali,melinonii,Tachigali_melinonii,BF,Generalist,0.3481,0.3453,0.1506,,1.292828685,829,19.96486682,3.342246696,-1.5938375,29.02391776,0.353582951,1.332077279,3.134717341,4.82037757
385,5,15,25118,23,Bafog,25,4,21,4,middle,,,Laetia,procera,Laetia_procera,BF,BF,1.738,1.78,0.6901,,1.579336328,795,50.02755871,3.451607037,-1.84752,68.54041955,0.260598705,1.478485248,7.205742369,8.944826323
386,5,6,24822,23,Bafog,35,4,25,5,inf,,,Tachigali,melinonii,Tachigali_melinonii,BF,Generalist,0.2992,0.2959,0.1379,,1.145757796,809,13.26012217,6.714687965,-1.71968,19.24553226,0.463357328,1.73506057,4.632402306,6.830820205
387,5,4,24775,48,Bafog,13,2,11,2,middle,,,Gustavia,hexapetala,Gustavia_hexapetala,TF,TF,1.3441,1.346,0.434,,2.101382488,803,52.13104997,4.620925549,-1.683725,71.29594098,0.23874763,1.240589848,2.679350315,4.158687793
388,5,4,373422,71,Bafog,12,2,11,2,middle,,,Gustavia,hexapetala,Gustavia_hexapetala,TF,TF,1.3385,1.335,0.3484,,2.831802526,822,99.90859051,1.16711322,-1.83953,144.8482797,0.174221918,0.729268798,2.529045452,3.432536167
389,5,5,24790,12,Bafog,30,5,28,4,middle,,,Pterocarpus,officinalis,Pterocarpus_officinalis,BF,BF,1.11,1.1645,0.4325,,1.692485549,814,36.28706452,8.868189055,-1.4340375,49.10073759,0.206232062,1.009117796,1.916113344,3.131463203
390,5,7,24845,30,Bafog,13,2,13,2,sup,,,Conceveiba,guianensis,Conceveiba_guianensis,BF,Generalist,4.5771,4.5989,1.9846,,1.317293157,823,170.9277831,5.66650566,,247.399843,0.098646357,0.523681357,1.507007602,2.129335315
390,5,7,24845,30,Bafog,13,2,13,2,sup,,,Conceveiba,guianensis,Conceveiba_guianensis,BF,Generalist,4.5771,4.5989,1.9846,,1.317293157,823,170.9277831,5.66650566,,247.399843,0.098646357,0.523681357,1.507007602,2.129335315
390,5,7,24845,30,Bafog,13,2,13,2,sup,,,Conceveiba,guianensis,Conceveiba_guianensis,BF,Generalist,4.5771,4.5989,1.9846,,1.317293157,823,170.9277831,5.66650566,-1.627795,247.399843,0.098646357,0.523681357,1.507007602,2.129335315
391,5,7,24842,21,Bafog,30,5,25,2,inf,,,Symphonia,globulifera,Symphonia_globulifera,BF,BF,1.1218,1.1302,0.366,,2.087978142,829,22.14053536,4.661672255,-1.651765,28.0810852,0.389103179,3.527552197,3.023608568,6.940263944
392,5,17,25187,28,Bafog,26,4,25,2,inf,,,Pterocarpus,officinalis,Pterocarpus_officinalis,BF,BF,0.5969,0.6479,0.2239,,1.893702546,816,51.62764876,10.33767748,-1.4220525,74.87666268,0.158116541,0.941162108,1.800390974,2.899669623
393,5,19,25264,34,Bafog,21,3,20,3,middle,,,Virola,michelii,Virola_michelii,BF,Generalist,3.592,3.8345,1.3439,,1.853262892,789,70.42873263,2.253107102,-1.464,100.5061579,0.197764236,1.362489334,3.17967363,4.739927199
394,5,26,25514,29,Bafog,28,5,28,4,sup,,,Laetia,procera,Laetia_procera,BF,BF,1.681,1.7948,0.7042,,1.548707753,804,68.07351305,6.275893323,,98.62923228,0.207587344,1.186949469,3.422213175,4.816749988
394,5,26,25514,29,Bafog,28,5,28,4,sup,,,Laetia,procera,Laetia_procera,BF,BF,1.681,1.7948,0.7042,,1.548707753,804,68.07351305,6.275893323,-1.8734875,98.62923228,0.207587344,1.186949469,3.422213175,4.816749988
395,5,26,25526,53,Bafog,13,4,11,4,middle,,,Chrysophyllum,prieurii,Chrysophyllum_prieurii,BF,Generalist,1.7315,1.873,0.7649,,1.448686103,796,102.1116683,11.34268931,-2.0332875,99.40144056,0.199608419,1.266881347,2.240904428,3.707394195
396,5,26,25510,20,Bafog,24,4,21,3,inf,,,Jacaranda,copaia,Jacaranda_copaia subsp. copaia,BF,Generalist,0.7253,0.7419,0.2681,,1.767251026,757,11.68685415,13.11773195,-1.3821025,16.8408536,0.385549181,1.498321493,3.1437898,5.027660474
397,5,9,24905,33,Bafog,27,3,23,3,sup,,,Virola,michelii,Virola_michelii,BF,Generalist,0.7947,0.8475,0.3096,,1.737403101,768,55.31546397,7.240061659,-1.5538875,76.63525179,0.224427764,1.508579686,4.456324816,6.189332266
398,5,36,373525,76,Bafog,14,2,12,2,inf,,,Virola,michelii,Virola_michelii,BF,Generalist,1.0377,1.1142,0.4488,,1.482620321,774,37.71796388,7.128748417,-1.467995,55.006672,0.259220156,1.635821795,3.808289078,5.703331028
399,5,36,25823,4,Bafog,35,5,28,2,inf,,,Virola,surinamensis,Virola_surinamensis,BF,BF,1.3976,1.4355,0.5053,,1.840886602,798,46.8245006,4.715198886,-1.5938375,64.06093602,0.253669008,1.65326878,4.604033986,6.510971774
400,5,19,25255,22,Bafog,24,4,18,4,inf,,,Symphonia,globulifera,Symphonia_globulifera,BF,BF,0.5871,0.601,0.197,,2.050761421,762,27.28652305,4.158442664,-1.5658725,35.74025306,0.326805659,2.909612959,3.040165788,6.276584406
401,5,47,26169,8,Bafog,24,3,20,2,inf,,,Conceveiba,guianensis,Conceveiba_guianensis,BF,Generalist,2.0411,2.1616,0.7236,,1.987285793,798,215.1018727,3.446250776,-1.483975,168.4257716,0.1216659,0.697005905,1.258084827,2.076756633
402,5,18,25232,49,Bafog,18,2,17,2,sup,,,Conceveiba,guianensis,Conceveiba_guianensis,BF,Generalist,1.0281,1.0823,0.4299,,1.517562224,796,104.8529682,2.327593394,-1.563875,147.9894263,0.161481568,0.836139604,2.06690067,3.064521842
403,5,46,26147,21,Bafog,24,3,20,2,inf,,,Virola,michelii,Virola_michelii,BF,Generalist,1.2627,1.2985,0.4329,,1.999538,873,72.77135647,4.623360611,-1.55988,102.7161765,0.180481825,1.416143871,3.167667102,4.764292798
404,5,46,26148,28,Bafog,22,3,18,3,sup,,,Tachigali,melinonii,Tachigali_melinonii,BF,Generalist,0.4482,0.4578,0.1995,,1.294736842,826,31.31137135,6.406883784,-1.603825,45.73870136,0.327660152,1.155207948,2.660792493,4.143660593
405,5,45,26127,44,Bafog,8,2,6,2,inf,,,Jacaranda,copaia,Jacaranda_copaia subsp. copaia,BF,Generalist,0.5329,0.5344,0.1763,,2.031196824,831,18.09057622,6.656670823,-1.31219,22.52002516,0.381473832,1.377481504,2.573770166,4.332725503
406,5,35,25790,7,Bafog,32,5,27,4,middle,lianes,,Laetia,procera,Laetia_procera,BF,BF,1.1306,1.1554,0.4453,,1.594655289,812,68.06906749,1.715534888,-1.67973,98.47425859,0.22181921,1.172247067,6.252595991,7.646662268
407,5,45,26107,10,Bafog,22,4,20,4,middle,,,Laetia,procera,Laetia_procera,BF,BF,4.2402,4.3024,1.5299,,1.812209948,833,79.64801611,11.63632402,-1.5698675,110.5320118,0.156562302,0.757366246,3.952235943,4.866164491
408,5,78,27157,12,Bafog,26,4,22,2,inf,,,Tachigali,melinonii,Tachigali_melinonii,BF,Generalist,0.2113,0.2046,0.0901,,1.270810211,830,18.34612762,4.961254472,-1.6218025,26.64292799,0.388784973,1.677600504,4.645336668,6.711722145
409,5,78,27154,3,Bafog,22,4,16,4,middle,,,Pterocarpus,officinalis,Pterocarpus_officinalis,BF,BF,0.8052,0.8268,0.3255,,1.540092166,849,28.89013123,3.229642923,-1.619805,38.24853286,0.264411924,1.963688336,2.57944626,4.80754652
410,5,88,27466,22,Bafog,28,3,26,2,inf,,,Virola,surinamensis,Virola_surinamensis,BF,BF,3.6766,3.7325,1.2126,,2.078096652,771,161.4257659,2.421960308,-1.452015,147.2292744,0.209321642,1.456226387,3.781986129,5.447534158
411,5,78,27164,34,Bafog,20,2,16,2,inf,,,Pterocarpus,officinalis,Pterocarpus_officinalis,BF,BF,0.3295,0.3176,0.1194,,1.659966499,857,23.16267041,3.141546438,-1.6737375,29.83417598,0.32257025,2.082025989,4.014013611,6.418609849
412,5,88,27459,7,Bafog,32,3,28,4,middle,ficelle + sac,,Virola,surinamensis,Virola_surinamensis,BF,BF,1.6309,1.6564,0.6985,,1.371367215,808,48.13407712,4.282368038,-1.63978,69.4887669,0.28241458,1.66331185,5.719920338,7.665646768
413,5,98,373740,43,Bafog,27,4,20,4,middle,,,Tachigali,melinonii,Tachigali_melinonii,BF,Generalist,0.2661,0.2698,0.1217,,1.216926869,789,14.81160596,4.605319268,-1.8635,17.6913981,0.51006485,1.713406638,5.65227457,7.875746058
414,5,98,27776,36,Bafog,9,2,9,2,sup,,,Iryanthera,hostmannii,Iryanthera_hostmannii,BF,BF,1.3423,1.3607,0.5431,,1.505431781,814,78.54450017,4.847343788,-1.460005,115.9619956,0.151520135,0.908997894,1.226031079,2.286549109
415,5,97,27754,36,Bafog,10,3,10,3,sup,,,Iryanthera,hostmannii,Iryanthera_hostmannii,BF,BF,1.939,2.0055,0.7424,,1.701373922,525,56.121856,2.669502418,-1.4979575,77.35518459,0.213180474,1.145625301,2.022022587,3.380828362
416,5,41,25976,16,Bafog,21,2,19,2,sup,TMS ; doute bota,,Casearia,javitensis,Casearia_javitensis,TF,TF,1.4162,1.5712,0.4382,,2.585577362,851,79.52941251,15.17943884,-1.428045,79.42835551,0.245783237,1.20985184,2.124750923,3.580386
417,5,32,25699,21,Bafog,22,2,18,2,inf,,,Iryanthera,sagotiana,Iryanthera_sagotiana,TF,TF,1.1195,1.1305,0.4441,,1.545597838,895,71.05980244,2.251529163,-1.4300425,98.91117957,0.187936081,1.042784775,3.605284656,4.836005512
418,5,21,25328,8,Bafog,26,4,19,3,middle,,,Protium,stevensonii,Protium_stevensonii,TF,Generalist,0.6751,0.6817,0.2985,,1.283752094,826,67.98458177,4.437445456,-1.8335375,98.71107243,0.189267881,1.050798639,1.528661669,2.76872819
419,5,22,25386,58,Bafog,16,2,13,2,inf,,,Hymenopus,heteromorphus,Hymenopus_heteromorphus,TF,Generalist,0.9251,0.938,0.4223,,1.221169785,860,30.51612596,4.140286387,-1.420055,40.35585942,0.285543158,1.500805606,6.248755208,8.035103971
420,5,23,25395,11,Bafog,21,4,19,4,middle,,,Protium,stevensonii,Protium_stevensonii,TF,Generalist,1.2991,1.3264,0.6352,,1.088161209,808,55.48839709,7.880405807,-1.9613775,80.74221021,0.213950302,1.141497508,2.117981165,3.473428975
421,5,23,25405,28,Bafog,24,3,22,2,middle,,,Protium,stevensonii,Protium_stevensonii,TF,Generalist,0.6131,0.6185,0.3081,,1.007465109,799,22.5176213,16.49937775,-1.9094425,28.78718806,0.317063964,1.588802862,3.317761145,5.223627971
422,5,52,26307,21,Bafog,24,3,17,2,inf,,,Protium,stevensonii,Protium_stevensonii,TF,Generalist,0.7886,0.7994,0.4503,,0.775260937,869,34.21394367,10.05444314,-2.1211775,49.51111626,0.277865838,1.382691307,1.75277888,3.413336025
423,5,63,26670,55,Bafog,8,2,8,2,sup,,,Casearia,javitensis,Casearia_javitensis,TF,TF,2.6839,2.8454,1.4373,,0.97968413,890,125.0369273,6.883587152,,122.5874766,0.195941131,0.856518585,2.688865617,3.741325334
423,5,63,26670,55,Bafog,8,2,8,2,sup,,,Casearia,javitensis,Casearia_javitensis,TF,TF,2.6839,2.8454,1.4373,,0.97968413,890,125.0369273,6.883587152,,122.5874766,0.195941131,0.856518585,2.688865617,3.741325334
423,5,63,26670,55,Bafog,8,2,8,2,sup,,,Casearia,javitensis,Casearia_javitensis,TF,TF,2.6839,2.8454,1.4373,,0.97968413,890,125.0369273,6.883587152,,122.5874766,0.195941131,0.856518585,2.688865617,3.741325334
424,5,74,27038,42,Bafog,7,3,7,3,sup,,,Casearia,javitensis,Casearia_javitensis,TF,TF,1.0789,1.1111,0.5263,,1.111153335,846,75.50832681,3.326866291,-1.5698675,75.5562942,0.220371861,1.087348576,3.031253577,4.338974013
425,5,64,26707,42,Bafog,26,3,24,4,middle,doute bota,,Chrysophyllum,prieurii,Chrysophyllum_prieurii,TF,Generalist,0.3664,0.3893,0.1738,,1.239930955,711,41.67430425,2.414027188,,38.97061258,0.340059969,1.845007992,2.971460455,5.156528416
426,5,84,27354,69,Bafog,18,3,17,3,middle,,,Jacaranda,copaia,Jacaranda_copaia subsp. copaia,TF,Generalist,0.2963,0.3018,0.0763,,2.955439056,843,22.38725109,7.847650245,-1.2023275,32.53429348,0.317224515,1.16532243,3.165816234,4.648363179
427,5,61,26575,16,Bafog,16,2,16,2,sup,,,Hymenopus,heteromorphus,Hymenopus_heteromorphus,TF,Generalist,1.1927,1.2168,0.5351,,1.273967483,823,36.45267155,4.227523583,-2.163125,52.85686604,0.23362938,1.8208469,1.507810436,3.562286717
428,5,81,27215,10,Bafog,13,3,13,3,sup,,,Conceveiba,guianensis,Conceveiba_guianensis,TF,Generalist,2.2687,2.3749,0.9506,,1.498316853,839,55.73217684,4.836485548,-1.8734875,77.00669955,0.162424036,1.083951827,3.012587482,4.258963344
429,5,81,27233,39,Bafog,15,4,15,4,sup,,,Casearia,javitensis,Casearia_javitensis,TF,TF,0.3832,0.4099,0.2094,,0.957497612,815,31.33166365,14.6851911,-2.147145,31.20755855,0.430078554,2.225005454,4.381417208,7.036501216
430,5,93,27624,13,Bafog,24,3,20,3,sup,,,Chrysophyllum,prieurii,Chrysophyllum_prieurii,TF,Generalist,1.0199,1.019,0.4701,,1.16762391,805,36.43595787,31.93831993,,41.53073008,0.266516103,20.77977775,,
431,5,93,27632,21,Bafog,18,2,15,2,inf,,,Gustavia,hexapetala,Gustavia_hexapetala,TF,TF,2.1823,2.1906,0.627,,2.493779904,810,75.50478851,1.522647496,-1.8495175,109.2157798,0.18117452,0.794202436,0.862888841,1.838265797
432,5,66,26771,15,Bafog,24,2,18,3,inf,,,Conceveiba,guianensis,Conceveiba_guianensis,TF,Generalist,2.3746,2.3163,1.0183,,1.274673475,819,107.5344296,3.807095695,,152.5965182,0.152378172,0.665215651,1.989764282,2.807358106
432,5,66,26771,15,Bafog,24,2,18,3,inf,,,Conceveiba,guianensis,Conceveiba_guianensis,TF,Generalist,2.3746,2.3163,1.0183,,1.274673475,819,107.5344296,3.807095695,-2.035285,152.5965182,0.152378172,0.665215651,1.989764282,2.807358106
433,5,47,26174,16,Bafog,34,5,34,5,sup,fruits,,Laetia,procera,Laetia_procera,BF,BF,0.8495,0.8868,0.3612,,1.455149502,809,33.66396997,7.704983412,,48.12299269,0.288781002,1.51917013,5.314106723,7.122057854
433,5,47,26174,16,Bafog,34,5,34,5,sup,fruits,,Laetia,procera,Laetia_procera,BF,BF,0.8495,0.8868,0.3612,,1.455149502,809,33.66396997,7.704983412,,48.12299269,0.288781002,1.51917013,5.314106723,7.122057854
433,5,47,26174,16,Bafog,34,5,34,5,sup,fruits,,Laetia,procera,Laetia_procera,BF,BF,0.8495,0.8868,0.3612,,1.455149502,809,33.66396997,7.704983412,-2.011315,48.12299269,0.288781002,1.51917013,5.314106723,7.122057854
434,5,37,25856,1,Bafog,39,5,30,4,inf,,,Tachigali,melinonii,Tachigali_melinonii,BF,Generalist,0.1589,0.1602,0.0761,,1.105124836,730,18.24687379,3.596217823,-1.683725,22.9236672,0.377989173,1.501965148,3.840947154,5.720901475
435,5,49,26217,2,Bafog,35,5,30,4,middle,,,Virola,surinamensis,Virola_surinamensis,BF,BF,1.0644,1.0811,0.4119,,1.624666181,795,27.02563143,12.28746804,-1.7056975,39.42359001,0.384780921,2.14990772,6.158203846,8.692892488
436,5,38,25880,2,Bafog,36,5,30,4,inf,,,Virola,surinamensis,Virola_surinamensis,BF,BF,2.0222,2.0158,0.8116,,1.48373583,723,27.90090438,28.47006065,-1.6297925,36.40058046,0.412435701,2.402561946,7.372556919,10.18755457
437,5,38,25888,10,Bafog,28,3,24,3,middle,,,Virola,surinamensis,Virola_surinamensis,BF,BF,0.9168,0.9396,0.2957,,2.177544809,816,45.21254062,3.294477974,-1.5938375,65.96707078,0.303000117,1.889590638,6.155184145,8.3477749
438,5,60,26559,28,Bafog,14,2,14,2,sup,,,Tachigali,melinonii,Tachigali_melinonii,BF,Generalist,0.3112,0.3127,0.1305,,1.396168582,815,27.22404585,2.545827916,-1.595835,39.52671923,0.274239145,1.305985681,3.546351239,5.126576064
439,5,70,26915,52,Bafog,17,3,15,2,middle,,,Tachigali,melinonii,Tachigali_melinonii,BF,Generalist,0.1462,0.1548,0.0725,,1.135172414,831,19.93298433,3.035404191,-1.5259225,28.86205379,0.289214507,1.289180356,5.256296966,6.834691829
440,5,90,373713,42,Bafog,13,1,13,2,sup,,,Conceveiba,guianensis,Conceveiba_guianensis,BF,Generalist,1.3661,1.3495,0.527,,1.560721063,820,113.5550325,1.692948044,-1.5099425,161.1639721,0.141678414,0.793088736,2.673551085,3.608318234
441,5,69,26866,29,Bafog,24,4,24,4,sup,,,Laetia,procera,Laetia_procera,BF,BF,2.9641,3.0557,1.1844,,1.579956096,839,69.9504347,5.00067123,-1.6377825,100.9402584,0.149291407,0.889467788,3.91016983,4.948929024
442,5,99,27788,14,Bafog,23,3,23,3,sup,,,Protium,stevensonii,Protium_stevensonii,BF,Generalist,1.1537,1.1515,0.5364,,1.146718867,842,41.26326929,2.597978075,-1.9334125,56.1137976,0.214653773,1.186153199,1.994183849,3.39499082
443,5,99,27799,27,Bafog,14,2,14,3,sup,,,Iryanthera,hostmannii,Iryanthera_hostmannii,BF,BF,2.1436,2.1726,0.752,,1.889095745,816,75.79613873,1.402742803,-1.56787,109.3953204,0.202915919,0.953033323,1.892648567,3.048597808
444,5,19,25275,50,Bafog,17,2,15,2,inf,,,Conceveiba,guianensis,Conceveiba_guianensis,TF,Generalist,1.4241,1.4717,0.5734,,1.56662016,797,138.8789838,1.59277447,-1.4819775,197.9434594,0.136401456,0.673778443,2.18849289,2.998672788
445,5,18,25207,10,Bafog,24,3,18,3,sup,,,Protium,stevensonii,Protium_stevensonii,BF,Generalist,1.1646,1.1975,0.5885,,1.034834325,782,47.6472535,7.584009889,-1.7496425,69.32749556,0.186685571,1.192373644,1.946037598,3.325096813
446,5,24,25442,25,Bafog,16,2,14,2,inf,,,Chrysophyllum,prieurii,Chrysophyllum_prieurii,TF,Generalist,3.3692,3.554,1.5553,,1.285089693,774,90.69287305,5.461083898,-1.6657475,128.225186,0.152974614,0.980848826,1.946260537,3.080083977
447,5,4,24752,8,Bafog,28,4,24,5,middle,,,Jacaranda,copaia,Jacaranda_copaia subsp. copaia,TF,Generalist,0.3136,0.3231,0.114,,1.834210526,764,14.84825155,7.707003833,,21.48189748,0.369084708,1.604832258,4.669352657,6.643269623
447,5,4,24752,8,Bafog,28,4,24,5,middle,,,Jacaranda,copaia,Jacaranda_copaia subsp. copaia,TF,Generalist,0.3136,0.3231,0.114,,1.834210526,764,14.84825155,7.707003833,,21.48189748,0.369084708,1.604832258,4.669352657,6.643269623
447,5,4,24752,8,Bafog,28,4,24,5,middle,,,Jacaranda,copaia,Jacaranda_copaia subsp. copaia,TF,Generalist,0.3136,0.3231,0.114,,1.834210526,764,14.84825155,7.707003833,,21.48189748,0.369084708,1.604832258,4.669352657,6.643269623
448,5,3,24733,39,Bafog,12,2,11,2,middle,,,Hymenopus,heteromorphus,Hymenopus_heteromorphus,TF,Generalist,1.199,1.2838,0.5071,,1.531650562,793,73.13197067,2.792630198,-1.5498925,107.5531498,0.172233214,1.032603332,6.275554153,7.480390699
449,5,22,25360,10,Bafog,22,4,20,4,sup,,,Jacaranda,copaia,Jacaranda_copaia subsp. copaia,TF,Generalist,0.6328,0.6534,0.244,,1.677868852,843,17.54032278,5.456687307,,21.45714222,0.385106432,1.724913835,2.93084216,5.040862427
449,5,22,25360,10,Bafog,22,4,20,4,sup,,,Jacaranda,copaia,Jacaranda_copaia subsp. copaia,TF,Generalist,0.6328,0.6534,0.244,,1.677868852,843,17.54032278,5.456687307,,21.45714222,0.385106432,1.724913835,2.93084216,5.040862427
449,5,22,25360,10,Bafog,22,4,20,4,sup,,,Jacaranda,copaia,Jacaranda_copaia subsp. copaia,TF,Generalist,0.6328,0.6534,0.244,,1.677868852,843,17.54032278,5.456687307,,21.45714222,0.385106432,1.724913835,2.93084216,5.040862427
450,5,64,26697,14,Bafog,28,5,24,4,sup,,,Jacaranda,copaia,Jacaranda_copaia subsp. copaia,TF,Generalist,0.6311,0.6462,0.2782,,1.32278936,837,15.14583412,10.69556935,-1.4100675,21.77028142,0.346571422,1.317305326,2.21375237,3.877629118
451,3,57,4699,12,Bafog,24,4,15,3,middle,,,Poraqueiba,guianensis,Poraqueiba_guianensis,TF,TF,2.6397,2.7454,1.2103,,1.268363216,822,87.456627,3.909963758,,122.8325912,0.150827384,0.831482878,2.591588458,3.573898721
451,3,57,4699,12,Bafog,24,4,15,3,middle,,,Poraqueiba,guianensis,Poraqueiba_guianensis,TF,TF,2.6397,2.7454,1.2103,,1.268363216,822,87.456627,3.909963758,-1.7256725,122.8325912,0.150827384,0.831482878,2.591588458,3.573898721
452,3,58,15745,28,Bafog,16,2,14,2,middle,,,Hymenopus,heteromorphus,Hymenopus_heteromorphus,TF,Generalist,2.3057,2.4391,1.0966,,1.224238556,813,80.44516169,2.63988519,-1.6257975,119.9968905,0.155262466,1.129976308,4.598903373,5.884142147
453,3,58,15746,29,Bafog,23,3,17,3,inf,,,Bocoa,prouacensis,Bocoa_prouacensis,TF,Generalist,2.1192,2.1853,0.8957,,1.439767779,776,79.17618993,4.841358987,-1.555885,76.52009898,0.17737932,1.087503653,2.842555448,4.10743842
454,3,57,3709,4,Bafog,13,3,12,3,middle,,,Eschweilera,coriacea,Eschweilera_coriacea,TF,Generalist,2.6521,2.7022,1.1449,,1.360206132,886,165.9438617,1.513608915,-1.4699925,241.0094069,0.124083709,0.846078822,1.620126667,2.590289199
455,3,58,3736,18,Bafog,23,4,16,3,middle,,,Poraqueiba,guianensis,Poraqueiba_guianensis,TF,TF,1.711,1.6967,0.6917,,1.452942027,883,71.78942295,3.520895709,-1.795585,0,,,,
456,3,50,3624,4,Bafog,24,2,22,3,middle,,,Eschweilera,coriacea,Eschweilera_coriacea,TF,Generalist,3.1836,3.3076,1.5179,,1.179063179,777,96.37434354,3.314684627,-1.8215525,138.9257972,0.17320539,0.942020395,1.150728756,2.265954541
457,3,59,3744,6,Bafog,23,3,19,3,inf,,,Hymenopus,heteromorphus,Hymenopus_heteromorphus,TF,Generalist,2.2876,2.3754,1.0327,,1.300183984,842,95.68958685,6.267212675,-1.6238,138.2045054,0.156846239,1.216724821,5.894969032,7.268540092
458,3,59,3751,13,Bafog,21,3,16,3,middle,,,Poraqueiba,guianensis,Poraqueiba_guianensis,TF,TF,3.291,3.4154,1.5086,,1.263953334,835,100.9434649,4.087932778,-1.6497675,142.6331706,0.156799872,0.929176105,1.365066919,2.451042895
459,3,50,3630,11,Bafog,13,3,13,3,sup,,,Eschweilera,coriacea,Eschweilera_coriacea,TF,Generalist,2.4264,2.5201,1.1405,,1.209644893,872,145.5874306,2.400749531,-1.4899675,212.3725941,0.11061432,0.776522082,1.289827294,2.176963695
460,3,59,15759,29,Bafog,27,4,25,4,sup,,,Poraqueiba,guianensis,Poraqueiba_guianensis,TF,TF,3.0628,3.1995,1.327,,1.411077619,844,128.8965366,2.387087857,-1.995335,184.4676327,0.128547144,0.657456968,2.270142101,3.056146213
461,3,51,3636,3,Bafog,14,3,12,2,inf,,,Poraqueiba,guianensis,Poraqueiba_guianensis,TF,TF,3.3141,3.4825,1.5658,,1.224102695,867,123.9484315,1.374406457,-1.7456475,180.7254384,0.128176736,0.920515466,2.096107382,3.144799584
462,3,54,43001,55,Bafog,13,2,13,2,sup,,,Conceveiba,guianensis,Conceveiba_guianensis,TF,Generalist,3.6493,3.8892,1.6262,,1.391587751,831,156.466058,6.472112491,-1.60782,221.321512,0.097782662,0.594019779,1.741937788,2.433740229
463,3,54,42991,45,Bafog,18,3,12,3,middle,,,Bocoa,prouacensis,Bocoa_prouacensis,TF,Generalist,0.9139,0.9702,0.4855,,0.998352214,764,83.21340212,5.246635168,-1.65576,83.76874879,0.192652352,0.891719095,1.403843875,2.488215322
464,3,54,43017,72,Bafog,21,3,20,3,sup,,,Jacaranda,copaia,Jacaranda_copaia subsp. copaia,TF,Generalist,0.7109,0.7429,0.2808,,1.645655271,863,26.86637268,5.73599635,,34.89974492,0.337855286,1.303790868,3.403158321,5.044804476
464,3,54,43017,72,Bafog,21,3,20,3,sup,,,Jacaranda,copaia,Jacaranda_copaia subsp. copaia,TF,Generalist,0.7109,0.7429,0.2808,,1.645655271,863,26.86637268,5.73599635,,34.89974492,0.337855286,1.303790868,3.403158321,5.044804476
464,3,54,43017,72,Bafog,21,3,20,3,sup,,,Jacaranda,copaia,Jacaranda_copaia subsp. copaia,TF,Generalist,0.7109,0.7429,0.2808,,1.645655271,863,26.86637268,5.73599635,,34.89974492,0.337855286,1.303790868,3.403158321,5.044804476
465,3,12,41503,65,Bafog,9,3,9,3,sup,pas BF,,Jacaranda,copaia,Jacaranda_copaia subsp. copaia,TF,Generalist,0.3572,0.3989,0.1338,,1.981315396,746,26.5257156,15.38961429,-1.52792,38.6094815,0.308834723,1.382901324,2.59006192,4.281797966
466,3,12,15361,24,Bafog,28,3,25,2,inf,en limite BF,,Virola,michelii,Virola_michelii,BF,Generalist,0.5848,0.611,0.284,,1.151408451,761,44.85463055,11.06102568,-1.64777,62.19380351,0.286218902,1.522955124,4.164770112,5.973944139
467,2,1,33216,40,Bafog,13,2,10,2,sup,,,Casearia,javitensis,Casearia_javitensis,TF,TF,1.8013,1.8531,0.9604,,0.929508538,822,81.39444659,2.39452527,-1.88747,78.97783474,0.196065856,0.921293699,0.995294073,2.112653628
468,2,1,33214,38,Bafog,12,2,12,2,sup,,,Conceveiba,guianensis,Conceveiba_guianensis,TF,Generalist,2.4358,2.5098,1.176,,1.134183673,824,112.6704097,2.231299054,-1.60782,159.8560168,0.153031979,0.66369764,1.577329072,2.39405869
469,2,8,10616,29,Bafog,18,3,15,3,middle,,,Bocoa,prouacensis,Bocoa_prouacensis,TF,Generalist,1.2014,1.2357,0.5678,,1.17629447,835,62.66758132,3.127806018,-1.60782,59.88175776,0.228292276,1.250520417,2.279545674,3.758358366
470,2,8,3856,4,Bafog,28,4,28,4,sup,,,Jacaranda,copaia,Jacaranda_copaia subsp. copaia,TF,Generalist,0.4125,0.4334,0.1935,,1.239793282,795,14.56476674,8.073148649,,20.9994937,0.388144759,1.513728555,4.255476373,6.157349687
470,2,8,3856,4,Bafog,28,4,28,4,sup,,,Jacaranda,copaia,Jacaranda_copaia subsp. copaia,TF,Generalist,0.4125,0.4334,0.1935,,1.239793282,795,14.56476674,8.073148649,,20.9994937,0.388144759,1.513728555,4.255476373,6.157349687
471,2,15,33461,34,Bafog,17,4,17,4,sup,,,Casearia,javitensis,Casearia_javitensis,TF,TF,1.6833,1.8245,0.9168,,0.990074171,795,129.176909,4.770520418,,130.5789147,0.167358234,0.776789146,1.026455243,1.970602623
471,2,15,33461,34,Bafog,17,4,17,4,sup,,,Casearia,javitensis,Casearia_javitensis,TF,TF,1.6833,1.8245,0.9168,,0.990074171,795,129.176909,4.770520418,,130.5789147,0.167358234,0.776789146,1.026455243,1.970602623
472,2,16,1012,17,Bafog,14,1,14,2,sup,,,Bocoa,prouacensis,Bocoa_prouacensis,TF,Generalist,0.5313,0.5571,0.2643,,1.107832009,794,58.86370284,6.634210443,-1.63179,58.91692854,0.242479118,1.181607284,2.201353106,3.625439508
473,4,16,4215,6,Bafog,12,1,11,2,middle,,,Licania,membranacea,Licania_membranacea,TF,TF,0.6559,0.7063,0.3201,,1.206497969,824,23.49337287,8.341654255,-1.723675,30.28527261,0.31040268,1.475558704,1.698853203,3.484814588
