Code,DateField,Forest,idTree,Plot,Subplot,FieldNbr,Genus,Species,Name,Habitat,Type,TreeHeight,TreeDawkins,BranchHeight,BranchDawkins,CrownPosition,Circ,DBH,CommentField,CommentLab,gmin,TLP,midribVLA,SecondaryVLA,TertiaryVLA,MajVLA,N,C,P,Ca,Na,K,LSWC,SD,FvFm
245,2021-03-01T00:00:00Z,Bafog,4451,3,1,22,Jacaranda,copaia subsp. copaia,Jacaranda_copaia subsp. copaia,TF,Generalists,26,5,24,4,Sup,90,28.66242038,NA,NA,6.82148290618334,NA,0.541372065,2.2178819169999997,4.4052774275,7.164531409,2.44,53.45,0.660349127182045,3.851154399715,1.29103366583541,2.69167096544353,0.6064437194127243,291.6666667,0.822
246,2021-03-01T00:00:00Z,Bafog,15283,3,1,32,Eschweilera,coriacea,Eschweilera_coriacea,TF,Generalists,13,3,14,4,Mid,80,25.47770701,NA,NA,2.00587732315374,-1.00058,0.24921518450000002,1.4259513190000002,2.922331218,4.597497722,2.14,51.69,0.747378931602596,1.80257841808715,0.137504992511233,6.5757864631624,0.5425879890095512,519.2307692,0.812
247,2021-03-01T00:00:00Z,Bafog,41396,3,9,63,Vouacapoua,americana,Vouacapoua_americana,TF,TF,12,2,10,3,Inf,37.5,11.94267516,NA,NA,3.32482476952797,-1.3860975,0.3855566255,1.715535596,4.954071841,7.055164062499999,2.34,52.56,0.752252252252252,2.19247476047476,0.656417667667668,3.02692706992707,0.4684482758620689,NA,0.828
248,2021-03-01T00:00:00Z,Bafog,41678,3,17,70,Casearia,javitensis,Casearia_javitensis,TF,TF,16,2,14,2,Mid,52.5,16.71974522,NA,NA,7.39566726670628,-0.9186825000000001,0.29298082950000004,1.249137765,3.6590491405,5.201167735,2.09,50.98,0.686470294558163,3.99229384494686,2.87345107338992,8.69760373725127,0.6615669911914696,272.4358974,0.765
249,2021-03-01T00:00:00Z,Bafog,41670,3,17,62,Conceveiba,guianensis,Conceveiba_guianensis,TF,Generalists,7,3,6,3,Mid,46,14.64968153,etete,NA,3.50385829330968,-1.6457725,0.085231494,0.5048014725000001,1.3604050184999998,1.9504379855,2.45,46.41,0.967467467467467,8.11239468039468,0.244756006006006,7.78843858143858,0.6317845213057387,166.6666667,0.816
250,2021-03-01T00:00:00Z,Bafog,41655,3,17,47,Gustavia,hexapetala,Gustavia_hexapetala,TF,TF,13,2,11,2,Mid,39,12.42038217,NA,NA,1.77418044686614,-1.7696175,0.2167907835,1.051455786,1.2782851924999998,2.5465317625,2.07,48.86,0.600300150075038,14.0413029371829,0.550536518259129,9.15022525548489,0.6627606038820991,285.2564103,0.783
251,2021-03-01T00:00:00Z,Bafog,41659,3,17,51,Virola,michelii,Virola_michelii,TF,Generalists,24,4,18,3,Mid,45,14.33121019,NA,NA,8.7278724959291,-1.6837250000000001,0.28549687300000004,1.9033386449999998,4.081385202,6.270220720499999,2.16,53.9,0.6825,3.16178228571429,1.07826125,3.37965014285714,0.6047765793528506,NA,0.736
252,2021-03-01T00:00:00Z,Bafog,15399,3,18,29,Iryanthera,sagotiana,Iryanthera_sagotiana,TF,TF,20,2,16,2,Inf,75.5,24.04458599,NA,NA,1.37174233460064,-1.6138125,0.3891098315,2.059866168,4.772717709,7.2216937085,1.65,50.64,0.496053946053946,7.36192036534894,1.76199925074925,3.59155858427287,0.6183152743795876,160.2564103,0.809
253,2021-03-01T00:00:00Z,Bafog,41699,3,18,55,Licania,membranacea,Licania_membranacea,TF,TF,23,2,19,2,Mid,55.5,17.67515924,NA,NA,3.97664297569973,-1.8934625000000003,0.1731431055,0.7957003145,7.558896083,8.5277395035,1.61,50.04,0.408541458541459,11.0482340516626,1.05270854145854,11.4641859569002,0.6283772981614708,NA,0.816
254,2021-03-01T00:00:00Z,Bafog,4543,3,18,16,Conceveiba,guianensis,Conceveiba_guianensis,TF,Generalists,16,3,16,3,Sup,78,24.84076433,NA,NA,2.56430042380834,-1.8734875,0.211046606,0.9032468555,2.293253139,3.4075466,1.61,48.26,0.774937343358396,12.8814860007161,0.199309523809524,6.80766931614751,0.583170963795369,445.5128205,0.777
255,2021-03-01T00:00:00Z,Bafog,15406,3,18,40,Protium,stevensonii,Protium_stevensonii,TF,Generalists,18,3,16,2,Mid,64,20.38216561,NA,NA,7.28969882884715,NA,0.297415126,1.2349618855,2.8709280584999997,4.4033050705,1.47,45.59,0.541,3.23878228571429,0.64126125,7.31565014285714,0.4881598957201825,506.4102564,0.835
256,2021-03-01T00:00:00Z,Bafog,41416,3,10,53,Chrysophyllum,prieurii,Chrysophyllum_prieurii,TF,Generalists,20,2,18,2,Inf,52,16.56050955,NA,NA,19.1456277344266,-2.1151850000000003,0.2371077125,1.3039673980000002,2.9683736825000002,4.509448793000001,1.49,53.7,0.477705410821643,5.82092413398225,1.94164453907816,2.88491998282279,0.5684050223769269,NA,0.775
257,2021-03-01T00:00:00Z,Bafog,41420,3,10,57,Protium,stevensonii,Protium_stevensonii,TF,Generalists,16,2,13,2,Sup,46,14.64968153,NA,NA,3.15704343748399,-2.1571325000000003,0.2993025575,1.4652503715,1.8873531655,3.6519060945,1.62,47.16,0.749624436654982,2.50178496315902,1.00627065598398,11.2375064024608,0.5709530267537912,705.1282051,0.83
258,2021-03-01T00:00:00Z,Bafog,15353,3,10,36,Eschweilera,coriacea,Eschweilera_coriacea,TF,Generalists,21,3,18,3,Mid,81.5,25.95541401,NA,NA,1.93036992455016,-1.6457725,0.184025326,1.0721699535,1.766877368,3.023072648,2.05,50.9,0.734530938123752,2.8535751354434,0.0922766966067864,5.21521970345024,0.5833655278988906,519.2307692,0.789
259,2021-03-01T00:00:00Z,Bafog,41201,3,3,44,Dicorynia,guianensis,Dicorynia_guianensis,TF,TF,18,2,16,3,Mid,56,17.8343949,NA,NA,4.42329128711216,-1.4959600000000002,0.188775123,1.364157804,2.8294554974999997,4.3823884245,2.64,53.02,0.734632683658171,2.39508474334262,0.467127686156922,5.47291368601414,0.6301061434544869,269.2307692,0.788
260,2021-03-01T00:00:00Z,Bafog,3145,3,12,8,Iryanthera,sagotiana,Iryanthera_sagotiana,TF,TF,16,3,16,3,Sup,68.5,21.81528662,NA,NA,3.15238356430912,-1.6018275000000002,0.275883683,1.6498547970000002,4.3480077935,6.2737462735000005,1.67,51.11,0.63854218671992,5.34626289137722,0.998263854218672,8.17838256900364,0.6033548387096774,157.0512821,0.819
262,2021-03-01T00:00:00Z,Bafog,15306,3,4,27,Eschweilera,coriacea,Eschweilera_coriacea,TF,Generalists,18,3,14,2,Inf,89.5,28.50318471,NA,NA,1.26017803727255,-1.6977075000000001,0.226216352,1.1209370735,2.4201951745,3.7673485995,2.31,51.15,0.909864797195794,3.62822462264826,0.152389834752128,7.31161756921096,0.6154715762273902,663.4615385,0.824
263,2021-03-01T00:00:00Z,Bafog,4472,3,4,5,Poraqueiba,guianensis,Poraqueiba_guianensis,TF,TF,19,2,15,3,Mid,68,21.65605096,NA,NA,2.75774180978238,-1.8095675000000002,0.19901293949999999,0.8294067325,4.598354091,5.6267737625,1.13,52.39,0.505252626313157,5.90223340241549,0.2815020010005,3.52191109840635,0.5827451378662469,253.2051282,0.823
264,2021-03-01T00:00:00Z,Bafog,5136,3,5,24,Eschweilera,coriacea,Eschweilera_coriacea,BF,Generalists,23,3,18,3,Inf,77,24.52229299,NA,NA,1.77921043678096,-1.6657475,0.190137565,1.1708147814999998,2.1153140465,3.476266393,2.08,51.17,0.883,3.31328228571429,0.09591125,6.79065014285714,0.5788914091295719,294.8717949,0.74
265,2021-03-01T00:00:00Z,Bafog,41257,3,5,35,Iryanthera,hostmannii,Iryanthera_hostmannii,BF,BF,12,3,11,3,Mid,35.5,11.30573248,NA,NA,3.59497911750953,NA,0.45178274549999997,2.0826007989999997,4.421896111,6.9562796554999995,1.76,50.91,0.686783042394015,7.00177784111151,0.116071072319202,6.04553630210189,0.6183227234984778,233.8435374,0.745
266,2021-03-01T00:00:00Z,Bafog,41269,3,5,49,Virola,michelii,Virola_michelii,BF,Generalists,18,2,16,2,Mid,44,14.01273885,NA,NA,3.92231541132378,-1.6577575,0.30260872949999995,2.019947432,2.8272406290000003,5.14979679,2.35,55.2,0.662825651302605,8.47623475522474,1.68438001002004,4.04924864013742,0.6731051858072643,259.6153846,0.805
267,2021-03-01T00:00:00Z,Bafog,41499,3,12,61,Iryanthera,hostmannii,Iryanthera_hostmannii,BF,BF,11,2,11,2,Sup,35.5,11.30573248,NA,NA,1.44860251585068,-1.4420275,0.3257858395,1.5032599960000002,2.0525322555,3.881578091,1.99,51.82,0.768884442221111,5.5470558136211,0.086004252126063,9.13021525048238,0.6444136016655101,153.8461538,0.813
268,2021-03-02T00:00:00Z,Bafog,15511,3,33,22,Tachigali,melinonii,Tachigali_melinonii,TF,Generalists,24,2,18,2,Inf,63.5,20.22292994,NA,NA,4.26183648855316,-1.1963350000000001,0.45415711599999997,1.7505646745,5.373589903,7.5783116935,3.11,52.98,0.6345,3.46478228571429,0.35661125,4.06690014285714,0.5668416177832665,NA,0.83
269,2021-03-02T00:00:00Z,Bafog,42545,3,41,36,Dicorynia,guianensis,Dicorynia_guianensis,TF,TF,16,2,15,2,Sup,39,12.42038217,NA,NA,11.8910840729835,-1.2862225,0.34138939749999997,2.1764894569999997,4.725242658,7.2431215125,2.35,53.05,0.727318295739348,2.26293963480129,1.39976065162907,3.49588986752596,0.6121467932934693,NA,0.826
270,2021-03-02T00:00:00Z,Bafog,15517,3,33,31,Eschweilera,coriacea,Eschweilera_coriacea,TF,Generalists,18,2,16,2,Mid,56.5,17.99363057,NA,NA,3.18032396348177,-1.6178075,0.233618846,1.373993389,3.6540118395,5.261624074,1.72,51.89,0.6175,2.33328228571429,0.20531125,5.57065014285714,0.6001161327784768,NA,0.78
271,2021-03-02T00:00:00Z,Bafog,3316,3,25,14,Dicorynia,guianensis,Dicorynia_guianensis,TF,TF,30,5,26,4,Mid,204.203522,65.03296879,NA,NA,11.0373971093199,-1.2482700000000002,0.2140559205,1.5200052135,3.2915247819999998,5.025585915500001,2.72,53.26,0.850074962518741,2.01577439851503,0.343289605197401,5.61284372099664,0.5432412161772342,391.4141414,0.842
272,2021-03-02T00:00:00Z,Bafog,3320,3,26,1,Poraqueiba,guianensis,Poraqueiba_guianensis,TF,TF,21,3,20,3,Sup,97,30.89171975,NA,NA,5.04614152971871,-1.9833500000000002,0.2684029885,1.1051077624999999,6.6773941315,8.0509048825,0.98,52.8,0.393334997503744,6.68425590186149,1.51773464802796,2.05606604379146,0.60523509452254,371.7948718,0.837
274,2021-03-02T00:00:00Z,Bafog,3433,3,34,8,Eschweilera,coriacea,Eschweilera_coriacea,TF,Generalists,23,3,20,3,Mid,113.5,36.14649682,NA,NA,1.54677310548002,-1.6417775,0.2130432715,1.1300601705,3.0010667570000003,4.344170199000001,1.87,51.28,0.695304695304695,1.66361866704724,0.0721391108891109,8.27737277008706,0.5496009122006841,NA,0.823
275,2021-03-02T00:00:00Z,Bafog,3431,3,34,5,Poraqueiba,guianensis,Poraqueiba_guianensis,TF,TF,20,2,20,2,Sup,83,26.43312102,NA,NA,4.62658248389727,-1.8974575,0.237815471,1.052035238,4.480137377,5.769988086,1.42,52.86,0.507253626813407,4.86271364253555,0.401912206103052,2.85632830701065,0.6026429710640236,192.3076923,0.827
276,2021-03-02T00:00:00Z,Bafog,15469,3,26,42,Conceveiba,guianensis,Conceveiba_guianensis,TF,Generalists,20,2,16,3,Mid,62,19.74522293,NA,NA,5.50447692124115,-1.4679950000000002,0.1368463955,0.634064549,1.276302568,2.0472135125,2.08,50.62,0.863,6.34428228571429,0.14886125,7.70565014285714,0.5564838431104774,330.1282051,0.822
277,2021-03-02T00:00:00Z,Bafog,3436,3,34,12,Protium,stevensonii,Protium_stevensonii,TF,Generalists,22,3,18,3,Mid,92,29.29936306,NA,NA,4.30408708438316,-2.1890925,0.267212254,1.3650073415,2.301591741,3.9338113365,1.73,46.7,0.896793587174349,2.74527283137704,1.28032189378758,5.87239493272259,0.5377273545831083,829.0816327,0.791
278,2021-03-02T00:00:00Z,Bafog,3443,3,34,22,Hymenopus,heteromorphus,Hymenopus_heteromorphus,TF,Generalists,26,3,22,2,Inf,116,36.94267516,NA,NA,3.7366058408979,-1.6297925000000002,0.2598510415,1.8371927425,5.023334119,7.120377903,1.61,53.33,0.637456184276415,2.39737835324415,1.0503367551327,4.6388584305029,0.5227760822877812,250,0.832
279,2021-03-02T00:00:00Z,Bafog,15420,3,34,27,Tachigali,melinonii,Tachigali_melinonii,TF,Generalists,33,5,28,3,Inf,94.2477796,30.01521643,NA,NA,4.18739035399799,-1.8015775000000003,0.566614877,1.982704172,6.0316899159999995,8.5810089645,3.31,52.64,0.69810379241517,2.30267693185058,0.204152944111776,7.76511990305104,0.5195233265720081,333.3333333,0.822
280,2021-03-02T00:00:00Z,Bafog,3445,3,35,1,Hymenopus,heteromorphus,Hymenopus_heteromorphus,TF,Generalists,22,2,20,2,Mid,74,23.56687898,NA,NA,2.2735887021588,-1.3541375000000002,0.165243184,1.2682918349999999,8.325373990500001,9.7589090085,1.47,52.01,0.870564717641179,1.3895874919683,1.78137056471764,8.22653687441993,0.5960733303524247,NA,0.829
281,2021-03-02T00:00:00Z,Bafog,3438,3,34,15,Poraqueiba,guianensis,Poraqueiba_guianensis,TF,TF,20,3,16,3,Mid,93.5,29.77707006,NA,NA,6.72,-1.995335,0.2908222225,1.1366635035,7.160088893,8.5875746185,1.27,52.69,0.521260630315158,2.60358407775316,0.732127313656829,4.48589308940184,0.6228055693137416,242.3469388,0.825
282,2021-03-02T00:00:00Z,Bafog,3519,3,41,2,Protium,stevensonii,Protium_stevensonii,TF,Generalists,20,3,18,2,Mid,80.5,25.63694268,NA,NA,7.03862240765287,-2.4727375,0.342828886,1.6091283189999999,2.77737105,4.7293282545,2.64,50.45,0.881795511221945,9.96935888849305,3.40175685785536,14.3248380477378,0.6277227722772277,NA,0.759
283,2021-03-02T00:00:00Z,Bafog,42555,3,41,46,Dicorynia,guianensis,Dicorynia_guianensis,TF,TF,18,2,16,2,Sup,39,12.42038217,NA,NA,6.07801735083645,-1.5239250000000002,0.1573284865,1.2341065725,2.943522695,4.3349577544999995,2.92,52.15,0.8825,2.09978228571429,0.66226125,6.56065014285714,0.6484475237362073,NA,0.84
284,2021-03-02T00:00:00Z,Bafog,42558,3,41,41,Dicorynia,guianensis,Dicorynia_guianensis,TF,TF,18,2,15,2,Mid,49,15.60509554,NA,NA,5.39624590677079,-1.45601,0.172100222,1.1496278615,2.9481311045,4.2698591875,2.69,52.51,0.832583708145927,2.32262097522667,0.533994252873563,5.83773127721853,0.6106735109301709,127.5510204,0.826
285,2021-03-02T00:00:00Z,Bafog,5145,3,41,16,Poraqueiba,guianensis,Poraqueiba_guianensis,TF,TF,18,2,15,2,Inf,77.5,24.68152866,NA,NA,4.35560761149733,-1.8595050000000002,0.2219364525,1.013799988,4.910878793,6.1466152335,1.23,48.88,0.513216957605985,4.11000726754542,0.930435162094763,3.17421460634129,0.5778120978120977,374.1496599,0.816
286,2021-03-02T00:00:00Z,Bafog,15563,3,41,29,Hymenopus,heteromorphus,Hymenopus_heteromorphus,TF,Generalists,18,3,15,3,Mid,65.5,20.85987261,NA,NA,2.43772162489236,-1.6757350000000002,0.1809581545,1.3691834305000001,5.489529448,7.039671033,1.5,54.42,0.741111667501252,1.52757364618356,1.30371682523786,6.54046083410831,0.5592056421677802,NA,0.806
287,2021-03-02T00:00:00Z,Bafog,15646,3,49,20,Eschweilera,coriacea,Eschweilera_coriacea,TF,Generalists,20,3,9,2,Inf,95,30.25477707,NA,NA,3.4991996543064,-1.4460225000000002,0.1581138125,0.8484339795,1.377704136,2.3842519275000003,1.95,50.82,0.732267732267732,2.33095133437991,0.143467782217782,6.1245256172399,0.598724879396863,416.6666667,0.813
288,2021-03-02T00:00:00Z,Bafog,15656,3,49,35,Hymenopus,heteromorphus,Hymenopus_heteromorphus,TF,Generalists,18,2,16,2,Mid,58,18.47133758,NA,NA,2.84072190712569,-1.5738625000000002,0.214127649,1.4984268785000001,7.8332308305,9.545785356500001,1.57,50.86,1.12,1.26878228571429,1.89776125,10.6606501428571,0.5734567901234567,NA,0.831
289,2021-03-02T00:00:00Z,Bafog,15562,3,41,27,Licania,membranacea,Licania_membranacea,TF,TF,24,5,22,4,Mid,76.5,24.36305732,NA,NA,26.6912671905737,-2.24702,0.2355688155,1.7270448250000001,5.310461706,7.273075346,1.58,41.84,0.583291645822911,1.77016736939899,0.491006753376688,6.89409719145287,0.5181690679586892,NA,0.809
290,2021-03-02T00:00:00Z,Bafog,15560,3,41,24,Hymenopus,heteromorphus,Hymenopus_heteromorphus,TF,Generalists,17,4,14,3,Mid,69,21.97452229,NA,NA,2.48331469355994,-1.6817275,0.1850534325,1.45623821,6.736295557,8.3775871995,1.47,54.51,0.591908091908092,2.25203025545883,1.37888236763237,5.64500513771943,0.622787797067251,NA,0.822
291,2021-03-03T00:00:00Z,Bafog,15763,3,60,21,Eschweilera,coriacea,Eschweilera_coriacea,BF,Generalists,17,3,16,3,Mid,71,22.61146497,NA,NA,2.54350217754132,-1.5958350000000001,0.16841639349999998,1.0171263815,3.2750164515,4.460559226,2.12,51.58,0.916583416583417,2.97730498073355,0.102358891108891,6.74390623662052,0.5826793045158174,625,0.819
292,2021-03-03T00:00:00Z,Bafog,15761,3,60,14,Iryanthera,hostmannii,Iryanthera_hostmannii,BF,BF,15,2,11,3,Mid,52,16.56050955,NA,NA,1.77589679169265,-1.388095,0.269516716,1.4427578085000001,3.2872452055,4.99951973,1.73,48.74,0.654690618762475,7.39948331907613,0.161687874251497,4.63188637011691,0.5870122856757122,NA,0.812
293,2021-03-03T00:00:00Z,Bafog,15768,3,60,30,Iryanthera,hostmannii,Iryanthera_hostmannii,BF,BF,18,3,15,3,Mid,53.5,17.03821656,fruit,NA,1.61562850344678,-1.4120650000000001,0.280643816,1.389348316,1.336538861,3.006530993,1.8,56.96,0.700948577134299,15.5010307396049,0.126671243135297,4.73879195492476,0.64396161023727,NA,0.832
294,2021-03-03T00:00:00Z,Bafog,3759,3,60,11,Eschweilera,coriacea,Eschweilera_coriacea,BF,Generalists,24,3,22,2,Mid,109.955743,35.01775255,NA,NA,2.72683522288805,-1.6457725,0.2356575695,1.2948683325,3.185386619,4.7159125215,1.74,51.53,0.807096451774113,1.3096274719783,0.0818703148425787,8.42643692439495,0.590671531407159,599.4897959,0.829
295,2021-03-03T00:00:00Z,Bafog,43207,3,60,36,Carapa,surinamensis,Carapa_surinamensis,BF,BF,20,4,18,3,Sup,42.5,13.53503185,NA,NA,3.78020214258238,-1.6198050000000002,0.1525577775,0.994378679,2.3382010085,3.485137465,1.59,51.9,0.695695695695696,10.9702525382525,0.415276526526527,3.49189203489203,0.6317052592106497,NA,0.824
296,2021-03-03T00:00:00Z,Bafog,15775,3,61,23,Hymenopus,heteromorphus,Hymenopus_heteromorphus,BF,Generalists,23,3,17,2,Inf,58.5,18.63057325,NA,NA,3.2044985630609,-1.63179,0.157347769,1.333178394,5.941544969000001,7.432071131500001,1.57,51.51,0.785177766649975,1.68781400672437,1.59064722083125,9.11432162529509,0.6401477726706474,NA,0.824
297,2021-03-03T00:00:00Z,Bafog,15765,3,60,26,Conceveiba,guianensis,Conceveiba_guianensis,BF,Generalists,20,2,19,2,Sup,78.5,25,NA,NA,7.14886041165947,-1.6837250000000001,0.36167763750000004,1.6066941445,2.6495268884999996,4.617898671,1.94,49.27,0.977057356608479,11.1863164944781,0.13023566084788,5.28244403277521,0.6042696185016802,391.1564626,0.793
298,2021-03-03T00:00:00Z,Bafog,15776,3,61,24,Jacaranda,copaia subsp. copaia,Jacaranda_copaia subsp. copaia,BF,Generalists,24,2,24,3,Sup,67,21.33757962,NA,NA,6.42109661427096,-1.4779825,0.302610008,1.0986163405,2.3293550119999997,3.73058136,1.97,53.42,0.531702446330504,8.83602824334926,1.66226784822766,2.35411896441053,0.602132262051916,318.877551,0.841
299,2021-03-03T00:00:00Z,Bafog,3659,3,53,9,Tachigali,melinonii,Tachigali_melinonii,BF,Generalists,27,4,20,3,Inf,141.371669,45.02282452,NA,NA,3.86696124754104,-2.0772325,0.4970647285,2.074654988,5.789248146,8.360967862999999,3.57,53.18,0.825262106839741,2.91940318094287,0.467609835247129,7.03010498537907,0.5912679981421273,386.9047619,0.797
300,2021-03-03T00:00:00Z,Bafog,3762,3,61,2,Eschweilera,coriacea,Eschweilera_coriacea,BF,Generalists,25,2,20,2,Inf,117,37.2611465,NA,NA,3.88946710113164,-1.5578825,0.2155184625,1.2939687025,3.8974106155,5.4068977799999995,1.82,51.15,0.706293706293706,3.33994234337092,0.0859253246753247,6.9237264164407,0.577858439201452,459.1836735,0.783
301,2021-03-03T00:00:00Z,Bafog,5107,3,52,15,Eschweilera,coriacea,Eschweilera_coriacea,BF,Generalists,18,3,14,2,Inf,77.5,24.68152866,NA,NA,1.16028011109126,-1.5458975000000001,0.214158615,1.1718062455,3.35851246,4.7444773205,1.56,50.66,0.562062062062062,3.32360589160589,0.387348598598599,6.31696710996711,0.5980359083923685,471.9387755,0.827
302,2021-03-03T00:00:00Z,Bafog,42935,3,52,80,Conceveiba,guianensis,Conceveiba_guianensis,BF,Generalists,15,2,15,2,Sup,41.5,13.21656051,NA,NA,5.24051858453925,-1.7955850000000002,0.18646363900000001,0.875589396,2.473665584,3.535718619,1.66,43.88,0.91958041958042,13.7455367489653,0.280330919080919,3.59130883402312,0.5851532308798418,238.0952381,0.799
303,2021-03-03T00:00:00Z,Bafog,4667,3,44,3,Hymenopus,heteromorphus,Hymenopus_heteromorphus,BF,Generalists,18,2,18,2,Sup,68,21.65605096,NA,NA,NA,-1.7296675000000001,0.46112662400000004,4.5474889555,2.589824561,7.598440141499999,1.87,54.86,1.05885286783042,1.76437135732098,0.830684538653367,8.61411485571785,0.627406370318516,NA,0.78
304,2021-03-03T00:00:00Z,Bafog,42653,3,44,57,Symphonia,globulifera,Symphonia_globulifera,BF,BF,15,3,15,3,Sup,53.5,17.03821656,NA,NA,4.37310507281877,-1.5518900000000002,0.1807848185,1.544433246,4.814880471,6.540098536,1.66,48.87,0.472727272727273,10.5787035821322,1.84941183816184,5.34530483801912,0.6896191966614502,114.7959184,0.821
305,2021-03-03T00:00:00Z,Bafog,15582,3,44,17,Eschweilera,coriacea,Eschweilera_coriacea,BF,Generalists,14,2,12,2,Inf,59,18.78980892,NA,NA,2.36205341256287,-1.420055,0.274573391,1.34045122,3.6066296295,5.2216542404999995,1.98,51.5,0.786533665835412,2.33843619522622,0.165497506234414,5.41211984324902,0.615644463211232,425.170068,0.816
306,2021-03-03T00:00:00Z,Bafog,15586,3,44,24,Virola,michelii,Virola_michelii,BF,Generalists,26,4,23,4,Sup,90,28.66242038,NA,NA,12.5788693738763,-1.69571,NA,NA,NA,NA,1.63,55.57,0.610084872690964,5.12659239711861,1.08912755866201,3.98342500534912,0.5935310776568788,NA,0.816
307,2021-03-03T00:00:00Z,Bafog,42419,3,37,50,Virola,michelii,Virola_michelii,BF,Generalists,14,3,12,2,Inf,45.5,14.49044586,NA,NA,2.72662758742777,-1.539905,0.5251762504999999,2.3863164980000002,4.0656179565,6.977110704999999,1.91,52.81,0.609022556390977,10.0594308628715,0.988733082706767,4.7841104189044,0.6271186440677966,NA,0.819
308,2021-03-03T00:00:00Z,Bafog,42426,3,37,57,Iryanthera,hostmannii,Iryanthera_hostmannii,BF,BF,11,2,9,2,Inf,48,15.2866242,NA,NA,2.34192418144853,-1.3681200000000002,0.2603117935,1.2814359075000001,3.2370762235,4.7788239245,1.81,51.66,0.669825436408978,9.42571799073744,0.096071072319202,10.3048879230495,0.5981554677206851,153.0612245,0.819
309,2021-03-03T00:00:00Z,Bafog,4636,3,37,13,Eschweilera,coriacea,Eschweilera_coriacea,BF,Generalists,26,4,24,4,Mid,125.663706,40.02028854,NA,NA,1.94618679572273,-1.3781075,0.2031534495,1.1907602819999998,1.930740733,3.324654464,1.68,51.49,0.635771543086172,8.53134497566562,0.223257765531062,4.90395805897509,0.5625214310206881,590.9863946,0.834
310,2021-03-03T00:00:00Z,Bafog,4632,3,37,3,Eschweilera,coriacea,Eschweilera_coriacea,BF,Generalists,20,3,18,2,Inf,119,37.89808917,NA,NA,1.52879532293605,-1.5059475,0.187217376,1.082834405,1.8971757409999999,3.1672275215,1.83,50.85,0.699549323985979,4.12897574933829,0.131007761642464,7.51692553115387,0.5625890172495649,NA,0.752
311,2021-03-03T00:00:00Z,Bafog,3475,3,37,17,Laetia,procera,Laetia_procera,BF,BF,28,5,26,5,Sup,108,34.39490446,NA,NA,7.61090022317767,-2.1032,0.2470780065,1.3924694895,8.042031075,9.68157857,1.36,44.93,0.626065162907268,7.62334063730756,2.34838220551378,2.96105277479413,0.6110036173971567,680.2721088,0.782
312,2021-03-03T00:00:00Z,Bafog,15532,3,36,27,Hymenopus,heteromorphus,Hymenopus_heteromorphus,BF,Generalists,16,3,12,2,Inf,63.5,20.22292994,NA,NA,6.54673988826091,-1.6677450000000003,0.174854727,1.3956157939999998,6.689208993499999,8.259679513999998,1.82,57.62,0.736131934032984,1.35910273434711,1.57147551224388,6.71729149710859,0.5698129121300414,255.1020408,0.8
313,2021-03-04T00:00:00Z,Bafog,4556,3,21,1,Hymenopus,heteromorphus,Hymenopus_heteromorphus,BF,Generalists,15,2,13,2,Inf,75,23.88535032,TMS BF1,NA,3.55601196364084,-1.5419025,0.1805154915,1.134068195,6.3843772014999995,7.6989608885,1.63,52.38,0.626065162907268,1.57121031149302,1.52758020050125,5.07834600787683,0.6135067972518636,187.0748299,0.838
314,2021-03-04T00:00:00Z,Bafog,5095,3,45,10,Eschweilera,coriacea,Eschweilera_coriacea,BF,Generalists,17,3,15,2,Mid,65.5,20.85987261,moche,NA,3.76100257249826,-1.5458975000000001,0.175292523,1.1062349955,1.7377666885,3.019294206,1.63,49.45,0.618,10.4192822857143,0.28526125,5.66565014285714,0.5627093412727949,403.9115646,0.751
315,2021-03-04T00:00:00Z,Bafog,3466,3,36,17,Eschweilera,coriacea,Eschweilera_coriacea,BF,Generalists,18,3,14,3,Inf,108.5,34.55414013,D1 rare 78,NA,2.29255916655248,-1.4400300000000001,0.1484134805,1.042407699,1.59160086,2.78242204,1.93,50.45,0.854927463731866,4.1638642178232,0.166744622311156,7.86958493532481,0.5439454831382142,539.9659864,0.815
316,2021-03-04T00:00:00Z,Bafog,41772,3,20,49,Virola,michelii,Virola_michelii,BF,Generalists,11,3,10,3,Mid,38,12.10191083,NA,NA,5.85039032020758,-1.34415,NA,NA,NA,NA,1.8,48.81,0.5545,5.15428228571429,0.79426125,4.53390014285714,0.6252767156369491,365.6462585,0.82
317,2021-03-04T00:00:00Z,Bafog,41790,3,21,78,Chrysophyllum,prieurii,Chrysophyllum_prieurii,BF,Generalists,12,1,10,1,Sup,57,18.15286624,NA,NA,11.43,-1.8135625000000002,0.1306735455,0.725253484,2.395343909,3.2512709385,1.29,55.53,0.463881940970485,7.69312885013936,0.835679089544772,2.13771900235832,0.6191917639827904,NA,0.831
318,2021-03-04T00:00:00Z,Bafog,3258,3,21,3,Laetia,procera,Laetia_procera,BF,BF,28,4,28,4,Sup,113,35.98726115,NA,NA,2.46900943967539,-2.0173075000000003,0.3181290235,2.052493621,6.698396872,9.0690195165,2.38,52.11,1.036,6.62928228571429,1.55951125,5.16565014285714,0.5879834160266432,671.7687075,0.805
319,2021-03-04T00:00:00Z,Bafog,15386,3,15,32,Licania,membranacea,Licania_membranacea,TF,TF,18,2,16,2,Mid,82.5,26.27388535,NA,NA,6.42674149339588,-2.0252975,0.2602401795,0.926332421,6.3066210745,7.4931936750000006,1.5,50.28,0.406134663341646,6.51798731742073,1.51746758104738,6.4395512646954,0.5615557217651459,NA,0.908
320,2021-03-04T00:00:00Z,Bafog,4518,3,14,2,Jacaranda,copaia subsp. copaia,Jacaranda_copaia subsp. copaia,TF,Generalists,24,3,20,3,Inf,83,26.43312102,NA,NA,3.11865789195927,-1.4659975,0.3444035905,1.4839555245,2.9910776375,4.8194367525,2.76,52.13,0.678839419709855,2.37396927034946,2.2799012006003,2.63296662617023,0.6278047652093454,293.3673469,0.892
321,2021-03-04T00:00:00Z,Bafog,41539,3,14,35,Tachigali,melinonii,Tachigali_melinonii,TF,Generalists,30,5,25,3,Inf,48,15.2866242,NA,NA,3.88305034930017,-1.9613775000000002,0.4654154865,2.011051955,5.7256494075,8.202116849,3.03,53.02,0.684526790185278,2.67078846841691,0.514032298447672,5.91452192574576,0.5178714859437752,442.1768707,0.774
322,2021-03-04T00:00:00Z,Bafog,3060,3,6,8,Tachigali,melinonii,Tachigali_melinonii,TF,Generalists,30,5,28,5,Sup,94.2477796,30.01521643,NA,NA,3.03593566687165,-1.6937125000000002,0.571709288,2.0659695559999998,5.581995646,8.21967449,2.95,52.01,0.677661169415292,2.16070193474691,0.32529860069965,6.05762133219105,0.5094183398882219,420.9183673,0.834
323,2021-03-04T00:00:00Z,Bafog,NA,3,14,NA,Tachigali,melinonii,Tachigali_melinonii,TF,Generalists,29,5,22,4,Mid,NA,NA,1 tacmel supplémentaire non renseigne,NA,4.81684261375333,-1.7436500000000001,0.676043121,2.461654171,6.138659831,9.276357123,3.07,52.57,0.656312625250501,3.70819868308045,0.312887024048096,4.29699413111938,0.5361726954492415,386.9047619,0.836
324,2021-03-04T00:00:00Z,Bafog,15309,3,6,17,Chrysophyllum,prieurii,Chrysophyllum_prieurii,TF,Generalists,17,2,14,2,Mid,78.5398163,25.01268035,NA,NA,1.54496265611886,-2.1091925000000002,0.2065685125,1.2315920255,2.2594260005,3.6975865385,1.1,52.58,0.375937031484258,5.88134161490683,1.76687781109445,1.85072478046691,0.5865032309639598,102.0408163,0.826
325,2021-03-04T00:00:00Z,Bafog,15322,3,8,27,Protium,stevensonii,Protium_stevensonii,TF,Generalists,15,2,14,2,Mid,64,20.38216561,NA,NA,17.6048447063306,-2.2150600000000003,0.40007319799999996,1.698416564,2.569749845,4.6682396075,1.06,43.88,0.38961038961039,3.43834394177251,1.68532592407592,2.63976038247467,0.4698808117684956,386.9047619,0.84
326,2021-03-04T00:00:00Z,Bafog,3096,3,8,15,Protium,stevensonii,Protium_stevensonii,TF,Generalists,26,3,20,2,Mid,128,40.76433121,NA,NA,6.65434193982456,-2.46275,0.323038335,1.4872439339999999,1.5649364234999998,3.375218693,1.24,43.99,0.562781390695348,5.85220838990924,0.532027263631816,4.32456242406918,0.4433808921798808,535.7142857,0.837
327,2021-03-04T00:00:00Z,Bafog,15326,3,8,31,Virola,michelii,Virola_michelii,TF,Generalists,22,2,20,2,Sup,62,19.74522293,NA,NA,4.37983885038021,-2.0173075000000003,0.2489249,1.553332573,4.3652487515,6.1675062245,2.49,53.34,0.668331668331669,7.25702526045383,1.83942182817183,5.5251250178393,0.6590225563909774,178.5714286,0.811
328,2021-03-04T00:00:00Z,Bafog,41941,3,24,68,Gustavia,hexapetala,Gustavia_hexapetala,TF,TF,13,3,12,2,Sup,34,10.82802548,NA,NA,3.23932639406949,-2.019305,0.24115350600000002,1.211249766,1.224017884,2.6764211565,1.88,48.39,0.571928071928072,19.8644178678464,0.260250999000999,5.96468545739974,0.6228552663984894,233.8435374,0.803
329,2021-03-05T00:00:00Z,Bafog,26512,5,58,2,Virola,surinamensis,Virola_surinamensis,BF,BF,16,3,13,2,Mid,125.7,40.03184713,NA,NA,5.42286612973425,-1.388095,0.2879658805,1.8478007005000001,5.6110447505,7.746811331,1.59,50.57,0.69311377245509,10.7976869118905,0.151358532934132,8.21921171941831,0.6303657093016012,310.3741497,0.796
330,2021-03-05T00:00:00Z,Bafog,265510,5,57,57,Chrysophyllum,prieurii,Chrysophyllum_prieurii,BF,Generalists,15,2,12,2,Inf,45,14.33121019,NA,NA,6.47984138672038,-1.9214275,0.2903330785,2.2221894979999997,4.363053562999999,6.87557614,1.17,52.25,0.426402805611222,6.78785800171772,1.02330786573146,3.59383781849413,0.5768104734021985,65.90136054,0.826
331,2021-03-05T00:00:00Z,Bafog,26207,5,48,30,Virola,surinamensis,Virola_surinamensis,BF,BF,32,5,25,2,Inf,204.2,65.03184713,NA,NA,3.18333631117699,-1.7935875000000001,0.3097455785,2.0834507565,6.6773023264999996,9.070498662,1.71,52.26,0.8525,9.21928228571429,0.14711125,14.1106501428571,0.6496097137901128,NA,0.814
332,2021-03-05T00:00:00Z,Bafog,25882,5,38,4,Pterocarpus,officinalis,Pterocarpus_officinalis,BF,BF,38,5,30,3,Mid,157.1,50.03184713,NA,NA,4.37546527160159,-1.547895,0.234115449,0.9549001800000001,3.5046515155,4.6936671445,2.88,52.34,1.19800498753117,5.251154399715,0.161008728179551,7.67645899536872,0.6298631123919308,255.1020408,0.834
333,2021-03-05T00:00:00Z,Bafog,25869,5,37,15,Iryanthera,hostmannii,Iryanthera_hostmannii,BF,BF,14,2,12,3,Sup,46.5,14.8089172,NA,NA,2.71755199096928,-1.4260475000000001,0.25070561150000004,1.291100232,1.3315884205000001,2.8733942635,1.58,54.21,0.679339669834917,5.02179318230544,0.0930077538769384,6.31880954763096,0.5643703241895262,225.3401361,0.793
334,2021-03-05T00:00:00Z,Bafog,25857,5,37,2,Symphonia,globulifera,Symphonia_globulifera,BF,BF,38,5,31,3,Mid,172.8,55.03184713,NA,NA,3.29677908645098,-1.6457725,0.3703022835,2.352233058,3.5455757315,6.268111073,1.38,48.91,0.586793396698349,12.7906776245265,1.11531890945473,13.2572787822483,0.6683788121990369,195.5782313,0.851
335,2021-03-05T00:00:00Z,Bafog,26196,5,48,9,Pterocarpus,officinalis,Pterocarpus_officinalis,BF,BF,23,2,21,3,Mid,94.2,30,NA,NA,2.98735207639738,-1.56787,0.3190983725,2.2586702389999997,1.85937737,4.4371459815000005,2.62,52.01,1.26086956521739,1.20667894624117,0.157232633683158,12.9041980438352,0.6054405392392874,344.3877551,0.82
336,2021-03-05T00:00:00Z,Bafog,26197,5,48,11,Symphonia,globulifera,Symphonia_globulifera,BF,BF,22,3,20,2,Inf,78.5,25,NA,NA,2.6547360010468,-1.5319150000000001,0.218420489,1.9698319140000002,2.585770122,4.774022525,1.24,47.32,0.534301452178267,15.357318263109,1.42314596895343,16.1598899778239,0.7429592879031081,216.8367347,0.813
337,2021-03-05T00:00:00Z,Bafog,26235,5,49,20,Symphonia,globulifera,Symphonia_globulifera,BF,BF,20,2,16,2,Inf,67.5,21.49681529,NA,NA,2.82569048465442,-1.5259225,0.2941526715,2.99150047,2.3265659459999997,5.6122190875,1.25,47.65,0.583333333333333,13.9863096663815,1.43638847305389,17.1862775876818,0.7124892448209675,161.5646259,0.799
338,2021-03-05T00:00:00Z,Bafog,26224,5,49,9,Pterocarpus,officinalis,Pterocarpus_officinalis,BF,BF,23,2,20,2,Sup,94.2,30,NA,NA,3.99184017591535,-1.87149,0.270442862,2.135057542,4.757353041,7.162853445,2.78,51.53,1.09163745618428,3.55411345589813,0.165759889834752,16.7908363974533,0.6086585625933034,246.5986395,0.87
339,2021-03-05T00:00:00Z,Bafog,26221,5,49,6,Virola,surinamensis,Virola_surinamensis,BF,BF,34,5,30,4,Sup,141.4,45.03184713,NA,NA,8.71,-1.5898425,0.4814809975,2.938513134,10.1313866065,13.551380739999999,1.72,50.84,0.85286783042394,10.7324511578197,0.0469937655860349,10.1602495190595,0.6166892808683854,NA,0.833
340,2021-03-05T00:00:00Z,Bafog,26562,5,60,32,Tachigali,melinonii,Tachigali_melinonii,BF,Generalists,25,4,23,2,Mid,73,23.24840764,NA,NA,3.12350170752761,-1.7056975,0.4089250125,1.777150201,4.514098595,6.700173808000001,3.29,52.82,0.72291562656016,5.42115055987448,0.120830004992511,5.96170758148492,0.5311788802913063,399.6598639,0.823
341,2021-03-05T00:00:00Z,Bafog,26555,5,60,19,Pterocarpus,officinalis,Pterocarpus_officinalis,BF,BF,18,3,16,2,Mid,62.8,20,NA,NA,2.86294938426089,-1.63978,0.3408838795,1.5017344855,4.042727091,5.885345456,2.86,52.15,1.19839679358717,1.305393071858,0.0606325150300601,14.5647797022617,0.6580848548535401,229.5918367,0.798
342,2021-03-05T00:00:00Z,Bafog,26257,5,50,43,Pterocarpus,officinalis,Pterocarpus_officinalis,BF,BF,26,3,22,2,Inf,57.5,18.31210191,NA,NA,2.0680912034651,-1.436035,0.2853281825,1.258609806,3.7764462535,5.3203842415,3.35,52.44,1.11955977988995,1.83770113628243,0.0586405702851426,15.0531767312228,0.6250546249089585,263.6054422,0.837
343,2021-03-05T00:00:00Z,Bafog,25945,5,40,7,Laetia,procera,Laetia_procera,BF,BF,20,2,18,2,Sup,95,30.25477707,NA,NA,4.36493902481953,-1.811565,0.17505235600000002,1.032293486,4.201234923,5.408580765,1.5,43.3,0.688877755511022,5.61551331233897,1.10897920841683,10.7020542513599,0.6121203684369272,710.0340136,0.865
344,2021-03-05T00:00:00Z,Bafog,26245,5,50,12,Laetia,procera,Laetia_procera,BF,BF,25,4,25,4,Sup,149,47.4522293,NA,NA,4.2064563805927,-1.8375325,0.254317416,1.4219246405,5.155316771,6.8315588275,1.63,57.95,0.748748748748749,8.64292521092521,0.941702952952953,7.84349363649364,0.603645238342507,922.6190476,0.823
345,2021-03-05T00:00:00Z,Bafog,26247,5,50,15,Virola,surinamensis,Virola_surinamensis,BF,BF,28,4,24,3,Inf,157.1,50.03184713,NA,NA,5.08479506082949,-1.8615025,0.469921258,2.451390473,7.093219967,10.014531696,1.25,52.05,0.688032048072108,8.8775986837399,0.0752741612418628,10.0557337434724,0.603351314128314,NA,0.779
346,2021-03-05T00:00:00Z,Bafog,26228,5,49,13,Symphonia,globulifera,Symphonia_globulifera,BF,BF,23,4,23,4,Sup,110,35.03184713,NA,NA,3.4875463670297,-1.7696175,0.322899521,2.934372871,3.6647765935,6.922048986,1.68,49.11,0.683316683316683,17.0122700156986,0.640121128871129,12.4831669758813,0.6587368735380481,212.585034,0.834
347,2021-03-05T00:00:00Z,Bafog,25915,5,39,8,Symphonia,globulifera,Symphonia_globulifera,BF,BF,34,5,29,4,Inf,125.7,40.03184713,NA,NA,5.73595201140848,-1.6817275,0.424697405,4.425616922,3.4870244855,8.3373388125,1.38,49.3,0.527527527527528,12.2865688545689,0.651913163163163,10.3960461890462,0.6490052917141135,204.0816327,0.808
348,2021-03-05T00:00:00Z,Bafog,2529,5,39,39,Pterocarpus,officinalis,Pterocarpus_officinalis,BF,BF,15,2,13,2,Mid,51,16.24203822,NA,NA,2.07059265071954,-1.659755,0.3394866445,1.925588408,5.341811067,7.6068861195,3.27,51.75,1.14922383575363,6.0133022390729,0.250587130696044,13.941562486587,0.6428410372040586,144.5578231,0.869
349,2021-03-05T00:00:00Z,Bafog,26218,5,49,3,Symphonia,globulifera,Symphonia_globulifera,BF,BF,35,5,29,3,Mid,141.4,45.03184713,NA,NA,1.94810845279152,-1.7216775000000002,0.232728416,3.2765541635,3.4714385915,6.9807211715,1.56,48.48,0.754,12.1092822857143,0.73976125,17.8956501428571,0.6955437422064711,221.0884354,0.871
350,2021-03-05T00:00:00Z,Bafog,26186,5,47,40,Iryanthera,hostmannii,Iryanthera_hostmannii,BF,BF,12,2,10,2,Mid,34.5,10.98726115,NA,NA,5.47610731359562,NA,0.2676423235,1.4830891465,2.2407773,3.9915087700000003,1.96,53.86,0.739260739260739,5.18409818752676,0.0980132367632368,7.99765249036678,0.5685685243293411,272.1088435,0.834
351,2021-03-08T00:00:00Z,Bafog,33274,2,5,38,Vouacapoua,americana,Vouacapoua_americana,TF,TF,14,2,12,2,Mid,47.5,15.12738854,NA,NA,7.3,-1.8575075,0.281716057,1.1040305595,4.0072503085,5.3929969255,2.12,53.14,0.774112943528236,1.89933261940458,0.547987256371814,4.04262882844292,0.5135949386156511,NA,0.792
352,2021-03-08T00:00:00Z,Bafog,840,2,5,17,Dicorynia,guianensis,Dicorynia_guianensis,TF,TF,23,3,15,3,Mid,172.787596,55.02789682,NA,NA,4.32807432222914,-1.3061975000000001,0.203682352,1.3369226424999998,1.7709253815000001,3.311530376,2.57,53.35,0.874687968047928,1.2059733257257,0.355727658512232,6.03659524998217,0.608540273068817,NA,0.846
353,2021-03-08T00:00:00Z,Bafog,10608,2,6,24,Vouacapoua,americana,Vouacapoua_americana,TF,TF,22,2,20,3,Mid,78.5398163,25.01268035,NA,NA,7.3509898155308,-1.6457725,0.24096535,1.2998366785,3.739402315,5.280204342999999,2.13,54.01,0.772886443221611,2.59758107625241,0.436129314657329,2.77378703637533,0.5017040358744395,NA,0.823
354,2021-03-08T00:00:00Z,Bafog,848,2,6,10,Virola,michelii,Virola_michelii,TF,Generalists,22,2,20,3,Mid,70,22.29299363,NA,NA,3.83953857264027,-1.47998,0.3063488325,1.446972164,1.8213178509999999,3.574638847,2.17,53.16,0.55944055944056,6.64763465106322,1.43882242757243,4.06708305979735,0.6681827438734641,NA,0.806
355,2021-03-08T00:00:00Z,Bafog,34450,2,14,41,Conceveiba,guianensis,Conceveiba_guianensis,TF,Generalists,15,2,14,2,Sup,40.5,12.89808917,NA,NA,10.8779,-2.0712400000000004,0.14313025899999998,0.7841345295,1.3291580355,2.256422824,2.14,48.04,0.68927680798005,3.63918432490203,7.33691895261845,4.80763106519416,0.7164670153534671,161.5646259,0.827
356,2021-03-08T00:00:00Z,Bafog,10660,2,14,23,Iryanthera,sagotiana,Iryanthera_sagotiana,TF,TF,15,3,13,2,Mid,64,20.38216561,NA,NA,1.48697776501388,-1.4460225000000002,0.27651944149999996,1.5834768595,5.9464485929999995,7.806444894,1.8,53.19,0.528942115768463,5.31365497576276,2.06937250499002,3.64560892500713,0.6842333550206029,NA,0.826
357,2021-03-08T00:00:00Z,Bafog,33463,2,15,36,Gustavia,hexapetala,Gustavia_hexapetala,TF,TF,13,3,12,3,Mid,39,12.42038217,NA,NA,4.62928685583255,-1.9414025000000001,0.221842559,1.2315351165,1.6958954505000001,3.1492731259999998,2.07,49.56,0.555389221556886,13.2178465925292,1.08808507984032,4.06651710863986,0.6940488301119023,NA,0.76
358,2021-03-08T00:00:00Z,Bafog,852,2,6,15,Vouacapoua,americana,Vouacapoua_americana,TF,TF,26,5,21,3,Sup,125.663706,40.02028854,NA,NA,2.31042618361834,-1.7416525,0.2912175415,1.4794245485,3.37790826,5.148550350000001,2.66,54.3,1.2605,1.01128228571429,0.35566125,7.87065014285714,0.5516292848074482,NA,0.829
359,2021-03-08T00:00:00Z,Bafog,820,2,4,9,Conceveiba,guianensis,Conceveiba_guianensis,TF,Generalists,14,3,14,3,Mid,67,21.33757962,NA,NA,4.95983458250914,-1.6657475,0.163650533,0.8045028274999999,1.9116942615,2.8798476225,1.3,47.23,0.560780390195098,17.7031338526406,0.199410955477739,3.24327177874652,0.5874709639953541,NA,0.807
360,2021-03-08T00:00:00Z,Bafog,783,2,2,10,Bocoa,prouacensis,Bocoa_prouacensis,TF,Generalists,15,2,13,2,Mid,65.5,20.85987261,NA,NA,4.42559652821308,-1.5538875,0.240072505,1.2300156174999999,1.663134293,3.1332224155,2.47,55.85,0.481618381618382,2.66361866704724,1.32693431568432,2.94920094191523,0.5422488356620093,238.0952381,0.836
361,2021-03-08T00:00:00Z,Bafog,3826,2,3,9,Virola,michelii,Virola_michelii,TF,Generalists,29,5,21,3,Mid,128.5,40.92356688,NA,NA,5.77172274469589,-1.63179,0.4418418285,2.5144230710000004,3.8777861700000003,6.834051069,2.17,51.92,0.6795,7.72928228571429,1.31676125,3.25190014285714,0.613406237343054,NA,0.782
362,2021-03-08T00:00:00Z,Bafog,33255,2,3,48,Iryanthera,sagotiana,Iryanthera_sagotiana,TF,TF,14,2,12,2,Sup,61,19.42675159,NA,NA,1.95040339097202,-1.6377825000000001,0.33904224250000004,2.1278433735,4.29144522,6.758330836,1.69,54.55,0.589820359281437,4.04219788993442,1.61503118762475,5.72420173937839,0.590486409155937,NA,0.767
363,2021-03-08T00:00:00Z,Bafog,246162,2,3,66,Casearia,javitensis,Casearia_javitensis,TF,TF,11,2,11,2,Sup,34,10.82802548,NA,NA,3.121399451285,-1.8015775000000003,0.27508818150000003,1.270313331,3.6586521239999996,5.2040536365,1.61,52.63,0.47735,6.84428228571429,0.25636125,3.22965014285714,0.49231109636021686,NA,0.822
364,2021-03-08T00:00:00Z,Bafog,925,2,10,24,Vouacapoua,americana,Vouacapoua_americana,TF,TF,32,5,25,3,Mid,116.5,37.10191083,NA,NA,3.85625243052984,-1.8455225000000002,0.48056036599999996,1.966235523,4.850365027,7.297160915999999,2.23,52.82,0.736368184092046,3.12384420781819,0.52102176088044,3.79704866719074,0.5274570543508871,NA,0.789
365,2021-03-08T00:00:00Z,Bafog,908,2,10,1,Bocoa,prouacensis,Bocoa_prouacensis,TF,Generalists,12,2,12,2,Sup,56,17.8343949,NA,NA,5.67245208387497,-1.3301675,0.2197701005,1.031792152,3.2995349655,4.551097218,2.12,55.71,0.320610305152576,2.33244850996927,1.6350787893947,1.94512270420925,0.5896533688364795,NA,0.767
366,2021-03-08T00:00:00Z,Bafog,33221,2,1,45,Vouacapoua,americana,Vouacapoua_americana,TF,TF,14,2,12,2,Mid,42,13.37579618,NA,NA,4.85,-1.8275450000000002,0.380353908,1.7764315035,4.1662163805,6.323001792,2.47,53.39,0.927608587119321,3.96633278653448,0.633810534198702,4.92276599386634,0.5690528384609569,NA,0.812
367,2021-03-09T00:00:00Z,Bafog,911,2,10,5,Virola,michelii,Virola_michelii,TF,Generalists,28,4,23,2,Inf,106,33.75796178,NA,NA,9.47465930973778,-1.5179325000000001,0.3881717785,2.1198101234999998,2.503558082,5.011539984000001,2.24,49.62,0.73040439340988506,7.39818500820198,1.2448939091363,4.17988032237358,0.6471538150989099,NA,0.821
368,2021-03-09T00:00:00Z,Bafog,10635,2,10,29,Chrysophyllum,prieurii,Chrysophyllum_prieurii,TF,Generalists,18,2,16,4,Sup,73.5,23.40764331,NA,NA,3.54598150306454,-1.963375,0.218248311,1.234692031,2.252949871,3.705890212,1.24,54.82,0.436125,2.94828228571429,1.44401125,2.36215014285714,0.5960867792925405,NA,0.821
369,2021-03-09T00:00:00Z,Bafog,33521,2,18,46,Gustavia,hexapetala,Gustavia_hexapetala,TF,TF,13,2,11,2,Inf,45.5,14.49044586,NA,NA,12.4457781616309,-1.7376575,0.2855050175,1.1886746365,1.9875512894999998,3.461730943,2.5,46.55,0.798302546180729,13.578913914842,0.339651772341488,9.59126324798516,0.6984008617118237,212.585034,0.828
370,2021-03-09T00:00:00Z,Bafog,33527,2,18,52,Gustavia,hexapetala,Gustavia_hexapetala,TF,TF,10,3,9,4,Mid,40,12.7388535,NA,NA,8.86906568902262,-1.93541,0.2794850795,1.23700884,1.226373362,2.742867281,1.87,46.02,0.508728179551122,12.0441718560741,0.558365336658354,8.31985051656573,0.6830357142857143,352.8911565,0.696
371,2021-03-09T00:00:00Z,Bafog,1074,2,19,23,Jacaranda,copaia subsp. copaia,Jacaranda_copaia subsp. copaia,TF,Generalists,28,3,25,2,Inf,115,36.62420382,NA,NA,8.4541744944877,-1.3621275000000002,0.3723123305,1.442437976,4.1405374395,5.955287746,2.78,55.24,0.705294705294705,3.74303924646782,1.56894230769231,3.02337676609105,0.6804304304304305,208.3333333,0.865
372,2021-03-09T00:00:00Z,Bafog,1073,2,19,22,Bocoa,prouacensis,Bocoa_prouacensis,TF,Generalists,24,2,21,3,Mid,109.955743,35.01775255,NA,NA,2.78414271166576,-1.420055,0.24924905600000002,1.235633851,1.6099105589999998,3.0947934665,2.53,52.56,0.840100250626566,0.62233813104189,1.19424686716792,7.51443623344075,0.5979518832854036,191.3265306,0.821
373,2021-03-09T00:00:00Z,Bafog,1082,2,20,9,Bocoa,prouacensis,Bocoa_prouacensis,TF,Generalists,24,3,20,4,Inf,98,31.21019108,NA,NA,3.40564060740732,-1.7536375000000002,0.1675342025,0.939150641,2.67856075,3.7852455935,2.62,54.14,0.521739130434783,1.83686385378739,1.06872688655672,4.09910059256086,0.5509685802031656,246.5986395,0.86
374,2021-03-09T00:00:00Z,Bafog,33661,2,27,49,Chrysophyllum,prieurii,Chrysophyllum_prieurii,TF,Generalists,18,2,17,3,Inf,50,15.92356688,NA,NA,3.7775,-1.87149,0.1296157845,0.786358168,1.2401992795,2.1561732325,1.42,52.01,0.475901803607214,5.71571371314057,0.54735596192384794,2.56828671628972,0.603789910876525,NA,0.841
375,2021-03-09T00:00:00Z,Bafog,1061,2,19,9,Virola,michelii,Virola_michelii,TF,Generalists,23,3,20,2,Inf,103,32.80254777,NA,NA,9.3353,-1.5878450000000002,0.36745420900000003,2.1611204195,2.3771347425,4.9057093715,1.72,55.05,0.543543543543544,3.3336159016159,1.52128253253253,3.5111613041613,0.5672949735449736,NA,0.77
376,2021-03-09T00:00:00Z,Bafog,33692,2,28,51,Chrysophyllum,prieurii,Chrysophyllum_prieurii,TF,Generalists,14,5,12,4,Inf,46,14.64968153,NA,NA,10.9998,-2.0532625,0.228240662,1.417411726,2.2250927635,3.8707451525,1.13,54.11,0.41855,4.83228228571429,0.88376125,2.17415014285714,0.5462460541789598,NA,0.865
377,2021-03-09T00:00:00Z,Bafog,10873,2,44,37,Bocoa,prouacensis,Bocoa_prouacensis,TF,Generalists,12,1,11,2,Mid,59,18.78980892,NA,NA,8.7116,-1.44802,0.1330247745,0.802689243,1.7161233674999998,2.651837385,0.96,48.17,0.360170340681363,4.60549327225881,2.64304734468938,3.99488992270255,0.6333521728208993,204.0816327,0.87
378,2021-03-09T00:00:00Z,Bafog,10818,2,36,24,Virola,michelii,Virola_michelii,TF,Generalists,32,5,22,4,Inf,76.5,24.36305732,NA,NA,2.15530938752147,-1.7376575,0.351814771,2.128685765,1.830521168,4.311021704,1.95,55.28,0.561596009975062,4.91050602066263,0.872081047381546,2.90413979337371,0.576525821596244,272.1088435,0.892
379,2021-03-09T00:00:00Z,Bafog,33880,2,37,50,Gustavia,hexapetala,Gustavia_hexapetala,TF,TF,14,2,13,3,Sup,33.5,10.66878981,NA,NA,2.24631259253199,-2.011315,0.2106416065,0.9210518865,2.495911329,3.627604822,2.01,43.17,0.573573573573574,12.451734019734,0.344956206206206,5.57122136422136,0.6793062404353002,327.3809524,0.796
380,2021-03-09T00:00:00Z,Bafog,34229,2,52,44,Casearia,javitensis,Casearia_javitensis,TF,TF,11,2,10,2,Mid,39,12.42038217,NA,NA,3.70410461769923,-1.8994550000000001,0.235967017,1.0334084225,2.8523226790000002,4.1216981184999995,1.49,57.16,0.384692346173087,8.31844150646752,0.56454352176088,2.48689358965197,0.48695310967235633,395.4081633,0.847
381,2021-03-09T00:00:00Z,Bafog,34016,2,43,33,Vouacapoua,americana,Vouacapoua_americana,TF,TF,12,2,10,2,Mid,36.5,11.62420382,NA,NA,1.84264561126602,-1.8575075,0.362598687,1.6050783685,4.194177782500001,6.1618548375,2.37,49.59,0.771534727034727,2.57802135468802,0.747842008675342,3.60422957572958,0.4936507936507936,NA,0.823
382,2021-03-09T00:00:00Z,Bafog,1681,2,51,22,Bocoa,prouacensis,Bocoa_prouacensis,TF,Generalists,25,2,22,2,Mid,118,37.57961783,NA,NA,2.68596744149103,-1.9973325000000002,0.27556049699999996,1.3556113105,2.146481549,3.7776533565,2.38,55.82,0.428220861016168,2.36289898485605,1.07997420535863,3.80966085487154,0.46018878400888397,297.6190476,0.843
383,2021-03-09T00:00:00Z,Bafog,1787,2,57,4,Chrysophyllum,prieurii,Chrysophyllum_prieurii,TF,Generalists,19,4,16,3,Inf,97.5,31.05095541,NA,NA,2.32298485984796,-2.05526,0.12717987149999999,0.8195088125000001,1.218164375,2.1648530595000004,1.28,53.12,0.388665523354401,2.82409151636607,3.01011439545758,2.76715966548482,0.6054944759549474,80.78231293,0.875
384,2021-03-10T00:00:00Z,Bafog,25140,5,16,1,Tachigali,melinonii,Tachigali_melinonii,BF,Generalists,38,5,16,3,Inf,157.1,50.03184713,NA,NA,3.34224669652927,-1.5938375000000002,0.426003555,1.604912384,3.7767678804999996,5.807683819,3.3,50.54,0.78430243621715,6.40293599334996,0.387774729842061,8.8913968540188,0.5638575152041703,NA,0.829
385,2021-03-10T00:00:00Z,Bafog,25118,5,15,23,Laetia,procera,Laetia_procera,BF,BF,25,4,21,4,Mid,150.5,47.92993631,NA,NA,3.45160703719778,-1.84752,0.3139743435,1.7813075285,8.6816173125,10.776899185000001,2.08,53.29,1.01025293936832,3.73995337995338,1.82202214452214,7.76585948666718,0.6123033707865169,NA,0.795
386,2021-03-10T00:00:00Z,Bafog,24822,5,6,23,Tachigali,melinonii,Tachigali_melinonii,BF,Generalists,35,4,25,5,Inf,204.2,65.03184713,NA,NA,6.45,-1.71968,0.558261841,2.090434422,5.581207598,8.2299038615,2.82,52.93,0.728083400809717,4.15432915622389,0.148866332497911,6.77556425679583,0.5339641770868537,NA,0.809
387,2021-03-10T00:00:00Z,Bafog,24775,5,4,48,Gustavia,hexapetala,Gustavia_hexapetala,TF,TF,13,2,11,2,Mid,38,12.10191083,NA,NA,4.62092554939048,-1.6837250000000001,0.28764774699999995,1.4946865635000002,3.2281329100000002,5.010467220500001,2.25,49.16,0.655263192307692,13.8239433333333,0.356194166666667,6.46862534615385,0.6775631500742942,NA,0.803
388,2021-03-10T00:00:00Z,Bafog,373422,5,4,71,Gustavia,hexapetala,Gustavia_hexapetala,TF,TF,12,2,11,2,Mid,38,12.10191083,NA,NA,1.16711322039752,-1.83953,0.2099059255,0.8786371055,3.0470427129999997,4.1355857435,1.89,49.66,0.626076230422904,9.42865766216441,0.393140737035184,9.23824446838804,0.7390262172284644,NA,0.822
389,2021-03-10T00:00:00Z,Bafog,24790,5,5,12,Pterocarpus,officinalis,Pterocarpus_officinalis,BF,BF,30,5,28,4,Mid,157.1,50.03184713,NA,NA,8.16,-1.4340375,0.248472364,1.2158045734999998,2.308570294,3.772847232,2.85,50.16,1.24738688575057,4.63776221444055,0.0406144739036185,15.4763635279178,0.6285959639330185,NA,0.814
390,2021-03-10T00:00:00Z,Bafog,24845,5,7,30,Conceveiba,guianensis,Conceveiba_guianensis,BF,Generalists,13,2,13,2,Sup,49.5,15.76433121,NA,NA,5.66650566145762,-1.627795,0.118851032,0.6309413935,1.8156718095,2.565464235,2.08,49.22,0.877885307000692,11.2776656676657,0.212631535131535,5.00611922692692,0.5684620235273653,246.5986395,0.823
391,2021-03-10T00:00:00Z,Bafog,24842,5,7,21,Symphonia,globulifera,Symphonia_globulifera,BF,BF,30,5,25,2,Inf,94.2,30,NA,NA,4.66167225381018,-1.6517650000000001,0.468799011,4.250062888,3.6429018895,8.361763788000001,1.67,47.9,0.738132258436911,11.7998432549608,1.12715774553944,13.9906206564821,0.6761635108830296,NA,0.829
392,2021-03-10T00:00:00Z,Bafog,25187,5,17,28,Pterocarpus,officinalis,Pterocarpus_officinalis,BF,BF,26,4,25,2,Inf,141.4,45.03184713,NA,NA,9.25,-1.4220525,0.1905018565,1.1339302505000002,2.169145752,3.493577859,3.52,52.21,1.20774383272588,6.5126616791355,0.0777996674979219,13.5647135622482,0.6544219787004167,NA,0.816
393,2021-03-10T00:00:00Z,Bafog,25264,5,19,34,Virola,michelii,Virola_michelii,BF,Generalists,21,3,20,3,Mid,53.5,17.03821656,NA,NA,2.25310710197248,-1.464,0.2382701635,1.641553414,3.8309320849999997,5.7107556625,1.62,45.32,0.577340532840533,17.081024357691,0.312806973640307,4.81243778393778,0.6495240578954231,225.3401361,0.789
394,2021-03-10T00:00:00Z,Bafog,25514,5,26,29,Laetia,procera,Laetia_procera,BF,BF,28,5,28,4,Sup,91.5,29.14012739,NA,NA,6.27589332308617,-1.8734875,0.2501052335,1.4300596005,4.123148404,5.8033132385,2.22,54.81,0.937419643199693,8.16353449709061,2.04298669991687,6.53728214080184,0.6076443057722308,NA,0.804
395,2021-03-10T00:00:00Z,Bafog,25526,5,26,53,Chrysophyllum,prieurii,Chrysophyllum_prieurii,BF,Generalists,13,4,11,4,Mid,63.5,20.22292994,NA,NA,9.73,-2.0332875,0.1961854315,1.244812206,2.9814357165,4.422433354000001,1.62,50.29,0.67658660570199,6.18276057276057,0.151542624042624,2.94542991623761,0.5916177255739454,NA,0.796
396,2021-03-10T00:00:00Z,Bafog,25510,5,26,20,Jacaranda,copaia subsp. copaia,Jacaranda_copaia subsp. copaia,BF,Generalists,24,4,21,3,Inf,79.5,25.31847134,NA,NA,13.03,-1.3821025,0.46451708550000004,1.8052066185,3.7876985540000003,6.0574222575,2.02,50.57,0.589943078464622,5.61016366065464,1.38937291249165,2.84256046708802,0.6386305431998922,NA,0.757
397,2021-03-10T00:00:00Z,Bafog,24905,5,9,33,Virola,michelii,Virola_michelii,BF,Generalists,27,3,23,3,Sup,59.5,18.94904459,NA,NA,7.24006165840238,-1.5538875,0.27039489650000004,1.8175658865,5.369066043,7.4570268265,2.12,49.84,0.731494686994687,5.71966299632966,1.21530947614281,5.98460995610996,0.6346902654867257,NA,0.768
398,2021-03-10T00:00:00Z,Bafog,373525,5,36,76,Virola,michelii,Virola_michelii,BF,Generalists,14,2,12,2,Inf,48,15.2866242,NA,NA,7.12874841683782,-1.4679950000000002,0.3123134405,1.970869633,4.588300094,6.871483167,1.78,53.09,0.593263192307692,8.38894333333333,0.957094166666667,4.99112534615385,0.5971997845988154,NA,0.774
399,2021-03-10T00:00:00Z,Bafog,25823,5,36,4,Virola,surinamensis,Virola_surinamensis,BF,BF,35,5,28,2,Inf,141.4,45.03184713,NA,NA,4.71519888625892,-1.5938375000000002,0.305625311,1.991890096,5.547028899,7.8445443059999995,2,53.41,0.804458733574118,12.646297036297,0.109484681984682,10.7378874586952,0.6479972135144549,NA,0.798
400,2021-03-10T00:00:00Z,Bafog,25255,5,19,22,Symphonia,globulifera,Symphonia_globulifera,BF,BF,24,4,18,4,Inf,70.5,22.4522293,NA,NA,4.1584426639643,-1.5658725,0.39374175749999996,3.5055577815000003,3.662850347,7.562149886,1.68,48.73,0.487895034859982,9.98892672341846,1.78151644132866,3.26552363160125,0.6722129783693843,NA,0.762
401,2021-03-10T00:00:00Z,Bafog,26169,5,47,8,Conceveiba,guianensis,Conceveiba_guianensis,BF,Generalists,24,3,20,2,Inf,71,22.61146497,NA,NA,3.4462507757618,-1.483975,0.1099390665,0.629824613,1.136823639,1.8765873185,2.14,46.12,0.825698944945329,6.73710058187864,0.527774729842061,4.90236942259735,0.6652479644707624,NA,0.798
402,2021-03-10T00:00:00Z,Bafog,25232,5,18,49,Conceveiba,guianensis,Conceveiba_guianensis,BF,Generalists,18,2,17,2,Sup,49,15.60509554,NA,NA,2.32759339433989,-1.5638750000000001,0.1945561065,1.0073971130000001,2.4902417715,3.6921949905,2.03,46.88,1.08858602026716,12.8432568196939,0.141161842980705,6.2112029402733,0.6027903538760049,378.4013605,0.796
403,2021-03-11T00:00:00Z,Bafog,26147,5,46,21,Virola,michelii,Virola_michelii,BF,Generalists,24,3,20,2,Inf,77.5,24.68152866,NA,NA,4.62336061086577,-1.5598800000000002,0.21744798199999998,1.706197435,3.8164663880000003,5.7401118055,2.22,55.47,0.694610497556471,6.35712189428047,0.85702267800567,6.36180624927849,0.6666153253754331,NA,0.873
404,2021-03-11T00:00:00Z,Bafog,26148,5,46,28,Tachigali,melinonii,Tachigali_melinonii,BF,Generalists,22,3,18,3,Sup,42.5,13.53503185,NA,NA,5.92,-1.603825,0.394771267,1.391816805,3.205774088,4.992362159500001,3.35,51.51,0.637488215875941,4.8340252827678,0.198596972721224,5.63735064486412,0.5642201834862385,NA,0.826
405,2021-03-11T00:00:00Z,Bafog,26127,5,45,44,Jacaranda,copaia subsp. copaia,Jacaranda_copaia subsp. copaia,BF,Generalists,8,2,6,2,Inf,39.5,12.57961783,NA,NA,6.65667082197125,-1.3121900000000002,0.45960702649999996,1.6596162705,3.100927911,5.220151208000001,2.23,51.06,0.56004321391465,3.69053860263465,1.97983408370852,2.3162834878978,0.6700973053892215,NA,0.831
406,2021-03-11T00:00:00Z,Bafog,25790,5,35,7,Laetia,procera,Laetia_procera,BF,BF,32,5,27,4,Mid,128,40.76433121,lianes,NA,1.71553488805172,-1.6797300000000002,0.26725205949999997,1.4123458645,7.5332481815,9.212846106,2.37,47.35,0.938386419468755,3.96027278775782,1.46017381902861,3.96918697220943,0.6145923489700537,NA,0.812
407,2021-03-11T00:00:00Z,Bafog,26107,5,45,10,Laetia,procera,Laetia_procera,BF,BF,22,4,20,4,Mid,90,28.66242038,NA,NA,10.75,-1.5698675,0.18862928,0.9124894535000001,4.7617300515,5.862848785000001,1.64,50.73,0.625514220749191,4.84638610554442,2.45550517702071,3.70904343301989,0.6444077724060989,NA,0.833
408,2021-03-11T00:00:00Z,Bafog,27157,5,78,12,Tachigali,melinonii,Tachigali_melinonii,BF,Generalists,26,4,22,2,Inf,78.5,25,NA,NA,4.96125447272086,-1.6218025000000003,0.46841562999999997,2.021205426,5.596791166499999,8.0864122225,2.76,54.3,0.682921731441971,9.60414126270198,0.194346993170082,7.47488790220275,0.5596285434995113,NA,0.83
409,2021-03-11T00:00:00Z,Bafog,27154,5,78,3,Pterocarpus,officinalis,Pterocarpus_officinalis,BF,BF,22,4,16,4,Mid,70,22.29299363,NA,NA,3.22964292299557,-1.6198050000000002,0.318568583,2.3658895615,3.107766578,5.7922247225,2.74,51.05,0.913436319668356,7.03487358616101,0.190313539587492,8.32697140334715,0.6063134978229318,NA,0.849
410,2021-03-11T00:00:00Z,Bafog,27466,5,88,22,Virola,surinamensis,Virola_surinamensis,BF,BF,28,3,26,2,Inf,110,35.03184713,NA,NA,2.42196030818422,-1.452015,0.19718228450000003,1.1478719835,5.1632274344999995,6.508281702,2.28,50.64,0.931228806711048,13.5707286976822,0.0963923628480907,8.89307188209489,0.6751239115874078,229.5918367,0.771
411,2021-03-11T00:00:00Z,Bafog,27164,5,78,34,Pterocarpus,officinalis,Pterocarpus_officinalis,BF,BF,20,2,16,2,Inf,52,16.56050955,NA,NA,3.14154643746778,-1.6737375,0.38863885499999995,2.5084650465,4.8361609770000005,7.733264879,3.24,51.33,1.16801117554438,8.2216109169579,0.217268264270261,15.7000752333039,0.6240554156171284,NA,0.857
412,2021-03-11T00:00:00Z,Bafog,27459,5,88,7,Virola,surinamensis,Virola_surinamensis,BF,BF,32,3,28,4,Mid,172.8,55.03184713,ficelle + sac,NA,4.28236803757692,-1.63978,0.34025853,2.0039901815,6.891470287,9.235718998,1.52,52.77,0.740763192307692,10.8939433333333,0.0450941666666667,7.53862534615385,0.578302342429365,NA,0.808
413,2021-03-11T00:00:00Z,Bafog,373740,5,98,43,Tachigali,melinonii,Tachigali_melinonii,BF,Generalists,27,4,20,4,Mid,52.5,16.71974522,NA,NA,4.60531926795479,-1.8635000000000002,0.614535964,2.0643453474999998,6.8099693605,9.4888506725,2.88,49.68,0.694263192307692,2.21594333333333,0.587094166666667,7.54362534615385,0.5489251297257227,NA,0.789
414,2021-03-11T00:00:00Z,Bafog,27776,5,98,36,Iryanthera,hostmannii,Iryanthera_hostmannii,BF,BF,9,2,9,2,Sup,39,12.42038217,NA,NA,4.8473437883182,-1.4600050000000002,0.1825543795,1.095178186,1.477145879,2.7548784445,1.68,51.87,0.69341648406566,7.34527069798434,0.15411710811261,7.17503782724023,0.6008672007055192,165.8163265,0.814
416,2021-03-12T00:00:00Z,Bafog,25976,5,41,16,Casearia,javitensis,Casearia_javitensis,TF,TF,21,2,19,2,Sup,54,17.19745223,TMS ; doute bota,plus de doute bota,14.5253,-1.428045,0.241530152,1.1706904310000001,2.846903259,4.259123841499999,1.99,47.59,0.514505939338023,12.507689488589,3.69224804264534,10.0835835543767,0.7211048879837068,238.0952381,0.851
417,2021-03-12T00:00:00Z,Bafog,25699,5,32,21,Iryanthera,sagotiana,Iryanthera_sagotiana,TF,TF,22,2,18,2,Inf,74.5,23.72611465,NA,NA,2.25152916325021,-1.4300425,0.2264290135,1.256367199,4.343716453,5.8265126655,1.54,51.32,0.51798621298821,2.69165584955899,1.71502163421534,2.61470329121702,0.6071649712516586,NA,0.895
418,2021-03-12T00:00:00Z,Bafog,25328,5,21,8,Protium,stevensonii,Protium_stevensonii,TF,Generalists,26,4,19,3,Mid,81,25.79617834,NA,NA,4.43744545601319,-1.8335375000000003,0.228033592,1.2660224575,1.8417610469999999,3.335817096,1.47,46.42,0.672772350833943,2.97064930729428,1.7567292605575,5.94754666615308,0.5621241015109285,NA,0.826
419,2021-03-12T00:00:00Z,Bafog,25386,5,22,58,Hymenopus,heteromorphus,Hymenopus_heteromorphus,TF,Generalists,16,2,13,2,Inf,48,15.2866242,NA,NA,4.14028638751187,-1.420055,0.344027901,1.808199525,7.5286207325,9.680848158,1.48,52.92,0.416087323292631,1.29388415957269,1.49583792355199,3.36567385693926,0.5497867803837952,NA,0.86
420,2021-03-12T00:00:00Z,Bafog,25395,5,23,11,Protium,stevensonii,Protium_stevensonii,TF,Generalists,21,4,19,4,Mid,58,18.47133758,NA,NA,7.88040580636481,-1.9613775000000002,0.257771448,1.3752982025,2.551784536,4.184854186,1.66,40.36,0.732361734910057,3.68472041395427,1.57796110832916,3.79231381687917,0.5211097708082026,NA,0.808
421,2021-03-12T00:00:00Z,Bafog,25405,5,23,28,Protium,stevensonii,Protium_stevensonii,TF,Generalists,24,3,22,2,Mid,63,20.06369427,NA,NA,14.22,-1.9094425000000002,0.38200477600000005,1.9142203150000001,3.9973025845000003,6.293527676,1.45,50.29,0.626263192307692,2.70019333333333,0.206244166666667,3.46937534615385,0.5018593371059015,NA,0.799
422,2021-03-12T00:00:00Z,Bafog,26307,5,52,21,Protium,stevensonii,Protium_stevensonii,TF,Generalists,24,3,17,2,Inf,77.5,24.68152866,NA,NA,9.6,-2.1211775,0.3347781185,1.665893141,2.111781783,4.1124530425,1.25,40.33,0.476264456764457,3.39008341675008,0.683277444110777,3.89577111727112,0.4367025268951714,NA,0.869
423,2021-03-12T00:00:00Z,Bafog,26670,5,63,55,Casearia,javitensis,Casearia_javitensis,TF,TF,8,2,8,2,Sup,35,11.14649682,NA,NA,6.88358715426116,NA,0.1921569205,0.839436649,3.432110583,4.463704152,1.63,52.26,0.424651563399194,6.68223773898587,0.176054031587697,2.52381580663725,0.4948689112251353,NA,0.89
424,2021-03-12T00:00:00Z,Bafog,27038,5,74,42,Casearia,javitensis,Casearia_javitensis,TF,TF,7,3,7,3,Sup,36,11.46496815,NA,NA,3.32686629099767,-1.5698675,0.2165746905,1.061405632,3.900765636,5.178745958,1.51,52.46,0.437688192307692,4.94344333333333,0.171144166666667,3.06912534615385,0.5263252632526325,NA,0.846
425,2021-03-12T00:00:00Z,Bafog,26707,5,64,42,Chrysophyllum,prieurii,Chrysophyllum_prieurii,TF,Generalists,26,3,24,4,Mid,67,21.33757962,doute bota,plus de doute bota,2.41402718801527,NA,0.3344122355,1.8183709860000001,3.984603046,6.1373862685,2.75,50.79,0.716554578754579,2.7966850459482,0.230520467836257,4.09761939464045,0.5535576676085281,52.08333333,0.711
426,2021-03-12T00:00:00Z,Bafog,27354,5,84,69,Jacaranda,copaia subsp. copaia,Jacaranda_copaia subsp. copaia,TF,Generalists,18,3,17,3,Mid,50,15.92356688,NA,NA,7.84765024582843,-1.2023275,0.38219821,1.404002928,3.8142364265,5.6004375645,2.75,50.16,0.757263192307692,2.67369333333333,3.58909416666667,4.10237534615385,0.7471835652750165,153.0612245,0.843
427,2021-03-15T16:46:50Z,Bafog,26575,5,61,16,Hymenopus,heteromorphus,Hymenopus_heteromorphus,TF,Generalists,16,2,16,2,Sup,61.5,19.58598726,NA,NA,4.22752358273255,-2.163125,0.28148118099999997,2.1937914459999996,1.8166390795,4.2919117065000005,1.84,53.32,0.448889303004688,2.74295038295038,2.14295121545122,3.35327207407977,0.5602399737015122,395.4081633,0.823
428,2021-03-15T16:46:50Z,Bafog,27215,5,81,10,Conceveiba,guianensis,Conceveiba_guianensis,TF,Generalists,13,3,13,3,Sup,53,16.87898089,NA,NA,4.83648554808377,-1.8734875,0.19569160949999997,1.3059660565,3.629623472,5.1312811375,2.03,45.71,0.75401720951721,12.3663096429763,0.511105271938605,3.44256791406791,0.5997305149690513,NA,0.839
429,2021-03-15T16:46:50Z,Bafog,27233,5,81,39,Casearia,javitensis,Casearia_javitensis,TF,TF,15,4,15,4,Sup,52.5,16.71974522,NA,NA,12.28,-2.147145,0.422487677,2.1914989074999998,5.7680464685,8.3820330525,2.2,54.17,0.506016200407896,4.17503084875771,0.653921127230282,4.99437253242006,0.4891436935838009,NA,0.815
431,2021-03-15T16:46:50Z,Bafog,27632,5,93,21,Gustavia,hexapetala,Gustavia_hexapetala,TF,TF,18,2,15,2,Inf,57,18.15286624,NA,NA,1.5226474960619,-1.8495175000000001,0.2182825545,0.9568704045,1.03962511,2.2147780685000003,2.01,48.66,0.540222969338354,12.2916516816517,1.0240700965701,6.37225309306079,0.7137770473842783,276.3605442,0.81
432,2021-03-15T16:46:50Z,Bafog,26771,5,66,15,Conceveiba,guianensis,Conceveiba_guianensis,TF,Generalists,24,2,18,3,Inf,63,20.06369427,NA,NA,3.80709569449536,-2.035285,0.18358815950000001,0.8014646405,2.3973063640000003,3.3823591635000003,2.76,44.6,1.01924394835933,14.0948484848485,0.13730685980686,9.24937597018366,0.5603764624616846,527.2108844,0.819
433,2021-03-15T16:46:50Z,Bafog,26174,5,47,16,Laetia,procera,Laetia_procera,BF,BF,34,5,34,5,Sup,138,43.94904459,fruits,NA,7.7049834122059,-2.011315,0.34792891800000003,1.8303254575,6.4025382205,8.5807925955,1.99,51.72,0.829763192307692,4.08069333333333,2.32009416666667,5.19862534615385,0.5926928281461434,646.2585034,0.809
434,2021-03-15T16:46:50Z,Bafog,25856,5,37,1,Tachigali,melinonii,Tachigali_melinonii,BF,Generalists,39,5,30,4,Inf,172.8,55.03184713,NA,NA,3.59621782246994,-1.6837250000000001,0.455408642,1.809596564,4.627647174,6.8926523799999995,2.95,52.43,0.754385999308038,4.98145260702982,0.113737298017658,6.40042513358705,0.5249687890137329,391.1564626,0.73
435,2021-03-15T16:46:50Z,Bafog,26217,5,49,2,Virola,surinamensis,Virola_surinamensis,BF,BF,35,5,30,4,Mid,172.8,55.03184713,NA,NA,11.83,-1.7056975,0.463591472,2.590250265,7.419522706,10.473364440000001,1.64,52.97,0.779703784738216,9.38517298735862,0.103087990685296,9.44473587440504,0.6189991675145685,NA,0.795
436,2021-03-15T16:46:50Z,Bafog,25880,5,38,2,Virola,surinamensis,Virola_surinamensis,BF,BF,36,5,30,4,Inf,204.2,65.03184713,NA,NA,26.65,-1.6297925000000002,0.49691048250000003,2.894652947,8.882598696999999,12.274162125,1.74,51.35,0.9362950447853,12.3277794436115,0.0451216058637348,10.4933786568254,0.5973806925290208,NA,0.723
437,2021-03-15T16:46:50Z,Bafog,25888,5,38,10,Virola,surinamensis,Virola_surinamensis,BF,BF,28,3,24,3,Mid,94.2,30,NA,NA,3.29447797452568,-1.5938375000000002,0.3650603825,2.2766152265,7.4158845115,10.0575601225,1.79,51.67,0.844574044219254,14.6696041250832,0.0418105455755156,14.8389474512513,0.6852916134525329,NA,0.816
438,2021-03-16T16:30:31Z,Bafog,26559,5,60,28,Tachigali,melinonii,Tachigali_melinonii,BF,Generalists,14,2,14,2,Sup,51,16.24203822,NA,NA,2.54582791633466,-1.5958350000000001,0.330408608,1.573476724,4.2727123355000005,6.1765976675,3.49,50.33,0.795752573742047,8.86109607351713,0.183152046783626,5.55751914401388,0.5826670930604413,NA,0.815
439,2021-03-16T16:30:31Z,Bafog,26915,5,70,52,Tachigali,melinonii,Tachigali_melinonii,BF,Generalists,17,3,15,2,Mid,57.5,18.31210191,NA,NA,3.03540419064962,-1.5259225,0.34845121300000004,1.553229345,6.33288791,8.234568468500001,2.69,47.57,0.550212979328364,7.62631701631702,0.179864302364302,4.82554979635749,0.5316537467700259,NA,0.831
440,2021-03-16T16:30:31Z,Bafog,373713,5,90,42,Conceveiba,guianensis,Conceveiba_guianensis,BF,Generalists,13,1,13,2,Sup,48.5,15.44585987,NA,NA,1.69294804337458,-1.5099425000000002,0.1706968845,0.955528597,3.2211458855,4.347371367,2.24,50.76,1.08813099581397,12.2605525045765,0.22021384589782,5.43047962671377,0.609484994442386,229.5918367,0.82
441,2021-03-16T16:30:31Z,Bafog,26866,5,69,29,Laetia,procera,Laetia_procera,BF,BF,24,4,24,4,Sup,121.5,38.69426752,NA,NA,5.00067122986539,-1.6377825000000001,0.1798691645,1.0716479374999999,4.711047987500001,5.96256509,1.77,49.88,0.762382001307039,5.8560153256705,1.18000416458437,8.11956556337216,0.612396504892496,NA,0.839
442,2021-03-16T16:30:31Z,Bafog,27788,5,99,14,Protium,stevensonii,Protium_stevensonii,BF,Generalists,23,3,23,3,Sup,110,35.03184713,NA,NA,2.59797807503219,-1.9334125000000002,0.25861900299999996,1.4291002395,2.4026311435,4.0903503855,1.5,47.74,0.669767844073803,4.32743448506093,1.38717492906026,8.15585913485613,0.5341728180633956,NA,0.842
443,2021-03-16T16:30:31Z,Bafog,27799,5,99,27,Iryanthera,hostmannii,Iryanthera_hostmannii,BF,BF,14,2,14,3,Sup,35.5,11.30573248,NA,NA,1.40274280344645,-1.56787,0.24447701100000002,1.148232919,2.2802994775,3.6730094075,1.68,51.17,0.60046412054879,4.19884101536406,0.236066299265197,5.01164864344073,0.6538709380465801,306.122449,0.816
444,2021-03-16T16:30:31Z,Bafog,25275,5,19,50,Conceveiba,guianensis,Conceveiba_guianensis,TF,Generalists,17,2,15,2,Inf,50.5,16.08280255,NA,NA,1.59277447013793,-1.4819775000000002,0.164339103,0.811781256,54.856092576,55.8322129415,1.68,48.39,0.719842956742807,12.5928325822066,0.427835920547488,2.82511301567736,0.6103825507916015,259.3537415,0.797
445,2021-03-16T16:30:31Z,Bafog,25207,5,18,10,Protium,stevensonii,Protium_stevensonii,BF,Generalists,24,3,18,3,Sup,172.8,55.03184713,NA,NA,7.58400988836935,-1.7496425,0.224922375,1.436594752,2.3446236115,4.006140739,1.55,48.85,0.701561630677015,3.43725607725608,1.39370046620047,6.62699834780604,0.5085594989561586,607.9931973,0.782
446,2021-03-16T16:30:31Z,Bafog,25442,5,24,25,Chrysophyllum,prieurii,Chrysophyllum_prieurii,TF,Generalists,16,2,14,2,Inf,64,20.38216561,NA,NA,5.46108389780998,-1.6657475,0.184306764,1.181745574,2.344892213,3.7109445515,2.11,47.09,0.550363920147988,5.34964261857048,0.346787742150969,4.33354243101588,0.5623804164321891,97.78911565,0.774
447,2021-03-16T16:30:31Z,Bafog,24752,5,4,8,Jacaranda,copaia subsp. copaia,Jacaranda_copaia subsp. copaia,TF,Generalists,28,4,24,5,Mid,109.5,34.87261146,NA,NA,7.70700383433957,NA,0.44468037149999995,1.9335328404999998,5.625726093,8.003939305,2.46,52.08,0.666429977319033,2.34252207229718,1.72523155089122,2.60357355937416,0.6471680594243269,178.5714286,0.764
448,2021-03-16T16:30:31Z,Bafog,24733,5,3,39,Hymenopus,heteromorphus,Hymenopus_heteromorphus,TF,Generalists,12,2,11,2,Mid,36.5,11.62420382,NA,NA,2.79263019788369,-1.5498925,0.2075098965,1.2441003995000002,7.560908618000001,9.0125189145,1.8,51.7,0.507263192307692,1.32944333333333,1.68759416666667,2.62137534615385,0.6050007789375292,NA,0.793
449,2021-03-16T16:30:31Z,Bafog,25360,5,22,10,Jacaranda,copaia subsp. copaia,Jacaranda_copaia subsp. copaia,TF,Generalists,22,4,20,4,Sup,98.5,31.36942675,NA,NA,5.45668730799961,NA,0.463983653,2.0782094395,3.5311351325,6.073328225,2.78,51.09,0.69741448506516,2.23482592037315,1.86566133599867,3.44415326951909,0.6265687174778084,225.3401361,0.843
450,2021-03-16T16:30:31Z,Bafog,26697,5,64,14,Jacaranda,copaia subsp. copaia,Jacaranda_copaia subsp. copaia,TF,Generalists,28,5,24,4,Sup,98.5,31.36942675,NA,NA,10.6955693487721,-1.4100675,0.4175559305,1.58711485,2.6671715295,4.6718423105,2.02,54.35,0.477685506800891,4.81637695637696,1.432162004662,2.089036309844,0.5694831321572269,250.8503401,0.837
451,2021-03-17T00:00:00Z,Bafog,4699,3,57,12,Poraqueiba,guianensis,Poraqueiba_guianensis,TF,TF,24,4,15,3,Mid,98.5,31.36942675,NA,NA,3.90996375840829,-1.7256725000000002,0.18171974000000002,1.0017866005,3.1223957330000003,4.305902073,1.2,44.76,0.562826018326018,1.93237570904238,0.937531698365032,3.38976511126511,0.5591534931157573,344.3877551,0.822
452,2021-03-17T00:00:00Z,Bafog,15745,3,58,28,Hymenopus,heteromorphus,Hymenopus_heteromorphus,TF,Generalists,16,2,14,2,Mid,71,22.61146497,NA,NA,2.63988519021888,-1.6257975000000002,0.1870632115,1.3614172385,5.5408474375,7.0893278875,1.69,58.59,0.523763192307692,1.91244333333333,1.45809416666667,5.18862534615385,0.550407937353942,NA,0.813
453,2021-03-17T00:00:00Z,Bafog,15746,3,58,29,Bocoa,prouacensis,Bocoa_prouacensis,TF,Generalists,23,3,17,3,Inf,65,20.70063694,NA,NA,4.84135898674555,-1.555885,0.1742531785,1.0757153444999998,3.6592956195,4.909264143,2.67,54.21,0.591558971793589,1.11700183425046,1.45482157745539,5.74649859545157,0.5901249256395001,148.8095238,0.776
454,2021-03-17T00:00:00Z,Bafog,3709,3,57,4,Eschweilera,coriacea,Eschweilera_coriacea,TF,Generalists,13,3,12,3,Mid,84,26.75159236,NA,NA,1.51360891422781,-1.4699925,0.1494984445,1.0193720755,1.9519598405,3.1208303595,1.95,51.21,0.724349716883017,2.74981806042397,0.0960382240026707,5.63207345633835,0.5763081933239582,497.4489796,0.886
455,2021-03-17T00:00:00Z,Bafog,3736,3,58,18,Poraqueiba,guianensis,Poraqueiba_guianensis,TF,TF,23,4,16,3,Mid,77.5,24.68152866,NA,NA,3.52089570931462,-1.7955850000000002,NA,NA,NA,NA,1.39,51.94,0.569908329812973,7.70238974871027,0.875281244799468,5.97965586236031,0.5923262804267108,225.3401361,0.883
456,2021-03-17T00:00:00Z,Bafog,3624,3,50,4,Eschweilera,coriacea,Eschweilera_coriacea,TF,Generalists,24,2,22,3,Mid,98.5,31.36942675,NA,NA,3.314684626706,-1.8215525000000001,0.208681193,1.134964332,1.3864201875,2.7300657125,1.99,53.87,0.622074229422404,2.35612139403035,0.288088210772053,5.14119594412591,0.5410871931309711,773.8095238,0.777
457,2021-03-17T00:00:00Z,Bafog,3744,3,59,6,Hymenopus,heteromorphus,Hymenopus_heteromorphus,TF,Generalists,23,3,19,3,Inf,70.5,22.4522293,NA,NA,6.26721267481547,-1.6238000000000001,0.1889713725,1.465933519,7.1023723274999995,8.757277219,1.73,52.75,0.527235956351341,1.83261072261072,1.88121295371295,3.32105429186199,0.5652521680559064,NA,0.842
458,2021-03-17T00:00:00Z,Bafog,3751,3,59,13,Poraqueiba,guianensis,Poraqueiba_guianensis,TF,TF,21,3,16,3,Mid,95,30.25477707,NA,NA,4.08793278004275,-1.6497675,0.1889155085,1.119489283,1.644658938,2.953063729,1.59,51.64,0.506995703050067,3.1914646716542,3.34074231088944,3.04725720314598,0.5582947824559349,199.829932,0.835
459,2021-03-17T00:00:00Z,Bafog,3630,3,50,11,Eschweilera,coriacea,Eschweilera_coriacea,TF,Generalists,13,3,13,3,Sup,62.5,19.9044586,NA,NA,2.40074953077121,-1.4899675000000001,0.1332702645,0.9355687735,1.554008788,2.6228478255,1.38,51.24,0.619001194697087,2.92153640614562,0.144833834335337,2.73434403422229,0.5474385937065989,386.9047619,0.872
460,2021-03-17T00:00:00Z,Bafog,15759,3,59,29,Poraqueiba,guianensis,Poraqueiba_guianensis,TF,TF,27,4,25,4,Sup,71,22.61146497,NA,NA,2.38708785661114,-1.995335,0.154876077,0.792116829,2.7351109655,3.682103871,1.34,51.19,0.560543464039712,5.9869368017342,0.314351342337836,2.96635852541655,0.5852476949523363,289.1156463,0.844
461,2021-03-17T00:00:00Z,Bafog,3636,3,51,3,Poraqueiba,guianensis,Poraqueiba_guianensis,TF,TF,14,3,12,2,Inf,70.5,22.4522293,NA,NA,1.37440645704333,-1.7456475,0.154429802,1.109054778,2.525430581,3.7889151615,1.92,51.23,0.769378503056164,3.0511677494586,0.144471930701316,6.18053507861454,0.5503804737975592,NA,0.867
462,2021-03-17T00:00:00Z,Bafog,43001,3,54,55,Conceveiba,guianensis,Conceveiba_guianensis,TF,Generalists,13,2,13,2,Sup,37.5,11.94267516,NA,NA,6.47211249207308,-1.60782,0.1178104365,0.7156864805,2.098720226,2.932217143,1.96,48.94,0.895053298905503,13.0450334001336,0.287719605878424,4.65092720055495,0.581867736295382,NA,0.831
463,2021-03-17T00:00:00Z,Bafog,42991,3,54,45,Bocoa,prouacensis,Bocoa_prouacensis,TF,Generalists,18,3,12,3,Mid,41,13.05732484,NA,NA,5.24663516795073,-1.6557600000000001,0.18914295,0.886924074,1.8788144445000001,2.9548814685,2.25,53.85,0.542720471835857,1.89554778554779,1.01058358308358,5.57804729885499,0.49958771387342815,267.8571429,0.764
464,2021-03-17T00:00:00Z,Bafog,43017,3,54,72,Jacaranda,copaia subsp. copaia,Jacaranda_copaia subsp. copaia,TF,Generalists,21,3,20,3,Sup,39.5,12.57961783,NA,NA,5.73599634916728,NA,0.40705456149999997,1.5708323714999999,4.100190748999999,6.078077682,2.24,52.29,0.529527956285835,6.49218942804736,1.90504669001167,2.58666868049409,0.6220218064342442,314.6258503,0.863
465,2021-03-17T00:00:00Z,Bafog,41503,3,12,65,Jacaranda,copaia subsp. copaia,Jacaranda_copaia subsp. copaia,TF,Generalists,9,3,9,3,Sup,40.5,12.89808917,pas BF,NA,9.95,-1.5279200000000002,0.372090027,1.6661461735,3.12055653,5.158792731,2.04,51.67,0.578341533841534,5.78973306639973,1.90249666333,2.49111646261646,0.6645775883680121,246.5986395,0.746
466,2021-03-17T00:00:00Z,Bafog,15361,3,12,24,Virola,michelii,Virola_michelii,BF,Generalists,28,3,25,2,Inf,82.5,26.27388535,en limite BF,NA,11.0610256790404,-1.64777,0.3448420505,1.834885692,5.017795316,7.197523059,1.72,52.16,0.603763192307692,4.99894333333333,0.923594166666667,3.58712534615385,0.5351882160392799,NA,0.761
467,2021-03-18T14:42:33Z,Bafog,33216,2,1,40,Casearia,javitensis,Casearia_javitensis,TF,TF,13,2,10,2,Sup,36,11.46496815,NA,NA,2.3945252697211,-1.8874700000000002,0.1927351995,0.9045587635,1.4045831309999999,2.501877094,1.46,52.29,0.428709482824867,5.15378954378954,0.289654512154512,2.82080454161223,0.4817333117478819,331.6326531,0.822
468,2021-03-18T14:42:33Z,Bafog,33214,2,1,38,Conceveiba,guianensis,Conceveiba_guianensis,TF,Generalists,12,2,12,2,Sup,42,13.37579618,NA,NA,2.23129905483374,-1.60782,0.18437587849999998,0.7996357105,1.900396472,2.8844080610000002,2.02,47.87,0.848384152689416,14.5753817878028,0.218741019214703,5.21666701368807,0.5314367678699498,NA,0.824
469,2021-03-18T14:42:33Z,Bafog,10616,2,8,29,Bocoa,prouacensis,Bocoa_prouacensis,TF,Generalists,18,3,15,3,Mid,62,19.74522293,NA,NA,3.12780601801218,-1.60782,0.22438701249999998,1.2343896805,3.0187019944999998,4.477478687,2.44,53.27,0.593778745444082,1.72064172901081,0.386727348295927,7.35024972184922,0.5405033584203286,276.3605442,0.835
470,2021-03-18T14:42:33Z,Bafog,3856,2,8,4,Jacaranda,copaia subsp. copaia,Jacaranda_copaia subsp. copaia,TF,Generalists,28,4,28,4,Sup,90.5,28.82165605,NA,NA,8.07314864772905,NA,0.46764428849999995,1.823769343,5.127079967,7.4184935985,2.49,52.3,0.602263192307692,5.36394333333333,0.828094166666667,2.75712534615385,0.5535302261190586,272.1088435,0.795
471,2021-03-18T14:42:33Z,Bafog,33461,2,15,34,Casearia,javitensis,Casearia_javitensis,TF,TF,17,4,17,4,Sup,43,13.69426752,NA,NA,4.7705204169391,NA,0.16410919000000002,0.7610220489999999,1.4115615515,2.336692791,1.63,51.52,0.510741708889912,5.25343646041251,0.105682801064538,2.82522489636112,0.4975061660728967,NA,0.795
472,2021-03-18T14:42:33Z,Bafog,1012,2,16,17,Bocoa,prouacensis,Bocoa_prouacensis,TF,Generalists,14,1,14,2,Sup,102.5,32.6433121,NA,NA,6.63421044268943,-1.63179,0.23816018,1.1736769465,2.9021789455,4.3140160715,2.19,54.52,0.449813192307692,4.81344333333333,0.482094166666667,3.08412534615385,0.5255788906838988,233.8435374,0.794
473,2021-03-18T14:42:33Z,Bafog,4215,4,16,6,Licania,membranacea,Licania_membranacea,TF,TF,12,1,11,2,Mid,38.6746512,12.3167679,NA,NA,8.34165425577923,-1.723675,0.3739791325,1.7777815715,2.0468110885,4.1985717925,1.7,42.62,0.378394982272237,6.66727788911156,0.735064295257181,3.34706948512409,0.5467931473877956,NA,0.824
