Code,Site,Genus,Species,Weight_mg_CNS,%N,%C,%S,Remark Sample,Weight_g_trace,P (g/kg),Fe (g/kg),Mn (g/kg),Mg (g/kg),Al (g/kg),Ca (g/kg),Na (g/kg),K (g/kg),Cr (mg/kg),Cu (mg/kg),Ni (mg/kg),Pb (mg/kg),Rb (mg/kg),Sr (mg/kg),Zn (mg/kg),Commentaires
245,Bafog,Jacaranda,copaia,7.889,2.44,53.45,0.196,NA,0.2005,0.660349127182045,0.072568578553616,0.0246280964256027,3.08487718204489,0.0929027431421446,3.851154399715,1.29103366583541,2.69167096544353,1.02618699916874,13.6566251039069,3.86352408977556,0,5.10224438902743,48.8290523690773,7.43391521197008,NA
246,Bafog,Eschweilera,coriacea,8.344,2.14,51.69,0.244,NA,0.2003,0.747378931602596,0.0532700948577134,0.0928354135463471,1.77243072890664,0.0447528706939591,1.80257841808715,0.137504992511233,6.5757864631624,0.503517190880346,9.18948244300216,1.45181517723415,0,53.4947578632052,62.6821018472292,18.5471792311533,NA
247,Bafog,Vouacapoua,americana,7.919,2.34,52.56,0.163,NA,0.1998,0.752252252252252,0.153403403403403,0.166691358024691,1.76034972472472,0.175510510510511,2.19247476047476,0.656417667667668,3.02692706992707,0.858641107774441,8.01378044711378,5.80954744744745,0,11.7367367367367,37.838963963964,15.5105105105105,NA
248,Bafog,Casearia,javitensis,8.156,2.09,50.98,0.273,NA,0.2003,0.686470294558163,0.265476784822766,0.171891828923282,2.52729842735896,0.526595107338992,3.99229384494686,2.87345107338992,8.69760373725127,4.90124892661009,8.01374604759528,2.02516015976036,0,59.9600599101348,54.0200948577134,12.9455816275587,NA
249,Bafog,Conceveiba,guianensis,8.389,2.45,46.41,0.131,NA,0.1998,0.967467467467467,0.171596596596597,0.0601348014681348,3.45904842342342,0.142877877877878,8.11239468039468,0.244756006006006,7.78843858143858,5.22024270937604,5.75402068735402,1.5863042042042,0,31.9169169169169,37.3134384384384,8.33583583583584,NA
250,Bafog,Gustavia,hexapetala,8.059,2.07,48.86,0.323,NA,0.1999,0.600300150075038,0.0895447723861931,0.0252773053193263,5.24471173086543,0.0569634817408704,14.0413029371829,0.550536518259129,9.15022525548489,2.87411202267801,9.2178756044689,3.15609094547274,0,52.4012006003002,351.551900950475,12.4512256128064,NA
251,Bafog,Virola,michelii,8.134,2.16,53.9,0.298,NA,0.2,0.6825,0.06825,0.165974666666667,3.741589375,0.04007,3.16178228571429,1.07826125,3.37965014285714,0.962097466666667,9.74326666666667,8.4387379,0,12.52,35.601125,12.46,NA
252,Bafog,Iryanthera,sagotiana,7.659,1.65,50.64,0.19,NA,0.2002,0.496053946053946,0.0900599400599401,0.168755910755911,3.96412524975025,0.0941408591408591,7.36192036534894,1.76199925074925,3.59155858427287,3.65890356310356,7.78298368298368,3.07986803196803,0,9.43556443556444,66.6095154845155,13.9310689310689,NA
253,Bafog,Licania,membranacea,8.174,1.61,50.04,0.247,NA,0.2002,0.408541458541459,0.0758491508491508,0.528945720945721,1.63944992507493,0.061973026973027,11.0482340516626,1.05270854145854,11.4641859569002,2.05130366300366,5.37289377289377,2.11769520479521,0,47.8846153846154,104.521603396603,6.10889110889111,NA
254,Bafog,Conceveiba,guianensis,8.233,1.61,48.26,0.11,NA,0.1995,0.774937343358396,0.0695989974937343,0.097518462823726,2.16099185463659,0.0487468671679198,12.8814860007161,0.199309523809524,6.80766931614751,2.60252126984127,6.57470342522974,1.50538135338346,0,22.4260651629073,137.118922305764,7.16791979949875,NA
255,Bafog,Protium,stevensonii,8.438,1.47,45.59,0.134,NA,0.2,0.541,0.100525,0.266124666666667,2.087089375,0.073835,3.23878228571429,0.64126125,7.31565014285714,4.88177746666667,6.70326666666667,2.7707779,0,26.6575,38.636125,5.3525,NA
256,Bafog,Chrysophyllum,prieurii,8.332,1.49,53.7,0.13,NA,0.1996,0.477705410821643,0.0924098196392786,0.236322311289245,2.98756450400802,0.0956763527054108,5.82092413398225,1.94164453907816,2.88491998282279,0.974962391449566,3.17962591850367,3.2398125250501,0,9.82464929859719,48.047219438877796,5.6688376753507,NA
257,Bafog,Protium,stevensonii,8.436,1.62,47.16,0.141,NA,0.1997,0.749624436654982,0.0888582874311467,0.185778334167919,2.71215761141713,0.0750976464697046,2.50178496315902,1.00627065598398,11.2375064024608,2.15695289601068,7.21408779836421,1.81063385077616,0,47.4236354531798,25.5344266399599,11.7826740110165,NA
258,Bafog,Eschweilera,coriacea,7.733,2.05,50.9,0.197,NA,0.2004,0.734530938123752,0.0710578842315369,0.230663339986693,2.59090755988024,0.060314371257485,2.8535751354434,0.0922766966067864,5.21521970345024,1.15959827012641,7.61803060545576,1.49556676646707,0,37.9890219560878,130.814496007984,24.9101796407186,NA
259,Bafog,Dicorynia,guianensis,8.076,2.64,53.02,0.14,NA,0.2001,0.734632683658171,0.101974012993503,0.104647342995169,0.696241254372814,0.0743978010994503,2.39508474334262,0.467127686156922,5.47291368601414,1.78639926703315,13.5914709312011,1.25481549225387,0,27.9635182408796,47.3774362818591,7.38630684657671,NA
260,Bafog,Iryanthera,sagotiana,8.218,1.67,51.11,0.161,NA,0.2003,0.63854218671992,0.0744383424862706,0.13447295723082,3.3690358212681,0.0762705941088368,5.34626289137722,0.998263854218672,8.17838256900364,1.35848473955733,9.19946746546846,3.28388706939591,0,30.9785322016975,66.0270843734399,16.0908637044433,NA
268,NA,NA,NA,7.607,3.11,52.98,0.144,Echantillon non présent dans le listing mais présent dans l'envoi des échantillons,0.2,0.6345,0.113975,0.154624666666667,2.323089375,0.097335,3.46478228571429,0.35661125,4.06690014285714,1.11944746666667,9.86826666666667,2.5666579,0,22.305,24.541125,9.4175,Echantillon non présent dans le listing mais présent dans l'envoi des échantillons
262,Bafog,Eschweilera,coriacea,8.277,2.31,51.15,0.294,NA,0.1997,0.909864797195794,0.0836004006009013,0.194065765314639,1.74220267901853,0.0877165748622934,3.62822462264826,0.152389834752128,7.31161756921096,1.04458434318144,8.70632615590052,1.3663624436655,0,47.2533800701052,163.521407110666,15.4081121682524,NA
263,Bafog,Poraqueiba,guianensis,8.041,1.13,52.39,0.172,NA,0.1999,0.505252626313157,0.050487743871936,0.0203498415874604,5.1396592046023,0.06991995997999,5.90223340241549,0.2815020010005,3.52191109840635,0.904779856594964,4.20036685009171,0,0,16.248124062031,70.6114307153577,5.91795897948975,NA
264,Bafog,Eschweilera,coriacea,7.856,2.08,51.17,0.203,NA,0.2,0.883,0.0619,0.0922246666666667,1.395589375,0.051035,3.31328228571429,0.09591125,6.79065014285714,0.963762466666667,10.6157666666667,1.4745879,0,47.5725,174.076125,14.625,NA
265,Bafog,Iryanthera,hostmannii,8.308,1.76,50.91,0.15,NA,0.2005,0.686783042394015,0.125985037406484,0.114937323358271,2.38811907730673,0.144972568578554,7.00177784111151,0.116071072319202,6.04553630210189,1.35306480465503,17.1279467996675,3.56801286783042,0,30.1645885286783,87.5073566084788,19.1620947630923,NA
266,Bafog,Virola,michelii,8.251,2.35,55.2,0.485,NA,0.1996,0.662825651302605,0.076002004008016,0.0782311289245157,1.8492879509018,0.0508867735470942,8.47623475522474,1.68438001002004,4.04924864013742,1.96433864395458,12.7036740146961,3.34362014028056,0,16.7434869739479,75.3267785571142,14.5941883767535,NA
267,Bafog,Iryanthera,hostmannii,8.362,1.99,51.82,0.182,NA,0.1999,0.768884442221111,0.0640820410205103,0.107203268300817,2.85201538269135,0.0603151575787894,5.5470558136211,0.086004252126063,9.13021525048238,2.85182587960647,12.7871602467901,2.45513546773387,0,46.1605802901451,69.1106803401701,16.8884442221111,NA
269,Bafog,Dicorynia,guianensis,8.227,2.35,53.05,0.153,NA,0.1995,0.727318295739348,0.158170426065163,0.105363074352548,0.816630952380952,0.150010025062657,2.26293963480129,1.39976065162907,3.49588986752596,1.66502502923977,4.61480367585631,1.72091518796993,0,21.8320802005013,23.033709273183,8.07268170426065,NA
270,Bafog,Eschweilera,coriacea,8.468,1.72,51.89,0.182,NA,0.2,0.6175,0.06755,0.174124666666667,1.914589375,0.059635,2.33328228571429,0.20531125,5.57065014285714,0.810932466666667,9.32076666666667,1.3037679,0,38.535,77.326125,10.6825,NA
271,Bafog,Dicorynia,guianensis,8.058,2.72,53.26,0.147,NA,0.2001,0.850074962518741,0.0988755622188906,0.0719886723305014,0.797690529735132,0.0870914542728636,2.01577439851503,0.343289605197401,5.61284372099664,1.06960766283525,12.0147592870232,1.79513033483258,0,26.7691154422789,25.7182658670665,9.88255872063968,NA
272,Bafog,Poraqueiba,guianensis,8.231,0.98,52.8,0.226,NA,0.2003,0.393334997503744,0.109485771342986,0.0256062572807456,4.15585559161258,0.276669995007489,6.68425590186149,1.51773464802796,2.05606604379146,1.0875311699118,2.74165418538858,1.06033739390914,0,7.83824263604593,77.559785322017,4.40289565651523,NA
274,Bafog,Eschweilera,coriacea,8.027,1.87,51.28,0.208,NA,0.2002,0.695304695304695,0.0532217782217782,0.0906340326340326,1.28580357142857,0.0418481518481519,1.66361866704724,0.0721391108891109,8.27737277008706,1.02564182484183,15.4303363303363,3.27566723276723,0,48.5064935064935,70.5555694305694,16.953046953047,NA
275,Bafog,Poraqueiba,guianensis,8.208,1.42,52.86,0.173,NA,0.1999,0.507253626813407,0.0772636318159079,0.01386659996665,6.53035455227614,0.108189094547274,4.86271364253555,0.401912206103052,2.85632830701065,1.26195344338836,5.9162247790562,1.3850304152076,0,12.776388194097,64.8085292646323,8.77938969484742,NA
276,Bafog,Conceveiba,guianensis,8.224,2.08,50.62,0.125,NA,0.2,0.863,0.091375,0.0737246666666667,1.580589375,0.085885,6.34428228571429,0.14886125,7.70565014285714,1.19171246666667,6.78826666666667,1.8083779,0,22.0675,84.576125,9.0525,NA
277,Bafog,Protium,stevensonii,8.269,1.73,46.7,0.156,NA,0.1996,0.896793587174349,0.109944889779559,0.22850668002672,2.423937249499,0.0762374749498998,2.74527283137704,1.28032189378758,5.87239493272259,3.30044084836339,8.64054776219105,2.1671622244489,0,11.8787575150301,17.8067384769539,9.19839679358717,NA
278,Bafog,Hymenopus,heteromorphus,8.247,1.61,53.33,0.255,NA,0.1997,0.637456184276415,0.0936404606910366,0.0301949591053247,1.77675450676014,0.0872658988482724,2.39737835324415,1.0503367551327,4.6388584305029,2.55987978634619,9.72034718744784,2.8577695543315,0,17.2759138708062,27.7527541311968,10.378067100651,NA
279,Bafog,Tachigali,melinonii,7.838,3.31,52.64,0.136,NA,0.2004,0.69810379241517,0.0820858283433134,0.129515635395875,1.5694504740519,0.105274451097804,2.30267693185058,0.204152944111776,7.76511990305104,0.920865735196274,11.4852960745176,0.822822255489022,0,40.7834331337325,15.8993263473054,7.28792415169661,NA
280,Bafog,Hymenopus,heteromorphus,8.202,1.47,52.01,0.31,NA,0.2001,0.870564717641179,0.0683908045977011,0.0371111111111111,2.36740567216392,0.0711994002998501,1.3895874919683,1.78137056471764,8.22653687441993,1.5100374479427,13.4815259037148,1.96514032983508,0,68.3658170914543,10.4209145427286,14.9675162418791,NA
281,Bafog,Poraqueiba,guianensis,7.906,1.27,52.69,0.156,NA,0.1999,0.521260630315158,0.0995247623811906,0.0154623978655995,5.9300544022011,0.118194097048524,2.60358407775316,0.732127313656829,4.48589308940184,3.28505249291312,5.65109221277305,3.71220900450225,0,24.2446223111556,26.5393946973487,8.27913956978489,NA
282,Bafog,Protium,stevensonii,8.237,2.64,50.45,0.28,NA,0.2005,0.881795511221945,0.125286783042394,0.0624684954280964,4.17614900249377,0.120982543640898,9.96935888849305,3.40175685785536,14.3248380477378,1.74406231088944,18.095527847049,2.44955900249377,0,48.3042394014963,79.4275561097257,12.9526184538653,NA
283,Bafog,Dicorynia,guianensis,8.424,2.92,52.15,0.152,NA,0.2,0.8825,0.092275,0.0825746666666667,1.332089375,0.063785,2.09978228571429,0.66226125,6.56065014285714,1.61849746666667,14.3932666666667,1.4603879,0,44.85,21.471125,11.355,NA
284,Bafog,Dicorynia,guianensis,8.226,2.69,52.51,0.153,NA,0.2001,0.832583708145927,0.130684657671164,0.0851321006163585,1.06055909545227,0.125572213893053,2.32262097522667,0.533994252873563,5.83773127721853,1.63426033649842,13.224154589372,1.2181688155922,0,34.6851574212894,28.0520989505247,7.57871064467766,NA
285,Bafog,Poraqueiba,guianensis,8.266,1.23,48.88,0.169,NA,0.2005,0.513216957605985,0.100174563591022,0.0161393183707398,5.43350561097257,0.0911072319201995,4.11000726754542,0.930435162094763,3.17421460634129,3.46842141313383,5.74390689941812,0.970731072319202,0,11.3316708229426,48.5098503740649,7.78802992518703,NA
286,Bafog,Hymenopus,heteromorphus,7.991,1.5,54.42,0.293,NA,0.1997,0.741111667501252,0.0679018527791688,0.0262941078284093,1.91996932899349,0.0736454682023035,1.52757364618356,1.30371682523786,6.54046083410831,1.14954678684694,8.68629611083292,2.97327280921382,0,40.4857285928893,12.5799949924887,12.8492739108663,NA
287,Bafog,Eschweilera,coriacea,7.615,1.95,50.82,0.307,NA,0.2002,0.732267732267732,0.0516233766233766,0.13838628038628,2.03954982517483,0.0447402597402597,2.33095133437991,0.143467782217782,6.1245256172399,0.282517948717949,13.8743922743923,1.44702587412587,0,46.500999000999,86.5895354645355,20.8491508491508,NA
288,Bafog,Hymenopus,heteromorphus,7.757,1.57,50.86,0.398,NA,0.2,1.12,0.11155,0.0210896666666667,2.116589375,0.084035,1.26878228571429,1.89776125,10.6606501428571,8.29528913333333,15.8357666666667,5.2053379,0,85.95,8.606125,18.82,NA
289,Bafog,Licania,membranacea,8.488,1.58,41.84,0.174,NA,0.1999,0.583291645822911,0.112056028014007,0.278714023678506,1.73845860430215,0.0871285642821411,1.77016736939899,0.491006753376688,6.89409719145287,5.69558692679673,6.38645989661498,22.2103430715358,0,31.9959979989995,11.1617058529265,6.77088544272136,NA
290,Bafog,Hymenopus,heteromorphus,8.073,1.47,54.51,0.276,NA,0.2002,0.591908091908092,0.119905094905095,0.0277918747918748,2.0115777972028,0.128006993006993,2.25203025545883,1.37888236763237,5.64500513771943,1.51451295371295,4.83343323343323,2.80456833166833,0,23.1968031968032,20.130994005994,10.2472527472528,NA
291,Bafog,Eschweilera,coriacea,8.294,2.12,51.58,0.279,NA,0.2002,0.916583416583417,0.105144855144855,0.173651015651016,1.96212724775225,0.107027972027972,2.97730498073355,0.102358891108891,6.74390623662052,0.606570895770896,16.2095571095571,0.67235054945055,0,46.0264735264735,149.876248751249,16.3836163836164,NA
292,Bafog,Iryanthera,hostmannii,7.684,1.73,48.74,0.155,NA,0.2004,0.654690618762475,0.133657684630739,0.184031603459747,2.43621694111776,0.153028942115768,7.39948331907613,0.161687874251497,4.63188637011691,1.17708330006653,8.78819028609448,2.11855578842315,0,21.062874251497,81.7126996007984,18.5279441117765,NA
293,Bafog,Iryanthera,hostmannii,7.846,1.8,56.96,0.205,NA,0.2003,0.700948577134299,0.0952321517723415,0.424088533865868,2.08795743884174,0.104677983025462,15.5010307396049,0.126671243135297,4.73879195492476,1.03111080046597,10.9069063072059,1.99979321018472,0,19.1063404892661,195.982151772341,24.8577134298552,NA
294,Bafog,Eschweilera,coriacea,8.217,1.74,51.53,0.194,NA,0.2001,0.807096451774113,0.0689405297351325,0.0753369981675829,1.16950462268866,0.0434332833583208,1.3096274719783,0.0818703148425787,8.42643692439495,2.82755868732301,8.53150091620856,0.863865967016492,0,75.8120939530235,97.9771364317841,14.8125937031484,NA
295,Bafog,Carapa,surinamensis,7.881,1.59,51.9,0.311,Echantillon rebroyé,0.1998,0.695695695695696,0.236111111111111,0.0401498164831498,2.37696634134134,0.304339339339339,10.9702525382525,0.415276526526527,3.49189203489203,1.32183430096763,6.24951618284952,1.0741970970971,0,10.01001001001,188.81493993994,12.2622622622623,NA
296,Bafog,Hymenopus,heteromorphus,8.182,1.57,51.51,0.303,NA,0.1997,0.785177766649975,0.0753880821231848,0.0249320647638124,2.28101089133701,0.0824086129193791,1.68781400672437,1.59064722083125,9.11432162529509,1.36657733266567,7.60467367718244,1.77300741111668,0,60.9914872308463,14.3125938908363,10.5232849273911,NA
297,Bafog,Conceveiba,guianensis,8.192,1.94,49.27,0.13,NA,0.2005,0.977057356608479,0.0865835411471322,0.0674560266001663,2.10781982543641,0.0751471321695761,11.1863164944781,0.13023566084788,5.28244403277521,1.67018201163757,4.80625103906899,0,0,12.14463840399,95.1881546134663,6.82543640897756,NA
298,Bafog,Jacaranda,copaia,7.757,1.97,53.42,0.21,Echantillon rebroyé,0.2003,0.531702446330504,0.125112331502746,0.062331169911799,2.83234086370444,0.191098352471293,8.83602824334926,1.66226784822766,2.35411896441053,0.512408853386587,8.36821434514894,1.69732690963555,0,6.49026460309536,118.897778332501,5.53669495756365,NA
299,Bafog,Tachigali,melinonii,7.888,3.57,53.18,0.137,NA,0.2003,0.825262106839741,0.117723414877683,0.100324180396073,1.37702383924114,0.111367948077883,2.91940318094287,0.467609835247129,7.03010498537907,1.06597849891829,14.2943251788983,1.17618861707439,0,43.0004992511233,22.3525961058412,9.65052421367948,NA
300,Bafog,Eschweilera,coriacea,8.253,1.82,51.15,0.184,NA,0.2002,0.706293706293706,0.0761238761238761,0.0610636030636031,1.43015921578422,0.0979370629370629,3.33994234337092,0.0859253246753247,6.9237264164407,2.36268727938728,9.90586080586081,0.925906993006993,0,48.4140859140859,140.63548951049,13.3116883116883,NA
301,Bafog,Eschweilera,coriacea,8.07,1.56,50.66,0.22,NA,0.1998,0.562062062062062,0.0746996996996997,0.186160827494161,1.82491428928929,0.09497997997998,3.32360589160589,0.387348598598599,6.31696710996711,0.946674140807474,12.6709376042709,1.10271561561562,0,55.5805805805806,137.763888888889,12.2472472472472,NA
302,Bafog,Conceveiba,guianensis,7.88,1.66,43.88,0.121,NA,0.2002,0.91958041958042,0.0833916083916084,0.0794452214452214,2.02006930569431,0.0870479520479521,13.7455367489653,0.280330919080919,3.59130883402312,0.841985481185481,5.42284382284382,0,0,8.35664335664336,101.924200799201,11.0714285714286,NA
303,Bafog,Hymenopus,heteromorphus,7.964,1.87,54.86,0.314,NA,0.2005,1.05885286783042,0.188802992518703,0.0205532834580216,2.22253304239401,0.247241895261845,1.76437135732098,0.830684538653367,8.61411485571785,4.94233330008313,8.05064006650042,2.16614753117207,0,73.1670822942643,12.734289276808,14.4638403990025,NA
304,Bafog,Symphonia,globulifera,7.932,1.66,48.87,0.376,NA,0.2002,0.472727272727273,0.285814185814186,0.0354642024642025,3.9131761988012,0.270964035964036,10.5787035821322,1.84941183816184,5.34530483801912,10.7788103230103,5.25301365301365,1.7150028971029,0,27.4525474525475,83.142982017982,41.8131868131868,NA
305,Bafog,Eschweilera,coriacea,8.185,1.98,51.5,0.171,NA,0.2005,0.786533665835412,0.068428927680798,0.0651617622610141,1.66193453865337,0.0709077306733167,2.33843619522622,0.165497506234414,5.41211984324902,2.05250620116376,8.46211138819618,1.19217246882793,0,39.6259351620948,66.1108478802992,12.3092269326683,NA
306,Bafog,Virola,michelii,8.381,1.63,55.57,0.332,NA,0.2003,0.610084872690964,0.0827259111333,0.0977779996671659,2.53678419870195,0.0947928107838243,5.12659239711861,1.08912755866201,3.98342500534912,0.490941055084041,9.16951239806956,2.05221957064403,0,17.7234148776835,44.3770594108837,18.3674488267599,NA
307,Bafog,Virola,michelii,8.413,1.91,52.81,0.307,NA,0.1995,0.609022556390977,0.103132832080201,0.377819214703425,3.05422493734336,0.0952731829573935,10.0594308628715,0.988733082706767,4.7841104189044,3.32767665831245,11.2213199665831,5.68660441102757,0,17.4285714285714,129.048746867168,17.5889724310777,NA
308,Bafog,Iryanthera,hostmannii,7.945,1.81,51.66,0.193,NA,0.2005,0.669825436408978,0.0876807980049875,0.300174231088944,1.84397942643392,0.0975411471321696,9.42571799073744,0.096071072319202,10.3048879230495,0.933648345802161,9.11547797173733,1.780696159601,0,40.6084788029925,125.262967581047,28.7481296758105,NA
309,Bafog,Eschweilera,coriacea,8.116,1.68,51.49,0.227,Echantillon rebroyé,0.1996,0.635771543086172,0.0688376753507014,0.502479625918504,1.58425789078156,0.0718286573146293,8.53134497566562,0.223257765531062,4.90395805897509,1.3797169004676,8.10447561790247,0,0,39.2009018036072,542.060245490982,8.36673346693387,NA
310,Bafog,Eschweilera,coriacea,8.198,1.83,50.85,0.206,Echantillon rebroyé,0.1997,0.699549323985979,0.0586629944917376,0.221056251043232,1.57445105157737,0.047586379569354,4.12897574933829,0.131007761642464,7.51692553115387,1.61835499916542,7.45695209480888,0.735801602403606,0,56.28442663996,206.335628442664,13.2799198798197,NA
311,Bafog,Laetia,procera,8.219,1.36,44.93,0.112,NA,0.1995,0.626065162907268,0.119724310776942,0.0486412698412699,2.98705701754386,0.121338345864662,7.62334063730756,2.34838220551378,2.96105277479413,1.40955134502924,5.96818713450293,2.02242395989975,0,8.08020050125314,85.439724310777,10.2882205513784,NA
312,Bafog,Hymenopus,heteromorphus,8.294,1.82,57.62,0.31,Echantillon rebroyé,0.2001,0.736131934032984,0.104497751124438,0.0453969681825754,1.56130872063968,0.0926386806596702,1.35910273434711,1.57147551224388,6.71729149710859,1.14387552890222,9.67342995169082,2.16320129935033,0,35.599700149925,25.608320839580198,17.536231884058,NA
313,Bafog,Hymenopus,heteromorphus,8.146,1.63,52.38,0.303,NA,0.1995,0.626065162907268,0.118421052631579,0.0301951545530493,1.73643045112782,0.100135338345865,1.57121031149302,1.52758020050125,5.07834600787683,4.79339094402673,7.66492898913952,2.345175839599,0,26.0225563909774,19.299373433584,11.2681704260652,NA
314,Bafog,Eschweilera,coriacea,8.176,1.63,49.45,0.208,NA,0.2,0.618,0.19445,0.358574666666667,2.510589375,0.747885,10.4192822857143,0.28526125,5.66565014285714,7.9016558,8.31576666666667,1.2553729,0,38.7875,494.526125,49.83,NA
315,Bafog,Eschweilera,coriacea,7.735,1.93,50.45,0.234,NA,0.1999,0.854927463731866,0.105327663831916,0.184491912622978,1.44881378189095,0.212691345672836,4.1638642178232,0.166744622311156,7.86958493532481,1.83501497415374,13.154844088711,1.16639609804902,0,70.3851925962982,244.14819909955,22.9914957478739,NA
316,Bafog,Virola,michelii,8.467,1.8,48.81,0.191,NA,0.2,0.5545,0.1283,0.116399666666667,2.626089375,0.133085,5.15428228571429,0.79426125,4.53390014285714,1.44145746666667,11.3907666666667,5.0794879,0,18.74,38.531125,20.935,NA
317,Bafog,Chrysophyllum,prieurii,8.036,1.29,55.53,0.225,NA,0.1999,0.463881940970485,0.138469234617309,0.0900697015174254,2.80799337168584,0.190030015007504,7.69312885013936,0.835679089544772,2.13771900235832,0.771863398365849,3.46499916624979,1.58412496248124,0,8.82941470735368,32.7675087543772,5.92546273136568,NA
318,Bafog,Laetia,procera,8.244,2.38,52.11,0.204,NA,0.2,1.036,0.109975,0.0584246666666667,2.768089375,0.093985,6.62928228571429,1.55951125,5.16565014285714,3.25045246666667,6.52326666666667,1.3459029,0,15.96,74.276125,13.275,NA
319,Bafog,Licania,membranacea,7.832,1.5,50.28,0.257,NA,0.2005,0.406134663341646,0.0618952618453865,0.146109393183707,2.7711614713217,0.0552468827930175,6.51798731742073,1.51746758104738,6.4395512646954,1.64527428096426,6.38729842061513,3.48277596009975,0,35.4513715710723,72.8938902743142,6.13466334164589,NA
320,Bafog,Jacaranda,copaia,7.811,2.76,52.13,0.333,NA,0.1999,0.678839419709855,0.0726863431715858,0.0214854093713523,2.94306090545273,0.082376188094047,2.37396927034946,2.2799012006003,2.63296662617023,1.22857175254294,13.6450892112723,1.72665122561281,0,8.66433216608304,35.8390445222611,10.3176588294147,NA
321,Bafog,Tachigali,melinonii,8.393,3.03,53.02,0.141,NA,0.1997,0.684526790185278,0.123109664496745,0.137631113336672,1.6480614672008,0.178452679018528,2.67078846841691,0.514032298447672,5.91452192574576,2.77702800867969,13.5911533967618,1.50608202303455,0,33.3375062593891,27.8178517776665,13.3700550826239,NA
322,Bafog,Tachigali,melinonii,7.867,2.95,52.01,0.125,NA,0.2001,0.677661169415292,0.0899050474762619,0.121064134599367,1.27295289855073,0.0930384807596202,2.16070193474691,0.32529860069965,6.05762133219105,1.2051698817258,10.7753789771781,1.07666956521739,0,32.9235382308846,18.961644177911,7.94102948525737,NA
323,Bafog,Tachigali,melinonii,8.191,3.07,52.57,0.173,NA,0.1996,0.656312625250501,0.100375751503006,0.120665998663995,2.22203344188377,0.101788577154309,3.70819868308045,0.312887024048096,4.29699413111938,1.68779305277221,7.39806279225117,1.1361001002004,0,26.2399799599198,36.2736723446894,7.57765531062124,NA
324,Bafog,Chrysophyllum,prieurii,7.676,1.1,52.58,0.154,NA,0.2001,0.375937031484258,0.0846826586706647,0.152223554889222,3.02957458770615,0.118425787106447,5.88134161490683,1.76687781109445,1.85072478046691,0.912166383474929,2.64894219556888,0.985490154922539,0,8.07096451774113,41.6702898550725,4.63593203398301,NA
325,Bafog,Protium,stevensonii,8.232,1.06,43.88,0.139,NA,0.2002,0.38961038961039,0.173676323676324,0.210564102564103,1.93115821678322,0.208276723276723,3.43834394177251,1.68532592407592,2.63976038247467,2.54358138528139,2.9003663003663,3.14537752247752,0,9.61038961038961,44.3267982017982,4.95429570429571,NA
326,Bafog,Protium,stevensonii,7.838,1.24,43.99,0.132,NA,0.1999,0.562781390695348,0.224737368684342,0.450850091712523,2.65291583291646,0.112191095547774,5.85220838990924,0.532027263631816,4.32456242406918,7.31566363181591,6.88671002167751,5.44310945472736,0,12.9364682341171,45.0286393196598,18.4742371185593,NA
327,Bafog,Virola,michelii,8.016,2.49,53.34,0.451,NA,0.2002,0.668331668331669,0.107642357642358,0.189060606060606,3.86971965534466,0.100834165834166,7.25702526045383,1.83942182817183,5.5251250178393,0.897754711954712,12.3234432234432,4.88542247752248,0,26.3186813186813,82.6934315684316,18.5964035964036,NA
328,Bafog,Gustavia,hexapetala,8.261,1.88,48.39,0.355,NA,0.2002,0.571928071928072,0.207817182817183,0.0331864801864802,4.96362574925075,0.252282717282717,19.8644178678464,0.260250999000999,5.96468545739974,1.96628118548119,5.96230436230436,2.39894395604396,0,31.6758241758242,599.876248751249,15.3146853146853,NA
329,Bafog,Virola,surinamensis,8.163,1.59,50.57,0.236,Echantillon rebroyé,0.2004,0.69311377245509,0.100798403193613,0.207833998669328,5.57094748003992,0.108018962075848,10.7976869118905,0.151358532934132,8.21921171941831,1.41303140385895,11.7846972721224,2.27252285429142,0,39.8627744510978,86.9522205588823,18.6576846307385,NA
330,Bafog,Chrysophyllum,prieurii,7.636,1.17,52.25,0.222,Echantillon rebroyé,0.1996,0.426402805611222,0.200075150300601,0.105936539746159,2.76411761022044,0.232199398797595,6.78785800171772,1.02330786573146,3.59383781849413,7.2846751503006,4.83794255177021,4.68208206412826,0,14.8947895791583,76.0782815631263,7.71292585170341,NA
331,Bafog,Virola,surinamensis,7.89,1.71,52.26,0.18,NA,0.2,0.8525,0.077375,0.158949666666667,2.926089375,0.051085,9.21928228571429,0.14711125,14.1106501428571,1.19057246666667,12.9432666666667,2.5211329,0,75.25,69.126125,31.535,NA
332,Bafog,Pterocarpus,officinalis,7.753,2.88,52.34,0.15,NA,0.2005,1.19800498753117,0.139925187032419,0.0659098919368246,3.04397942643391,0.0774912718204489,5.251154399715,0.161008728179551,7.67645899536872,2.91641891936825,6.01323358270989,1.3686412967581,0,43.4812967581047,58.0809226932668,17.8204488778055,NA
333,Bafog,Iryanthera,hostmannii,7.772,1.58,54.21,0.149,NA,0.1999,0.679339669834917,0.0909704852426213,0.128864098716025,1.37827851425713,0.104487243621811,5.02179318230544,0.0930077538769384,6.31880954763096,1.6238543938636,8.61007170251792,1.46261420710355,0,27.1660830415208,44.6984742371186,19.4947473736868,NA
334,Bafog,Symphonia,globulifera,7.951,1.38,48.91,0.554,NA,0.1999,0.586793396698349,0.0469709854927464,0.0362778055694514,3.77747811405703,0.061815907953977,12.7906776245265,1.11531890945473,13.2572787822483,0.959157045189261,5.05579456394864,1.16515547773887,0,84.4422211105553,75.613931965983,22.8514257128564,NA
335,Bafog,Pterocarpus,officinalis,8.08,2.62,52.01,0.179,NA,0.2001,1.26086956521739,0.376911544227886,0.0219087123105114,1.81868003498251,0.629570214892554,1.20667894624117,0.157232633683158,12.9041980438352,9.50646923205064,13.2591370981176,2.32530024987506,0,82.8585707146427,9.58133433283358,17.5412293853073,NA
336,Bafog,Symphonia,globulifera,7.899,1.24,47.32,0.613,NA,0.1997,0.534301452178267,0.135127691537306,0.0303051243531965,3.15482160741112,0.141196795192789,15.357318263109,1.42314596895343,16.1598899778239,3.54767898514438,3.75389751293607,1.26078407611417,0,81.4722083124687,92.564972458688,23.21482223335,NA
337,Bafog,Symphonia,globulifera,8.013,1.25,47.65,0.602,NA,0.2004,0.583333333333333,0.107659680638723,0.0279787092481703,2.84789358782435,0.127829341317365,13.9863096663815,1.43638847305389,17.1862775876818,2.19508978709248,4.00026613439787,1.03749291417166,0,79.3912175648703,65.4452345309381,23.3083832335329,NA
338,Bafog,Pterocarpus,officinalis,8.119,2.78,51.53,0.172,NA,0.1997,1.09163745618428,0.142689033550326,0.0969701218494408,2.7186673760641,0.122218327491237,3.55411345589813,0.165759889834752,16.7908363974533,2.45876311133367,7.60968118844934,1.25097436154231,0,103.50525788683,30.8473960941412,19.4341512268403,NA
339,Bafog,Virola,surinamensis,7.875,1.72,50.84,0.266,NA,0.2005,0.85286783042394,0.076783042394015,0.283914879467997,2.79410411471322,0.084124688279301807,10.7324511578197,0.0469937655860349,10.1602495190595,1.03801243557772,13.3299418121363,3.24934952618454,0,52.0598503740648,72.8938902743142,14.7032418952618,NA
340,Bafog,Tachigali,melinonii,8.137,3.29,52.82,0.139,NA,0.2003,0.72291562656016,0.124962556165751,0.210983191878848,1.48436283075387,0.113165252121817,5.42115055987448,0.120830004992511,5.96170758148492,1.7592336162423,8.36322183391579,1.78332790813779,0,44.2910634048927,38.0640289565652,11.5676485272092,NA
341,Bafog,Pterocarpus,officinalis,8.122,2.86,52.15,0.177,NA,0.1996,1.19839679358717,0.211297595190381,0.040310287241149,1.79618173847695,0.114413827655311,1.305393071858,0.0606325150300601,14.5647797022617,2.82299595858383,13.2798263193053,1.89315921843687,0,92.3847695390782,8.36285070140281,27.2645290581162,NA
342,Bafog,Pterocarpus,officinalis,8.075,3.35,52.44,0.184,NA,0.1999,1.11955977988995,0.136618309154577,0.043826579956645,1.59338606803402,0.0927313656828414,1.83770113628243,0.0586405702851426,15.0531767312228,5.66627226946807,8.31242287810572,3.5173715857929,0,71.4357178589295,17.8650575287644,30.6453226613307,NA
343,Bafog,Laetia,procera,8.065,1.5,43.3,0.112,NA,0.1996,0.688877755511022,0.0785070140280561,0.0786319305277221,2.72754446392786,0.128441883767535,5.61551331233897,1.10897920841683,10.7020542513599,1.26695136940548,5.54435537742151,1.29293376753507,0,39.877254509018,61.1985220440882,8.55961923847695,NA
344,Bafog,Laetia,procera,8.429,1.63,57.95,0.142,NA,0.1998,0.748748748748749,0.107682682682683,0.0656903570236903,3.36595533033033,0.137772772772773,8.64292521092521,0.941702952952953,7.84349363649364,2.43901648314982,5.15342008675342,1.19314104104104,0,20.6506506506506,99.2253503503503,12.5575575575576,NA
345,Bafog,Virola,surinamensis,8.445,1.25,52.05,0.154,NA,0.1997,0.688032048072108,0.123109664496745,0.11259355700217,2.50534739609414,0.271492238357536,8.8775986837399,0.0752741612418628,10.0557337434724,1.31746866967117,10.2786846937072,2.06379859789685,0,52.1031547320982,60.5669754631948,22.6089133700551,NA
346,Bafog,Symphonia,globulifera,8.318,1.68,49.11,0.512,NA,0.2002,0.683316683316683,0.0828171828171828,0.045019647019647,1.84524413086913,0.118616383616384,17.0122700156986,0.640121128871129,12.4831669758813,1.10429317349317,3.99427239427239,0,0,43.1993006993007,92.6334915084915,39.7052947052947,NA
347,Bafog,Symphonia,globulifera,8.025,1.38,49.3,0.504,NA,0.1998,0.527527527527528,0.105855855855856,0.0365712379045712,2.95154091591592,0.140425425425425,12.2865688545689,0.651913163163163,10.3960461890462,2.60114861528195,3.67694361027694,1.0296975975976,0,38.1631631631632,73.6998248248248,25.6406406406406,NA
348,Bafog,Pterocarpus,officinalis,8.016,3.27,51.75,0.167,NA,0.1997,1.14922383575363,0.113945918878317,0.0726336170923051,3.58596832749124,0.135888833249875,6.0133022390729,0.250587130696044,13.941562486587,1.24908108829912,9.159505925555,0.890728993490235,0,87.8317476214322,49.8183525287932,20.3204807210816,NA
349,Bafog,Symphonia,globulifera,8.431,1.56,48.48,0.624,Echantillon rebroyé,0.2,0.754,0.084,0.0368496666666667,3.175089375,0.117985,12.1092822857143,0.73976125,17.8956501428571,1.58571746666667,7.28326666666667,1.1367079,0,105.5,49.806125,38.575,NA
350,Bafog,Iryanthera,hostmannii,7.747,1.96,53.86,0.189,NA,0.2002,0.739260739260739,0.0686313686313686,0.140559107559108,2.18890047452547,0.0935414585414585,5.18409818752676,0.0980132367632368,7.99765249036678,0.593933533133533,11.6865800865801,1.54888401598402,0,39.2332667332667,59.7663586413587,22.0529470529471,NA
351,Bafog,Vouacapoua,americana,8.393,2.12,53.14,0.128,NA,0.2001,0.774112943528236,0.109845077461269,0.0933779776778278,0.94811531734133,0.143413293353323,1.89933261940458,0.547987256371814,4.04262882844292,1.29604944194569,11.7948692320506,2.76924827586207,1.33977261369315,10.9245377311344,21.4304097951024,19.3803098450775,NA
352,Bafog,Dicorynia,guianensis,7.805,2.57,53.35,0.139,NA,0.2003,0.874687968047928,0.0861707438841737,0.0371139956731569,0.734986894658013,0.0741737393909136,1.2059733257257,0.355727658512232,6.03659524998217,2.77587115992678,7.30231319687136,1.145859111333,0,25.7838242636046,11.1244383424863,9.75037443834249,NA
353,Bafog,Vouacapoua,americana,8.035,2.13,54.01,0.143,NA,0.1999,0.772886443221611,0.181690845422711,0.166307820576955,1.17767821410705,0.212441220610305,2.59758107625241,0.436129314657329,2.77378703637533,4.14393610138403,16.386459896615,2.02357468734367,0,10.3301650825413,33.1326913456728,20.0550275137569,NA
354,Bafog,Virola,michelii,8.415,2.17,53.16,0.364,NA,0.2002,0.55944055944056,0.0992257742257742,0.246253413253413,3.29679258241758,0.106528471528472,6.64763465106322,1.43882242757243,4.06708305979735,1.29114132534133,9.44881784881785,7.97451338661339,0,10.8941058941059,68.0580669330669,23.2017982017982,NA
355,Bafog,Conceveiba,guianensis,8.105,2.14,48.04,0.229,Echantillon rebroyé,0.2005,0.68927680798005,0.344114713216958,0.0337004156275977,2.15370511221945,0.291256857855362,3.63918432490203,7.33691895261845,4.80763106519416,21.3579775228595,15.2227098919368,7.77874104738155,0,23.1296758104738,41.6420199501247,33.002493765586,Na revérifié sur un replicat de minéralisation de l'échantillon
356,Bafog,Iryanthera,sagotiana,7.792,1.8,53.19,0.245,NA,0.2004,0.528942115768463,0.123428143712575,0.148802062541584,5.49609718063872,0.152330339321357,5.31365497576276,2.06937250499002,3.64560892500713,1.30162421823021,9.85355954757152,5.9752873253493,0,9.24650698602795,63.9482285429142,18.373253493014,NA
357,Bafog,Gustavia,hexapetala,7.939,2.07,49.56,0.374,NA,0.2004,0.555389221556886,0.112724550898204,0.0406783100465735,10.8453985778443,0.14439620758483,13.2178465925292,1.08808507984032,4.06651710863986,1.04146952761144,5.05316034597472,2.35725339321357,0,15.9331337325349,248.129865269461,25.5688622754491,NA
358,Bafog,Vouacapoua,americana,8.318,2.66,54.3,0.142,NA,0.2,1.2605,0.08985,0.0379996666666667,0.944589375,0.092685,1.01128228571429,0.35566125,7.87065014285714,3.74552496666667,6.52826666666667,2.0357679,0,33.1425,10.666125,26.755,NA
359,Bafog,Conceveiba,guianensis,7.996,1.3,47.23,0.097,NA,0.1999,0.560780390195098,0.103351675837919,0.159929631482408,2.09813844422211,0.134702351175588,17.7031338526406,0.199410955477739,3.24327177874652,1.57395944638986,4.36544939136235,0.963184492246123,0,0,149.801025512756,10.8604302151076,NA
360,Bafog,Bocoa,prouacensis,7.965,2.47,55.85,0.157,Echantillon rebroyé,0.2002,0.481618381618382,0.195854145854146,0.152472194472195,2.93715222277722,0.248286713286713,2.66361866704724,1.32693431568432,2.94920094191523,1.69663083583084,3.3998667998668,2.75217572427573,0,12.6673326673327,30.4556693306693,10.5994005994006,NA
361,Bafog,Virola,michelii,7.681,2.17,51.92,0.288,NA,0.2,0.6795,0.098025,0.340424666666667,2.869089375,0.129385,7.72928228571429,1.31676125,3.25190014285714,1.26343246666667,14.4457666666667,6.9391879,0,9.225,78.126125,19.505,NA
362,Bafog,Iryanthera,sagotiana,8.487,1.69,54.55,0.176,NA,0.2004,0.589820359281437,0.142065868263473,0.149700266134398,3.62034867764471,0.242225548902196,4.04219788993442,1.61503118762475,5.72420173937839,1.15988270126414,9.76124417831005,4.36441407185629,0,16.7564870259481,36.6727794411178,18.7624750499002,NA
363,Bafog,Casearia,javitensis,8.111,1.61,52.63,0.116,NA,0.2,0.47735,0.122125,0.0413896666666667,2.133589375,0.167035,6.84428228571429,0.25636125,3.22965014285714,3.43965246666667,10.5507666666667,1.7265829,0,8.985,74.426125,16.545,NA
364,Bafog,Vouacapoua,americana,8.138,2.23,52.82,0.155,NA,0.1999,0.736368184092046,0.123461730865433,0.21090511922628,1.78548211605803,0.146508254127064,3.12384420781819,0.52102176088044,3.79704866719074,1.5826487910622,10.1758545939636,1.56411995997999,0,11.5257628814407,41.0566533266633,27.1435717858929,NA
365,Bafog,Bocoa,prouacensis,8.331,2.12,55.71,0.176,Echantillon rebroyé,0.1999,0.320610305152576,0.115332666333167,0.102325829581457,2.17017446223112,0.143306653326663,2.33244850996927,1.6350787893947,1.94512270420925,1.08465979656495,2.21187260296815,2.54860220110055,0,6.50325162581291,25.7790145072536,8.59429714857429,NA
366,Bafog,Vouacapoua,americana,8.495,2.47,53.39,0.144,NA,0.2003,0.927608587119321,0.112606090863704,0.485196871359627,1.0934492011982,0.119505741387918,3.96633278653448,0.633810534198702,4.92276599386634,2.49274085538359,10.113097021135,2.41052211682476,0,24.1637543684473,57.8393659510734,25.3469795307039,NA
367,Bafog,Virola,michelii,7.752,2.24,49.62,0.31,NA,0.2003,0.73040439340988506,0.0906889665501747,0.301322682642703,3.76693896655017,0.100384423364953,7.39818500820198,1.2448939091363,4.17988032237358,1.0874562822433,13.7351639207855,3.95702735896156,0,19.136295556665,79.8064153769346,16.4303544682976,NA
368,Bafog,Chrysophyllum,prieurii,7.689,1.24,54.82,0.199,NA,0.2,0.436125,0.08915,0.0823246666666667,1.289589375,0.124285,2.94828228571429,1.44401125,2.36215014285714,0.844207466666667,3.49326666666667,1.4631779,0,8.58,9.281125,6.8125,NA
369,Bafog,Gustavia,hexapetala,8.275,2.5,46.55,0.43,Echantillon rebroyé,0.2003,0.798302546180729,0.111932101847229,0.0221963721085039,7.10642973040439,0.0919470793809286,13.578913914842,0.339651772341488,9.59126324798516,5.54089445831253,8.06616741554335,3.95841527708437,0,51.5002496255617,285.048552171742,31.2680978532202,NA
370,Bafog,Gustavia,hexapetala,8.023,1.87,46.02,0.437,NA,0.2005,0.508728179551122,0.176483790523691,0.022792684954281,4.47091209476309,0.202778054862843,12.0441718560741,0.558365336658354,8.31985051656573,3.96800578553616,5.94839567747299,2.32063630922693,0,37.431421446384,239.826558603491,16.0099750623441,NA
371,Bafog,Jacaranda,copaia,7.732,2.78,55.24,0.289,Echantillon rebroyé,0.2002,0.705294705294705,0.0967532467532467,0.0327069597069597,2.44314622877123,0.113271728271728,3.74303924646782,1.56894230769231,3.02337676609105,2.10094901764902,17.103663003663,2.10417872127872,0,5.56443556443557,35.9102147852148,14.1958041958042,NA
372,Bafog,Bocoa,prouacensis,7.887,2.53,52.56,0.145,Echantillon rebroyé,0.1995,0.840100250626566,0.0820802005012531,0.0369821219715957,1.40510213032582,0.101889724310777,0.62233813104189,1.19424686716792,7.51443623344075,2.01185209690894,2.90653299916458,1.33230365914787,0,32.8421052631579,6.19661654135338,9.76441102756892,NA
373,Bafog,Bocoa,prouacensis,8.001,2.62,54.14,0.142,NA,0.2001,0.521739130434783,0.122838580709645,0.100674329501916,2.04606634182909,0.139465267366317,1.83686385378739,1.06872688655672,4.09910059256086,2.51676158587373,2.26263534899217,1.57308635682159,0,12.8935532233883,18.2470014992504,6.85657171414293,NA
374,Bafog,Chrysophyllum,prieurii,8.395,1.42,52.01,0.183,NA,0.1996,0.475901803607214,0.108016032064128,0.187624916499666,2.35630197895792,0.115966933867735,5.71571371314057,0.54735596192384794,2.56828671628972,1.51945637942552,5.03333333333333,1.14262815631263,0,8.49699398797595,40.7075400801603,10.4609218436874,NA
375,Bafog,Virola,michelii,7.974,1.72,55.05,0.459,NA,0.1998,0.543543543543544,0.176826826826827,0.108983650316984,2.8354247997998,0.290675675675676,3.3336159016159,1.52128253253253,3.5111613041613,1.85730977644311,7.49075742409076,3.20794584584585,0,8.75375375375375,44.7934184184184,14.3993993993994,NA
376,Bafog,Chrysophyllum,prieurii,8.274,1.13,54.11,0.144,Echantillon rebroyé,0.2,0.41855,0.261175,0.123749666666667,2.025089375,0.360835,4.83228228571429,0.88376125,2.17415014285714,1.28420746666667,5.52826666666667,2.0824779,0,5.39,27.336125,7.4025,NA
377,Bafog,Bocoa,prouacensis,8.346,0.96,48.17,0.272,NA,0.1996,0.360170340681363,0.0732214428857716,0.0172140948563794,2.93145227955912,0.093371743486974,4.60549327225881,2.64304734468938,3.99488992270255,1.97492732130929,3.28984635938544,5.03881553106212,0,10.561122244489,58.9440130260521,6.27004008016032,NA
378,Bafog,Virola,michelii,7.734,1.95,55.28,0.315,NA,0.2005,0.561596009975062,0.0601745635910225,0.176832585203658,3.39809413965087,0.0775910224438903,4.91050602066263,0.872081047381546,2.90413979337371,0.593209443059019,8.73642560266002,2.76342932668329,0,9.5860349127182,61.0734413965087,13.7955112219451,NA
379,Bafog,Gustavia,hexapetala,8.334,2.01,43.17,0.256,NA,0.1998,0.573573573573574,0.145745745745746,0.0535782449115782,8.1402296046046,0.151486486486486,12.451734019734,0.344956206206206,5.57122136422136,2.43678174841508,7.67093760427094,3.86643933933934,0,24.3168168168168,260.987112112112,17.0820820820821,NA
380,Bafog,Casearia,javitensis,7.865,1.49,57.16,0.12,NA,0.1999,0.384692346173087,0.0884692346173087,0.0396444889111222,2.32875375187594,0.116443221610805,8.31844150646752,0.56454352176088,2.48689358965197,1.4026688010672,7.65209271302318,1.80008294147074,0,7.11355677838919,115.183716858429,11.6308154077039,NA
381,Bafog,Vouacapoua,americana,8.185,2.37,49.59,0.141,NA,0.1998,0.771534727034727,0.186659359359359,0.169950583917251,1.15927160493827,0.198742075408742,2.57802135468802,0.747842008675342,3.60422957572958,1.63044828919829,8.73937270603937,1.87021287954621,0,9.82482482482482,34.055972639306,31.5265265265265,NA
382,Bafog,Bocoa,prouacensis,8.483,2.38,55.82,0.155,Echantillon rebroyé,0.2003,0.428220861016168,0.16387688467299,0.094014611416209,2.49037676818106,0.168690297886504,2.36289898485605,1.07997420535863,3.80966085487154,0.892119661416965,2.43947412215011,3.16809552338159,0,15.8761857214179,29.2405558329173,10.9186220668997,NA
383,Bafog,Chrysophyllum,prieurii,7.758,1.28,53.12,0.159,Echantillon rebroyé,0.1996,0.388665523354401,0.162347394789579,0.054664963259853,1.94600434201737,0.188219772879092,2.82409151636607,3.01011439545758,2.76715966548482,0.553941223355803,5.47408149632599,2.08231229124917,0,8.70240480961924,13.5440046760187,10.814128256513,NA
384,Bafog,Tachigali,melinonii,7.769,3.3,50.54,0.141,NA,0.2005,0.78430243621715,0.115533865336658,0.380504372402328,2.31831654197839,0.118621778886118,6.40293599334996,0.387774729842061,8.8913968540188,1.97807764679211,16.4594846217789,1.30553383208645,0,50.284289276808,35.837323358271,19.8204488778055,NA
385,Bafog,Laetia,procera,8.373,2.08,53.29,0.133,NA,0.2002,1.01025293936832,0.164058641358641,0.0796260073260073,1.19841391941392,0.220947385947386,3.73995337995338,1.82202214452214,7.76585948666718,1.6719209199891,6.35677655677656,1.72630636030636,0,21.0489510489511,57.8865301365302,26.3936063936064,NA
386,Bafog,Tachigali,melinonii,8.132,2.82,52.93,0.107,NA,0.1995,0.728083400809717,0.0993961904761905,0.252837727652464,1.43469908103592,0.173777777777778,4.15432915622389,0.148866332497911,6.77556425679583,1.07547151970836,12.2136675020886,1.67017811194653,0,36.0827067669173,33.4981620718463,16.4912280701754,NA
387,Bafog,Gustavia,hexapetala,7.768,2.25,49.16,0.492,NA,0.2,0.655263192307692,0.1689477,0.0219606333333333,5.38661233333333,0.276793333333333,13.8239433333333,0.356194166666667,6.46862534615385,4.07156950757576,6.29313333333333,1.64685266666667,0,28.87,418.444416666667,48.41,NA
388,Bafog,Gustavia,hexapetala,8.057,1.89,49.66,0.313,NA,0.1999,0.626076230422904,0.172809104552276,0.0330171419042855,6.19470968817742,0.36365015841254,9.42865766216441,0.393140737035184,9.23824446838804,2.62565066624221,7.83455060863765,3.2434844088711,0,58.1290645322661,243.916374854094,24.0120060030015,NA
389,Bafog,Pterocarpus,officinalis,7.766,2.85,50.16,0.16,NA,0.1999,1.24738688575057,0.243394397198599,0.111336301484075,1.72397432049358,0.234685676171419,4.63776221444055,0.0406144739036185,15.4763635279178,1.12054811496657,4.43034850758713,1.36803668500917,0,67.7338669334667,38.9038686009672,29.0645322661331,NA
390,Bafog,Conceveiba,guianensis,8.261,2.08,49.22,0.117,NA,0.2002,0.877885307000692,0.0745981018981019,0.0881674658674659,1.97263969363969,0.142600732600733,11.2776656676657,0.212631535131535,5.00611922692692,1.79414369721188,6.6964368964369,0.642240426240426,0,10.5294705294705,71.6227938727939,13.7662337662338,NA
391,Bafog,Symphonia,globulifera,8.004,1.67,47.9,0.641,NA,0.1999,0.738132258436911,0.0789871935967984,0.0298955811238953,2.68595531098883,0.166076371519093,11.7998432549608,1.12715774553944,13.9906206564821,1.49981774978398,6.19122894780724,1.33768650992163,0,59.4297148574287,86.9378856094714,28.9294647323662,NA
392,Bafog,Pterocarpus,officinalis,7.829,3.52,52.21,0.241,NA,0.2005,1.20774383272588,0.180995211970075,0.160329808811305,2.87941379883624,0.202287614297589,6.5126616791355,0.0777996674979219,13.5647135622482,1.25804024030832,15.0455195344971,5.99774330839568,0,68.6783042394015,57.7001662510391,47.9052369077307,NA
393,Bafog,Virola,michelii,8.324,1.62,45.32,0.158,Echantillon rebroyé,0.1998,0.577340532840533,0.156253953953954,0.0590146479813147,6.95857090423757,0.268661995328662,17.081024357691,0.312806973640307,4.81243778393778,1.90019553644554,12.4455789122456,6.02371137804471,0,15.2252252252252,151.996413079746,18.6336336336336,NA
394,Bafog,Laetia,procera,8.33,2.22,54.81,0.225,NA,0.2005,0.937419643199693,0.120496458852868,0.0498809310058188,2.07243125519535,0.151040731504572,8.16353449709061,2.04298669991687,6.53728214080184,1.68846168669236,8.40212801330008,1.15536924355777,0,16.7182044887781,104.832335827099,18.6134663341646,NA
395,Bafog,Chrysophyllum,prieurii,8.487,1.62,50.29,0.148,NA,0.2002,0.67658660570199,0.18766003996004,0.198881751581752,1.84926307026307,0.301017316017316,6.18276057276057,0.151542624042624,2.94542991623761,0.982120720188902,6.74638694638695,1.08444322344322,0,8.9010989010989,31.5628538128538,15.4845154845155,NA
396,Bafog,Jacaranda,copaia,8.381,2.02,50.57,0.198,Echantillon rebroyé,0.1996,0.589943078464622,0.418384468937876,0.0326659652638611,3.54720674682699,0.358986305945224,5.61016366065464,1.38937291249165,2.84256046708802,1.12469473036983,12.6434201736807,1.35532331329325,0,6.23246492985972,78.2008183032732,16.4529058116233,NA
397,Bafog,Virola,michelii,8.051,2.12,49.84,0.339,NA,0.1998,0.731494686994687,0.0978705705705706,0.231311945278612,2.56317550884218,0.162330663997331,5.71966299632966,1.21530947614281,5.98460995610996,0.554963304213304,14.4200533867201,4.36913179846513,0,26.4089089089089,47.6720887554221,20.6356356356356,NA
398,Bafog,Virola,michelii,7.823,1.78,53.09,0.369,NA,0.2,0.593263192307692,0.1392977,0.631955633333334,1.86911233333333,0.166318333333333,8.38894333333333,0.957094166666667,4.99112534615385,1.81704284090909,9.71813333333333,3.38613266666667,0,15.18,56.0444166666667,23.53,NA
399,Bafog,Virola,surinamensis,8.344,2,53.41,0.393,NA,0.2002,0.804458733574118,0.0873603396603397,0.366788844488845,6.25535697635698,0.142151182151182,12.646297036297,0.109484681984682,10.7378874586952,1.58876407683226,11.4441891441891,2.15337928737929,0,36.4485514485515,107.38702963703,19.2807192807193,NA
400,Bafog,Symphonia,globulifera,7.633,1.68,48.73,0.377,NA,0.1997,0.487895034859982,0.140683725588383,0.0293396427975296,6.08073343348356,0.23497078951761,9.98892672341846,1.78151644132866,3.26552363160125,1.54191070696955,4.96558170589217,2.2591213486897,0,12.6990485728593,91.8822400267067,16.9003505257887,NA
401,Bafog,Conceveiba,guianensis,7.664,2.14,46.12,0.148,Echantillon rebroyé,0.2005,0.825698944945329,0.528152319201995,0.0674370407315046,2.19213200332502,0.334731504571904,6.73710058187864,0.527774729842061,4.90236942259735,11.24981330764,15.8759434746467,5.50452635078969,0,18.6334164588529,60.5430590191189,50.0249376558604,NA
402,Bafog,Conceveiba,guianensis,8.051,2.03,46.88,0.135,NA,0.2004,1.08858602026716,0.0969288423153693,0.0797461410512309,2.80101031270792,0.120926480372588,12.8432568196939,0.141161842980705,6.2112029402733,2.26442149791326,9.76610113107119,0.527377910844977,0,22.6347305389222,71.9505156353959,14.186626746507,NA
403,Bafog,Virola,michelii,7.775,2.22,55.47,0.461,NA,0.1999,0.694610497556471,0.100748074037018,0.282446856761714,2.81201834250459,0.136011339002835,6.35712189428047,0.85702267800567,6.36180624927849,2.18083575878849,12.1467066866767,4.47783658495915,0,25.6203101550775,61.0249291312323,29.43971985993,NA
404,Bafog,Tachigali,melinonii,7.923,3.35,51.51,0.151,NA,0.2004,0.637488215875941,0.103041616766467,0.296163306719894,1.57795642049235,0.13290252827678,4.8340252827678,0.198596972721224,5.63735064486412,2.29518247595718,12.2885562208916,1.31713838988689,0,26.2300399201597,32.4520126413839,13.7974051896208,NA
405,Bafog,Jacaranda,copaia,7.752,2.23,51.06,0.29,NA,0.1999,0.56004321391465,0.133664532266133,0.0392102384525596,4.62692579623145,0.282434550608638,3.69053860263465,1.97983408370852,2.3162834878978,1.20261915048433,8.66496581624145,1.75140336835084,0,2.1655827913957,54.9969151242288,16.0230115057529,NA
406,Bafog,Laetia,procera,7.886,2.37,47.35,0.152,NA,0.1999,0.938386419468755,0.124024650698603,0.0465126081170991,3.35839554224884,0.165861610113107,3.96027278775782,1.46017381902861,3.96918697220943,1.87236810469969,7.6478376580173,1.46137990685296,0,8.1437125748503,52.0403359946773,15.9880239520958,NA
407,Bafog,Laetia,procera,8.488,1.64,50.73,0.119,NA,0.2,0.625514220749191,0.158088877755511,0.0456719772879092,3.81424081496326,0.216801937207749,4.84638610554442,2.45550517702071,3.70904343301989,3.84594222535981,8.67047428189713,1.39465197060788,0,7.91082164328657,60.9162491649967,11.6182364729459,NA
408,Bafog,Tachigali,melinonii,8.276,2.76,54.3,0.118,NA,0.1996,0.682921731441971,0.113565917041479,0.257976645010828,2.0715765450608,0.144670997834416,9.60414126270198,0.194346993170082,7.47488790220275,2.77030518831493,11.0576045310678,0.497403964684325,0,49.5877061469265,42.947942695319,18.8705647176412,NA
409,Bafog,Pterocarpus,officinalis,8.417,2.74,51.05,0.142,NA,0.2004,0.913436319668356,0.259229241516966,0.121412807717898,4.08843546240852,0.340587159015303,7.03487358616101,0.190313539587492,8.32697140334715,2.73479325440029,11.3204923486361,4.10623020625416,0,52.1706586826347,61.6211743180306,15.9481037924152,NA
410,Bafog,Virola,surinamensis,7.899,2.28,50.64,0.201,NA,0.1996,0.931228806711048,0.541993696848424,0.219490378522595,5.8545396031349,0.465200933800234,13.5707286976822,0.0963923628480907,8.89307188209489,18.5208982900541,13.8525596131399,5.5758255794564,0,27.4362181090545,118.003418375855,132.116058029015,Zn revérifié sur un replicat de minéralisation de l'échantillon
411,Bafog,Pterocarpus,officinalis,8.197,3.24,51.33,0.156,NA,0.2001,1.16801117554438,0.130002695956066,0.154748510567482,2.3021590946913,0.155909469129639,8.2216109169579,0.217268264270261,15.7000752333039,3.49393443925022,11.6556498585455,0.96957829921784,0,114.378432351473,68.4916791479447,19.1612581128308,NA
412,Bafog,Virola,surinamensis,8.237,1.52,52.77,0.14,NA,0.2004,0.740763192307692,0.1583227,0.172030633333333,3.46661233333333,0.281468333333333,10.8939433333333,0.0450941666666667,7.53862534615385,3.26525784090909,12.2906333333333,2.75459766666667,0,34.415,99.6444166666667,20.265,NA
413,Bafog,Tachigali,melinonii,7.701,2.88,49.68,0.114,NA,0.1999,0.694263192307692,0.1368727,0.0916556333333333,1.48711233333333,0.200568333333333,2.21594333333333,0.587094166666667,7.54362534615385,2.36095034090909,9.43813333333333,0.887772666666667,0,40.5925,16.7094166666667,13.31,NA
414,Bafog,Iryanthera,hostmannii,8.146,1.68,51.87,0.12,NA,0.2003,0.69341648406566,0.169063168415792,0.115497884391138,2.08856804930868,0.165285690488089,7.34527069798434,0.15411710811261,7.17503782724023,6.75782559477837,8.82372147259704,2.53808862235549,0,25.7721139430285,75.3567382975179,27.9060469765117,NA
415,Bafog,Iryanthera,hostmannii,7.68,1.89,52.37,0.15,NA,0.2,0.828520411690157,0.0981255117324014,0.143740023298386,2.38703178565485,0.144851056748211,4.1587052754202,0.189909302712598,9.96367982641423,1.96369479871102,12.0201031785655,1.88130570810451,0,53.5446829755367,40.2814944250291,29.4058911632551,NA
416,Bafog,Casearia,javitensis,7.709,1.99,47.59,0.259,NA,0.2001,0.514505939338023,0.453595902048976,0.249006130268199,4.46887789438614,0.602467099783442,12.507689488589,3.69224804264534,10.0835835543767,7.57906497508821,11.5173746460103,2.36141196068632,0,40.5647176411794,85.8514909212061,29.0154922538731,NA
417,Bafog,Iryanthera,sagotiana,8.482,1.54,51.32,0.157,NA,0.2003,0.51798621298821,0.136118522216675,0.0581184556498585,4.72402629389249,0.211201531036778,2.69165584955899,1.71502163421534,2.61470329121702,2.38687752462216,10.4649359294392,5.02979297720087,0,4.02046929605592,34.6749043102014,18.4123814278582,NA
418,Bafog,Protium,stevensonii,8.015,1.47,46.42,0.171,NA,0.1997,0.672772350833943,0.109311667501252,0.101182406943749,3.61603638791521,0.15004339843098,2.97064930729428,1.7567292605575,5.94754666615308,4.69845552419539,11.1648806543148,2.11067367718244,0,16.9253880821232,22.4430812885996,16.0691036554832,NA
419,Bafog,Hymenopus,heteromorphus,8.265,1.48,52.92,0.372,Echantillon rebroyé,0.1997,0.416087323292631,0.114394291437156,0.0269710899682858,1.86040293773994,0.152797529627775,1.29388415957269,1.49583792355199,3.36567385693926,5.30486180027617,3.66863628776498,2.44617693206476,0,5.80370555833751,15.610332164914,10.6935403104657,NA
420,Bafog,Protium,stevensonii,8.139,1.66,40.36,0.183,Echantillon rebroyé,0.1997,0.732361734910057,0.712291136705058,0.0859846102487064,2.92499983308296,0.357704890669337,3.68472041395427,1.57796110832916,3.79231381687917,22.1875942322575,9.40223668836588,13.5640837923552,0,6.94041061592389,24.1856952094809,49.9699549323986,NA
421,Bafog,Protium,stevensonii,8.055,1.45,50.29,0.144,NA,0.2,0.626263192307692,0.1808477,0.130105633333333,2.82061233333333,0.217718333333333,2.70019333333333,0.206244166666667,3.46937534615385,4.78097784090909,4.96813333333333,2.12381266666667,0,4.942,30.1044166666667,9.4675,NA
422,Bafog,Protium,stevensonii,8.425,1.25,40.33,0.122,Echantillon rebroyé,0.1998,0.476264456764457,0.077325025025025,0.111041675008342,3.76737971304638,0.136004337671004,3.39008341675008,0.683277444110777,3.89577111727112,3.20737771862772,4.0672005338672,3.77947213880547,0,6.8968968968969,37.4718885552219,9.9974974974975,NA
423,Bafog,Casearia,javitensis,7.842,1.63,52.26,0.116,NA,0.2005,0.424651563399194,0.129798204488778,0.0376165918536991,2.01357838736492,0.184980881130507,6.68223773898587,0.176054031587697,2.52381580663725,2.47356642484697,5.79863674147964,1.31501014131338,0,5.07231920199501,100.792435577722,18.6084788029925,NA
424,Bafog,Casearia,javitensis,8.499,1.51,52.46,0.106,NA,0.2,0.437688192307692,0.1535477,0.0376456333333333,1.65611233333333,0.200043333333333,4.94344333333333,0.171144166666667,3.06912534615385,3.55819284090909,6.46813333333333,1.72237266666667,0,9.05,67.6444166666667,11.77,NA
425,Bafog,Chrysophyllum,prieurii,8.344,2.75,50.79,0.866,NA,0.1995,0.716554578754579,0.152904962406015,0.0852688053467001,3.6953507101086,0.215507101086049,2.7966850459482,0.230520467836257,4.09761939464045,2.02413066757804,8.85276524644945,4.78859916457811,0,8.30075187969925,29.1021720969089,28.1604010025063,NA
426,Bafog,Jacaranda,copaia,8.126,2.75,50.16,0.339,Echantillon rebroyé,0.2,0.757263192307692,0.4372477,0.0198556333333333,3.48311233333333,0.608768333333333,2.67369333333333,3.58909416666667,4.10237534615385,5.16400450757576,13.7156333333333,1.94064766666667,0,11.3,21.5319166666667,16.335,NA
427,Bafog,Hymenopus,heteromorphus,8.264,1.84,53.32,0.277,Echantillon rebroyé,0.2002,0.448889303004688,0.184313386613387,0.0381075258075258,2.72688544788545,0.137331002331002,2.74295038295038,2.14295121545122,3.35327207407977,1.00076207883026,8.56706626706627,2.85701065601066,0,8.71628371628372,59.3350815850816,14.3656343656344,NA
428,Bafog,Conceveiba,guianensis,7.707,2.03,45.71,0.132,Echantillon rebroyé,0.1998,0.75401720951721,0.121469169169169,0.0891447781114448,2.72884117450784,0.124092425759092,12.3663096429763,0.511105271938605,3.44256791406791,1.74043077168077,7.10523857190524,1.71466733400067,0,5.33533533533533,95.9904070737404,10.6956956956957,NA
429,Bafog,Casearia,javitensis,8.121,2.2,54.17,0.144,NA,0.1999,0.506016200407896,0.102223811905953,0.231321293980324,2.70296381524095,0.0876621644155411,4.17503084875771,0.653921127230282,4.99437253242006,2.22418993587703,7.56191429047857,3.70731632482908,0,10.64032016008,69.3791062197766,8.54677338669335,NA
430,Bafog,Chrysophyllum,prieurii,8.004,1.32,52.54,0.161,Echantillon rebroyé,0.1998,0.47418737968738,0.04732002002002,0.00752816149482816,0.714827160493827,0.058677010343677,0.630073406740073,1.96055472138805,4.36724258874259,0.955268109018109,4.81294627961295,1.2893970637304,0,12.7477477477477,6.73615281948615,6.94694694694695,NA
431,Bafog,Gustavia,hexapetala,8.278,2.01,48.66,0.451,NA,0.2002,0.540222969338354,0.201346353646354,0.0711344988344988,8.08852380952381,0.158085248085248,12.2916516816517,1.0240700965701,6.37225309306079,5.89714070020888,5.12800532800533,3.03141125541126,0,26.3111888111888,269.474941724942,16.8581418581419,NA
432,Bafog,Conceveiba,guianensis,8.197,2.76,44.6,0.189,Echantillon rebroyé,0.1999,1.01924394835933,0.135811888111888,0.0336619713619714,3.99961272061272,0.0551631701631702,14.0948484848485,0.13730685980686,9.24937597018366,3.29654129960948,16.274358974359,3.15483782883783,0,14.2257742257742,152.092324342324,25.6193806193806,NA
433,Bafog,Laetia,procera,8.058,1.99,51.72,0.163,NA,0.2001,0.829763192307692,0.1107977,0.0696056333333333,1.79911233333333,0.124768333333333,4.08069333333333,2.32009416666667,5.19862534615385,1.19624284090909,8.04313333333333,0.856157666666667,0,16.81,51.2694166666667,13.39,NA
434,Bafog,Tachigali,melinonii,7.828,2.95,52.43,0.136,NA,0.2001,0.754385999308038,0.147374012993503,0.271170048309179,1.62479993336665,0.129403631517575,4.98145260702982,0.113737298017658,6.40042513358705,1.3200078369906,15.0705980343162,0.931606863235049,0,38.8755622188906,30.5816258537398,9.51774112943528,NA
435,Bafog,Virola,surinamensis,7.681,1.64,52.97,0.157,NA,0.2002,0.779703784738216,0.112323053892216,0.146886859614105,2.75061111111111,0.126764803725882,9.38517298735862,0.103087990685296,9.44473587440504,0.997146048811468,8.53107119095143,1.43885994677312,0,33.248502994012,53.7369427811045,12.939121756487,NA
436,Bafog,Virola,surinamensis,8.179,1.74,51.35,0.185,Echantillon rebroyé,0.2001,0.9362950447853,0.0878287856071964,0.123044111277695,3.39741362652007,0.127504581042812,12.3277794436115,0.0451216058637348,10.4933786568254,1.39713677252283,11.592337164751,3.12164684324504,0,46.264367816092,97.9954189571881,23.4432783608196,NA
437,Bafog,Virola,surinamensis,8.21,1.79,51.67,0.186,Echantillon rebroyé,0.2004,0.844574044219254,0.124299101796407,0.0897261809713906,3.42576081170991,0.114539254823686,14.6696041250832,0.0418105455755156,14.8389474512513,0.46625832426057,8.58346640053227,4.23958848968729,0,74.3013972055888,112.669078509647,16.2275449101796,NA
438,Bafog,Tachigali,melinonii,8.326,3.49,50.33,0.135,NA,0.1995,0.795752573742047,0.129120501253133,0.467574569757728,1.98607752715121,0.124078529657477,8.86109607351713,0.183152046783626,5.55751914401388,1.365168261563,8.5845948203843,1.80584728487886,0,33.6491228070175,33.4956558061821,12.937343358396,NA
439,Bafog,Tachigali,melinonii,8.208,2.69,47.57,0.106,NA,0.2002,0.550212979328364,0.0872604395604396,0.696259373959374,1.59551681651682,0.0933250083250083,7.62631701631702,0.179864302364302,4.82554979635749,1.47698335755154,10.255377955378,1.10864901764902,0,31.3811188811189,35.9534632034632,8.67632367632367,NA
440,Bafog,Conceveiba,guianensis,7.695,2.24,50.76,0.12,Echantillon rebroyé,0.2003,1.08813099581397,0.0821245132301548,0.105647162589449,2.76796039274422,0.0697636878016309,12.2605525045765,0.22021384589782,5.43047962671377,2.50263389007398,10.0081211516059,0.475389582293227,0,19.5157264103844,69.6399567315693,13.2051922116825,NA
441,Bafog,Laetia,procera,8.361,1.77,49.88,0.119,Echantillon rebroyé,0.2001,0.762382001307039,0.0863045477261369,0.12724201232717,2.49086689988339,0.0708329168748959,5.8560153256705,1.18000416458437,8.11956556337216,1.80405081550134,4.65580543061802,2.39367582875229,0,22.3988005997001,71.4087123105114,6.50674662668666,NA
442,Bafog,Protium,stevensonii,7.907,1.5,47.74,0.193,NA,0.1997,0.669767844073803,0.0812946419629444,0.1451233183108,2.42675246202637,0.0845451510599233,4.32743448506093,1.38717492906026,8.15585913485613,2.0722587290026,6.50288766483058,2.02098915039225,0,25.8913370055083,38.3769821398765,9.72458688032048,NA
443,Bafog,Iryanthera,hostmannii,7.736,1.68,51.17,0.19,Echantillon rebroyé,0.1996,0.60046412054879,0.155007715430862,0.207445524382098,1.67846927187709,0.16622578490314,4.19884101536406,0.236066299265197,5.01164864344073,2.27109252596101,8.25965263861055,0.341711088844355,0,27.6352705410822,118.080577822311,15.2154308617234,NA
444,Bafog,Conceveiba,guianensis,8.019,1.68,48.39,0.134,NA,0.1997,0.719842956742807,0.0884804206309464,0.0700607244199633,3.08824470038391,0.0993173092972793,12.5928325822066,0.427835920547488,2.82511301567736,1.76280705148632,6.18741445501586,1.16462460357203,0,7.61141712568853,83.9703722250042,12.1331997996996,NA
445,Bafog,Protium,stevensonii,8.031,1.55,48.85,0.143,NA,0.2002,0.701561630677015,0.1227,0.149031601731602,1.48462770562771,0.133459873459873,3.43725607725608,1.39370046620047,6.62699834780604,1.41371412678231,11.4941391941392,2.37935331335331,0,17.3526473526474,25.9135031635032,9.39310689310689,NA
446,Bafog,Chrysophyllum,prieurii,8.195,2.11,47.09,0.237,Echantillon rebroyé,0.1996,0.550363920147988,0.111821342685371,0.0466288911155645,1.96804843019372,0.127272879091516,5.34964261857048,0.346787742150969,4.33354243101588,0.948903147203498,8.18450233800935,0.921911489645959,0,10.4008016032064,51.998413493654,12.3897795591182,NA
447,Bafog,Jacaranda,copaia,8.02,2.46,52.08,0.237,NA,0.2001,0.666429977319033,0.110892253873063,0.0186912876894886,3.08457004830918,0.196694985840413,2.34252207229718,1.72523155089122,2.60357355937416,1.35684941620099,15.6752956854906,1.56485024154589,0,5.81209395302349,26.4486923205064,13.4432783608196,NA
448,Bafog,Hymenopus,heteromorphus,7.739,1.8,51.7,0.31,Echantillon rebroyé,0.2,0.507263192307692,0.2173727,0.0683556333333333,2.17461233333333,0.276218333333333,1.32944333333333,1.68759416666667,2.62137534615385,2.15116534090909,7.46313333333333,5.76478766666667,0,6.315,26.4469166666667,20.845,NA
449,Bafog,Jacaranda,copaia,7.764,2.78,51.09,0.318,Echantillon rebroyé,0.2001,0.69741448506516,0.0820816591704148,0.023503881392637,2.45188639013826,0.125605530568049,2.23482592037315,1.86566133599867,3.44415326951909,0.639443619099541,15.6203231717475,1.97981775778777,0,6.94152923538231,26.2812760286523,11.224387806097,NA
450,Bafog,Jacaranda,copaia,8.476,2.02,54.35,0.239,Echantillon rebroyé,0.2002,0.477685506800891,0.38283986013986,0.0283472860472861,4.01959274059274,0.291102231102231,4.81637695637696,1.432162004662,2.089036309844,5.12646137952956,10.0106227106227,5.2645730935731,0,3.66233766233766,59.6847319347319,24.1208791208791,NA
451,Bafog,Poraqueiba,guianensis,8.229,1.2,44.76,0.139,NA,0.1998,0.562826018326018,0.0596323323323323,0.0101657991324658,2.7884007340674,0.149968301634968,1.93237570904238,0.937531698365032,3.38976511126511,2.1244547957048,4.78291624958292,0.987965632298966,0,15.8558558558559,20.3072238905572,10.9009009009009,NA
452,Bafog,Hymenopus,heteromorphus,7.992,1.69,58.59,0.284,Echantillon rebroyé,0.2,0.523763192307692,0.1362227,0.0625056333333333,1.27661233333333,0.148418333333333,1.91244333333333,1.45809416666667,5.18862534615385,5.36513784090909,5.21813333333333,4.11393766666667,0,18.53,32.1994166666667,10.5,NA
453,Bafog,Bocoa,prouacensis,8.256,2.67,54.21,0.161,Echantillon rebroyé,0.1999,0.591558971793589,0.17596068034017,0.0587350008337502,0.978101384025346,0.160823745205936,1.11700183425046,1.45482157745539,5.74649859545157,1.91392230206012,3.03615140903785,2.2702427880607,0,27.3311655827914,26.2550441887611,8.28414207103552,NA
454,Bafog,Eschweilera,coriacea,8.458,1.95,51.21,0.189,Echantillon rebroyé,0.1997,0.724349716883017,0.0793166750125188,0.0917933233183108,1.66010248706393,0.0730278751460524,2.74981806042397,0.0960382240026707,5.63207345633835,1.37727124778076,9.16437990318811,1.14301719245535,0,41.8102153229845,103.549741278585,18.64296444667,NA
455,Bafog,Poraqueiba,guianensis,8.304,1.39,51.94,0.2,Echantillon rebroyé,0.2003,0.569908329812973,0.0726387418871693,0.0211688800133134,3.89177467132634,0.145100682309869,7.70238974871027,0.875281244799468,5.97965586236031,0.524281918032043,5.69958395739724,0.637905807954735,0,23.7768347478782,110.87809951739099,8.84173739390914,NA
456,Bafog,Eschweilera,coriacea,8.071,1.99,53.87,0.259,Echantillon rebroyé,0.1999,0.622074229422404,0.163179289644822,0.13377251959313,1.4913580123395,0.134585626146407,2.35612139403035,0.288088210772053,5.14119594412591,6.80068818500159,19.5779222944806,3.60026780056695,0,28.544272136068,82.9358846089712,17.4187093546773,NA
457,Bafog,Hymenopus,heteromorphus,8.1,1.73,52.75,0.269,NA,0.2002,0.527235956351341,0.206416283716284,0.0222284049284049,1.65895337995338,0.204938394938395,1.83261072261072,1.88121295371295,3.32105429186199,5.21845272152091,9.32880452880453,2.26051714951715,0,9.79520479520479,18.4634532134532,15.7442557442557,NA
458,Bafog,Poraqueiba,guianensis,7.978,1.59,51.64,0.487,Echantillon rebroyé,0.2005,0.506995703050067,0.121892967581047,0.0566639733998338,2.25297988362427,0.130242726517041,3.1914646716542,3.34074231088944,3.04725720314598,3.37153899342553,4.28242726517041,1.99981812136326,0,22.1172069825436,59.5455527847049,13.2019950124688,NA
459,Bafog,Eschweilera,coriacea,8.427,1.38,51.24,0.164,NA,0.2002,0.619001194697087,0.0920067134268537,0.0864785905143621,2.14991215764863,0.100819973279893,2.92153640614562,0.144833834335337,2.73434403422229,1.93830444980871,10.2837007348029,0.886826319305277,0,17.0941883767535,83.4112391449566,11.5731462925852,NA
460,Bafog,Poraqueiba,guianensis,8.277,1.34,51.19,0.181,NA,0.2001,0.560543464039712,0.14692116058029,0.015253259963315,4.41431949307987,0.28421043855261,5.9869368017342,0.314351342337836,2.96635852541655,2.21985526854336,3.74000333500083,0.887211272302818,0,9.2096048024012,103.596214774054,7.98649324662331,NA
461,Bafog,Poraqueiba,guianensis,8.371,1.92,51.23,0.226,NA,0.1997,0.769378503056164,0.066664367816092,0.112924171247709,1.90915775445611,0.0732317174745961,3.0511677494586,0.144471930701316,6.18053507861454,0.964937871973104,8.07159753456605,0.736889222055639,0,44.5502248875562,80.1043644844245,14.6326836581709,NA
462,Bafog,Conceveiba,guianensis,8.172,1.96,48.94,0.137,NA,0.1996,0.895053298905503,0.127853406813627,0.138181997327989,1.87786806947228,0.119407147628591,13.0450334001336,0.287719605878424,4.65092720055495,5.42391901226696,5.71456245824983,3.48241249164997,0,10.4659318637275,89.373162992652,10.8517034068136,NA
463,Bafog,Bocoa,prouacensis,8.27,2.25,53.85,0.137,Echantillon rebroyé,0.1999,0.542720471835857,0.145277422577423,0.104850782550783,1.64147086247086,0.159658674658675,1.89554778554779,1.01058358308358,5.57804729885499,1.6739189219871,2.74738594738595,1.11581185481186,0,29.1358641358641,19.7171994671995,5.71928071928072,NA
464,Bafog,Jacaranda,copaia,8.039,2.24,52.29,0.437,Echantillon rebroyé,0.2001,0.529527956285835,0.166405902951476,0.0701407036851759,2.60141303985326,0.206396531599133,6.49218942804736,1.90504669001167,2.58666868049409,2.56727397789804,16.1036851759213,1.66922728030682,0,6.91345672836418,67.4781557445389,10.680340170085,NA
465,Bafog,Jacaranda,copaia,7.925,2.04,51.67,0.357,NA,0.1996,0.578341533841534,0.13207977977978,0.0501057390724057,2.21933166499833,0.194462796129463,5.78973306639973,1.90249666333,2.49111646261646,0.906441782691783,9.82295628962295,1.56287554220888,0,7.33733733733734,75.7201368034701,12.1971971971972,NA
466,Bafog,Virola,michelii,7.664,1.72,52.16,0.333,NA,0.2002,0.603763192307692,0.1028227,0.161455633333333,2.58211233333333,0.108068333333333,4.99894333333333,0.923594166666667,3.58712534615385,0.607095840909091,9.29813333333333,7.24828766666667,0,12.455,49.7269166666667,15.485,NA
467,Bafog,Casearia,javitensis,8.179,1.46,52.29,0.137,NA,0.1999,0.428709482824867,0.131940759240759,0.057298334998335,1.93817415917416,0.135333000333,5.15378954378954,0.289654512154512,2.82080454161223,2.02637396694215,7.43070263070263,1.30533233433233,0,5.8991008991009,66.2281884781885,7.47502497502498,NA
468,Bafog,Conceveiba,guianensis,7.957,2.02,47.87,0.131,NA,0.1998,0.848384152689416,0.093030275689223,0.100882840434419,2.04973667502089,0.0830760233918129,14.5753817878028,0.218741019214703,5.21666701368807,2.48617828662565,8.54198830409357,0.451476357560568,0,6.68671679197995,110.420467836257,17.0676691729323,NA
469,Bafog,Bocoa,prouacensis,7.718,2.44,53.27,0.132,Echantillon rebroyé,0.2005,0.593778745444082,0.0630650374064838,0.0329931504571904,2.06744372402328,0.0595195344970906,1.72064172901081,0.386727348295927,7.35024972184922,1.16288812060757,2.52931005818786,1.9594889443059,0,27.9401496259352,16.2413133832086,5.25436408977556,NA
470,Bafog,Jacaranda,copaia,8.335,2.49,52.3,0.284,Echantillon rebroyé,0.2,0.602263192307692,0.1133977,0.0253456333333333,3.38411233333333,0.158743333333333,5.36394333333333,0.828094166666667,2.75712534615385,1.17578784090909,15.6906333333333,2.09509766666667,0,5.24,55.8944166666667,11.715,NA
471,Bafog,Casearia,javitensis,8.183,1.63,51.52,0.115,NA,0.2004,0.510741708889912,0.0422457085828343,0.0346812707917498,1.9751620093147,0.0411610113107119,5.25343646041251,0.105682801064538,2.82522489636112,1.03866800489929,10.5520292747838,0.704139387890885,0,7.51996007984032,85.8726713240186,6.91367265469062,NA
472,Bafog,Bocoa,prouacensis,7.865,2.19,54.52,0.16,NA,0.2,0.449813192307692,0.1046227,0.0933556333333333,2.68111233333333,0.120968333333333,4.81344333333333,0.482094166666667,3.08412534615385,1.17273034090909,1.93063333333333,1.75484266666667,0,11.61,43.3144166666667,5.6075,NA
473,Bafog,Licania,membranacea,8.369,1.7,42.62,0.283,NA,0.1996,0.378394982272237,0.163950601202405,0.0307621576486306,1.69951135604542,0.165824983299933,6.66727788911156,0.735064295257181,3.34706948512409,6.60850485061031,3.75063460253841,10.1753383433534,0,10.3406813627255,82.4092351369406,6.86372745490982,NA
